2026-07-10 12:42:55 ERROR   Encryption key file not found: C:\Learning & Development\aether_console\shared_networking\aether.key
2026-07-10 12:42:55 INFO    New encryption key generated: C:\Learning & Development\aether_console\shared_networking\aether.key
2026-07-10 12:42:55 INFO    Encryption key loaded from C:\Learning & Development\aether_console\shared_networking\aether.key
2026-07-10 12:42:55 INFO    [AUTH] Creating default credentials file
2026-07-10 12:42:56 INFO    [AUTH] Credentials saved to C:\Learning & Development\aether_console\shared_networking\credentials.json
2026-07-10 12:43:33 WARNING [AUTH] Login failed — unknown user: Medtech123
2026-07-10 12:44:28 INFO    [AUTH] Login successful: admin (role=admin)
2026-07-10 12:44:28 INFO    [AUTH] Session created for admin: 9cf7be39...
2026-07-10 14:44:01 INFO    Encryption key loaded from C:\Learning & Development\aether_console\shared_networking\aether.key
2026-07-10 14:44:01 INFO    [AUTH] Credentials loaded from C:\Learning & Development\aether_console\shared_networking\credentials.json
2026-07-10 14:44:23 INFO    [AUTH] Login successful: admin (role=admin)
2026-07-10 14:44:23 INFO    [AUTH] Session created for admin: 03b6f031...
2026-07-10 14:45:18 INFO    Encryption key loaded from C:\Learning & Development\aether_console\shared_networking\aether.key
2026-07-10 14:45:18 INFO    [AUTH] Credentials loaded from C:\Learning & Development\aether_console\shared_networking\credentials.json
2026-07-10 14:45:28 INFO    [AUTH] Login successful: admin (role=admin)
2026-07-10 14:45:28 INFO    [AUTH] Session created for admin: 8467e654...
2026-07-10 14:45:56 INFO    Encryption key loaded from C:\Learning & Development\aether_console\shared_networking\aether.key
2026-07-10 14:45:56 INFO    [AUTH] Credentials loaded from C:\Learning & Development\aether_console\shared_networking\credentials.json
2026-07-10 14:46:04 INFO    [AUTH] Login successful: admin (role=admin)
2026-07-10 14:46:04 INFO    [AUTH] Session created for admin: 6ee13163...
2026-07-10 14:51:09 INFO    [AUTH] Credentials loaded from C:\Learning & Development\aether_console\shared_networking\credentials.json
2026-07-10 14:51:09 INFO    Encryption key loaded from C:\Learning & Development\aether_console\shared_networking\aether.key
2026-07-10 14:51:09 INFO    [BROKER] Encryption enabled: Fernet (AES-128-CBC + HMAC-SHA256)
2026-07-10 14:51:09 INFO    [BROKER] Pub-Sub Broker started on 127.0.0.1:5000
2026-07-10 14:51:10 INFO    [BROKER] New connection from ('127.0.0.1', 55553)
2026-07-10 14:51:10 INFO    [AUTH] Session created for admin: 310c9e9b...
2026-07-10 14:51:10 INFO    [BROKER] Client trusted: surgeon_console (user=admin, role=admin)
2026-07-10 14:51:10 INFO    [BROKER] Handshake from 'surgeon_console' — pub=['patient_vitals'], sub=['robot_telemetry', 'connection_status', 'alerts', 'system_status']
2026-07-10 14:51:10 INFO    [BROKER] 'surgeon_console' subscribed to ['robot_telemetry', 'alerts', 'connection_status', 'system_status']
2026-07-10 14:51:10 INFO    [BROKER] New connection from ('127.0.0.1', 55546)
2026-07-10 14:51:10 INFO    [AUTH] Session created for admin: c62ec4db...
2026-07-10 14:51:10 INFO    [BROKER] Client trusted: robot_console (user=admin, role=admin)
2026-07-10 14:51:10 INFO    [BROKER] Handshake from 'robot_console' — pub=['robot_telemetry', 'alerts', 'connection_status'], sub=['patient_vitals']
2026-07-10 14:51:10 INFO    [BROKER] 'robot_console' subscribed to ['patient_vitals']
2026-07-10 14:51:10 INFO    [BROKER] New connection from ('127.0.0.1', 55554)
2026-07-10 14:51:10 INFO    [AUTH] Session created for admin: e0cddc9e...
2026-07-10 14:51:10 INFO    [BROKER] Client trusted: observer_screen (user=admin, role=admin)
2026-07-10 14:51:10 INFO    [BROKER] Handshake from 'observer_screen' — pub=[], sub=['patient_vitals', 'alerts', 'connection_status', 'system_status', 'robot_telemetry']
2026-07-10 14:51:10 INFO    [BROKER] 'observer_screen' subscribed to ['patient_vitals', 'robot_telemetry', 'alerts', 'system_status', 'connection_status']
2026-07-10 14:55:00 INFO    [AUTH] Credentials loaded from C:\Learning & Development\aether_console\shared_networking\credentials.json
2026-07-10 14:55:00 INFO    Encryption key loaded from C:\Learning & Development\aether_console\shared_networking\aether.key
2026-07-10 14:55:00 INFO    [BROKER] Encryption enabled: Fernet (AES-128-CBC + HMAC-SHA256)
2026-07-10 14:55:00 INFO    [BROKER] Pub-Sub Broker started on 127.0.0.1:5000
2026-07-10 14:55:01 INFO    [BROKER] New connection from ('127.0.0.1', 49469)
2026-07-10 14:55:01 INFO    [BROKER] New connection from ('127.0.0.1', 49470)
2026-07-10 14:55:01 INFO    [AUTH] Session created for admin: 98dae55c...
2026-07-10 14:55:01 INFO    [BROKER] Client trusted: surgeon_console (user=admin, role=admin)
2026-07-10 14:55:01 INFO    [BROKER] Handshake from 'surgeon_console' — pub=['patient_vitals'], sub=['alerts', 'connection_status', 'system_status', 'robot_telemetry']
2026-07-10 14:55:01 INFO    [BROKER] 'surgeon_console' subscribed to ['robot_telemetry', 'alerts', 'connection_status', 'system_status']
2026-07-10 14:55:01 INFO    [AUTH] Session created for admin: 1d9f3e08...
2026-07-10 14:55:01 INFO    [BROKER] Client trusted: observer_screen (user=admin, role=admin)
2026-07-10 14:55:01 INFO    [BROKER] Handshake from 'observer_screen' — pub=[], sub=['patient_vitals', 'system_status', 'connection_status', 'robot_telemetry', 'alerts']
2026-07-10 14:55:01 INFO    [BROKER] 'observer_screen' subscribed to ['patient_vitals', 'robot_telemetry', 'alerts', 'system_status', 'connection_status']
2026-07-10 14:55:01 INFO    [BROKER] New connection from ('127.0.0.1', 49471)
2026-07-10 14:55:01 INFO    [AUTH] Session created for admin: 6b0b1795...
2026-07-10 14:55:01 INFO    [BROKER] Client trusted: robot_console (user=admin, role=admin)
2026-07-10 14:55:01 INFO    [BROKER] Handshake from 'robot_console' — pub=['robot_telemetry', 'alerts', 'connection_status'], sub=['patient_vitals']
2026-07-10 14:55:01 INFO    [BROKER] 'robot_console' subscribed to ['patient_vitals']
2026-07-10 14:55:01 DEBUG   [BROKER] Routed message on topic 'connection_status' from 'robot_console' to 2 subscribers
2026-07-10 14:55:02 DEBUG   [BROKER] Routed message on topic 'patient_vitals' from 'surgeon_console' to 2 subscribers
2026-07-10 14:55:02 DEBUG   [BROKER] Routed message on topic 'robot_telemetry' from 'robot_console' to 2 subscribers
2026-07-10 14:55:03 DEBUG   [BROKER] Routed message on topic 'patient_vitals' from 'surgeon_console' to 2 subscribers
2026-07-10 14:55:03 DEBUG   [BROKER] Routed message on topic 'robot_telemetry' from 'robot_console' to 2 subscribers
2026-07-10 14:55:04 DEBUG   [BROKER] Routed message on topic 'alerts' from 'robot_console' to 2 subscribers
2026-07-10 14:55:04 DEBUG   [BROKER] Routed message on topic 'patient_vitals' from 'surgeon_console' to 2 subscribers
2026-07-10 14:55:04 DEBUG   [BROKER] Routed message on topic 'robot_telemetry' from 'robot_console' to 2 subscribers
2026-07-10 14:55:05 DEBUG   [BROKER] Routed message on topic 'patient_vitals' from 'surgeon_console' to 2 subscribers
2026-07-10 14:55:05 DEBUG   [BROKER] Routed message on topic 'robot_telemetry' from 'robot_console' to 2 subscribers
2026-07-10 14:55:06 DEBUG   [BROKER] Routed message on topic 'patient_vitals' from 'surgeon_console' to 2 subscribers
2026-07-10 14:55:06 DEBUG   [BROKER] Routed message on topic 'robot_telemetry' from 'robot_console' to 2 subscribers
2026-07-10 14:55:07 DEBUG   [BROKER] Routed message on topic 'patient_vitals' from 'surgeon_console' to 2 subscribers
2026-07-10 14:55:07 DEBUG   [BROKER] Routed message on topic 'robot_telemetry' from 'robot_console' to 2 subscribers
2026-07-10 14:55:08 DEBUG   [BROKER] Routed message on topic 'patient_vitals' from 'surgeon_console' to 2 subscribers
2026-07-10 14:55:08 DEBUG   [BROKER] Routed message on topic 'robot_telemetry' from 'robot_console' to 2 subscribers
2026-07-10 14:55:09 DEBUG   [BROKER] Routed message on topic 'patient_vitals' from 'surgeon_console' to 2 subscribers
2026-07-10 14:55:09 DEBUG   [BROKER] Routed message on topic 'robot_telemetry' from 'robot_console' to 2 subscribers
2026-07-10 14:55:10 DEBUG   [BROKER] Routed message on topic 'patient_vitals' from 'surgeon_console' to 2 subscribers
2026-07-10 14:55:10 DEBUG   [BROKER] Routed message on topic 'robot_telemetry' from 'robot_console' to 2 subscribers
2026-07-10 14:55:11 DEBUG   [BROKER] Routed message on topic 'patient_vitals' from 'surgeon_console' to 2 subscribers
2026-07-10 14:55:12 DEBUG   [BROKER] Routed message on topic 'patient_vitals' from 'surgeon_console' to 2 subscribers
2026-07-10 14:55:13 DEBUG   [BROKER] Routed message on topic 'patient_vitals' from 'surgeon_console' to 2 subscribers
2026-07-10 14:55:14 DEBUG   [BROKER] Routed message on topic 'patient_vitals' from 'surgeon_console' to 2 subscribers
2026-07-10 14:55:15 DEBUG   [BROKER] Routed message on topic 'patient_vitals' from 'surgeon_console' to 2 subscribers
2026-07-10 14:55:16 INFO    [BROKER] Client disconnected: robot_console (user=admin)
2026-07-10 14:55:16 DEBUG   [BROKER] Routed message on topic 'patient_vitals' from 'surgeon_console' to 1 subscribers
2026-07-10 14:55:17 DEBUG   [BROKER] Routed message on topic 'patient_vitals' from 'surgeon_console' to 1 subscribers
2026-07-10 14:55:18 DEBUG   [BROKER] Routed message on topic 'patient_vitals' from 'surgeon_console' to 1 subscribers
2026-07-10 14:55:19 DEBUG   [BROKER] Routed message on topic 'patient_vitals' from 'surgeon_console' to 1 subscribers
2026-07-10 14:55:20 DEBUG   [BROKER] Routed message on topic 'patient_vitals' from 'surgeon_console' to 1 subscribers
2026-07-10 14:55:21 DEBUG   [BROKER] Routed message on topic 'patient_vitals' from 'surgeon_console' to 1 subscribers
2026-07-10 14:55:22 DEBUG   [BROKER] Routed message on topic 'patient_vitals' from 'surgeon_console' to 1 subscribers
2026-07-10 14:55:23 DEBUG   [BROKER] Routed message on topic 'patient_vitals' from 'surgeon_console' to 1 subscribers
2026-07-10 14:55:23 INFO    [BROKER] Client disconnected: observer_screen (user=admin)
2026-07-10 14:55:24 DEBUG   [BROKER] Routed message on topic 'patient_vitals' from 'surgeon_console' to 0 subscribers
2026-07-10 14:55:25 DEBUG   [BROKER] Routed message on topic 'patient_vitals' from 'surgeon_console' to 0 subscribers
2026-07-10 14:55:30 INFO    [BROKER] Client disconnected: surgeon_console (user=admin)
2026-07-10 14:55:36 INFO    Encryption key loaded from C:\Learning & Development\aether_console\shared_networking\aether.key
2026-07-10 14:55:36 INFO    [AUTH] Credentials loaded from C:\Learning & Development\aether_console\shared_networking\credentials.json
2026-07-10 14:55:43 INFO    [AUTH] Login successful: admin (role=admin)
2026-07-10 14:55:43 INFO    [AUTH] Session created for admin: 519f4553...
2026-07-10 14:55:43 INFO    [BROKER] New connection from ('127.0.0.1', 49515)
2026-07-10 14:55:43 INFO    [AUTH] Session created for admin: a4bfde98...
2026-07-10 14:55:43 INFO    [BROKER] Client trusted: robot_console (user=admin, role=admin)
2026-07-10 14:55:43 INFO    [BROKER] Handshake from 'robot_console' — pub=['robot_telemetry', 'alerts', 'connection_status'], sub=['patient_vitals']
2026-07-10 14:55:43 INFO    [BROKER] 'robot_console' subscribed to ['patient_vitals']
2026-07-10 14:55:43 DEBUG   [BROKER] Routed message on topic 'connection_status' from 'robot_console' to 0 subscribers
2026-07-10 14:55:44 DEBUG   [BROKER] Routed message on topic 'robot_telemetry' from 'robot_console' to 0 subscribers
2026-07-10 14:55:45 DEBUG   [BROKER] Routed message on topic 'robot_telemetry' from 'robot_console' to 0 subscribers
2026-07-10 14:55:46 DEBUG   [BROKER] Routed message on topic 'robot_telemetry' from 'robot_console' to 0 subscribers
2026-07-10 14:55:47 DEBUG   [BROKER] Routed message on topic 'robot_telemetry' from 'robot_console' to 0 subscribers
2026-07-10 14:55:48 DEBUG   [BROKER] Routed message on topic 'robot_telemetry' from 'robot_console' to 0 subscribers
2026-07-10 14:55:49 DEBUG   [BROKER] Routed message on topic 'robot_telemetry' from 'robot_console' to 0 subscribers
2026-07-10 14:55:50 DEBUG   [BROKER] Routed message on topic 'robot_telemetry' from 'robot_console' to 0 subscribers
2026-07-10 14:55:52 DEBUG   [BROKER] Routed message on topic 'robot_telemetry' from 'robot_console' to 0 subscribers
2026-07-10 14:55:53 DEBUG   [BROKER] Routed message on topic 'robot_telemetry' from 'robot_console' to 0 subscribers
2026-07-10 14:55:54 DEBUG   [BROKER] Routed message on topic 'robot_telemetry' from 'robot_console' to 0 subscribers
2026-07-10 14:55:55 DEBUG   [BROKER] Routed message on topic 'robot_telemetry' from 'robot_console' to 0 subscribers
2026-07-10 14:55:56 DEBUG   [BROKER] Routed message on topic 'robot_telemetry' from 'robot_console' to 0 subscribers
2026-07-10 14:55:57 DEBUG   [BROKER] Routed message on topic 'robot_telemetry' from 'robot_console' to 0 subscribers
2026-07-10 14:55:58 DEBUG   [BROKER] Routed message on topic 'robot_telemetry' from 'robot_console' to 0 subscribers
2026-07-10 14:55:59 DEBUG   [BROKER] Routed message on topic 'robot_telemetry' from 'robot_console' to 0 subscribers
2026-07-10 14:56:00 DEBUG   [BROKER] Routed message on topic 'robot_telemetry' from 'robot_console' to 0 subscribers
2026-07-10 14:56:00 INFO    Encryption key loaded from C:\Learning & Development\aether_console\shared_networking\aether.key
2026-07-10 14:56:00 INFO    [AUTH] Credentials loaded from C:\Learning & Development\aether_console\shared_networking\credentials.json
2026-07-10 14:56:01 DEBUG   [BROKER] Routed message on topic 'robot_telemetry' from 'robot_console' to 0 subscribers
2026-07-10 14:56:02 DEBUG   [BROKER] Routed message on topic 'robot_telemetry' from 'robot_console' to 0 subscribers
2026-07-10 14:56:03 DEBUG   [BROKER] Routed message on topic 'robot_telemetry' from 'robot_console' to 0 subscribers
2026-07-10 14:56:04 DEBUG   [BROKER] Routed message on topic 'robot_telemetry' from 'robot_console' to 0 subscribers
2026-07-10 14:56:05 DEBUG   [BROKER] Routed message on topic 'robot_telemetry' from 'robot_console' to 0 subscribers
2026-07-10 14:56:06 DEBUG   [BROKER] Routed message on topic 'robot_telemetry' from 'robot_console' to 0 subscribers
2026-07-10 14:56:07 DEBUG   [BROKER] Routed message on topic 'robot_telemetry' from 'robot_console' to 0 subscribers
2026-07-10 14:56:08 DEBUG   [BROKER] Routed message on topic 'robot_telemetry' from 'robot_console' to 0 subscribers
2026-07-10 14:56:08 INFO    [AUTH] Login successful: admin (role=admin)
2026-07-10 14:56:08 INFO    [AUTH] Session created for admin: 9864e3a3...
2026-07-10 14:56:08 INFO    [BROKER] New connection from ('127.0.0.1', 49531)
2026-07-10 14:56:08 INFO    [AUTH] Session created for admin: 9f230274...
2026-07-10 14:56:08 INFO    [BROKER] Client trusted: observer_screen (user=admin, role=admin)
2026-07-10 14:56:08 INFO    [BROKER] Handshake from 'observer_screen' — pub=[], sub=['patient_vitals', 'system_status', 'connection_status', 'robot_telemetry', 'alerts']
2026-07-10 14:56:08 INFO    [BROKER] 'observer_screen' subscribed to ['patient_vitals', 'robot_telemetry', 'alerts', 'system_status', 'connection_status']
2026-07-10 14:56:09 DEBUG   [BROKER] Routed message on topic 'robot_telemetry' from 'robot_console' to 1 subscribers
2026-07-10 14:56:10 DEBUG   [BROKER] Routed message on topic 'robot_telemetry' from 'robot_console' to 1 subscribers
2026-07-10 14:56:11 DEBUG   [BROKER] Routed message on topic 'robot_telemetry' from 'robot_console' to 1 subscribers
2026-07-10 14:56:12 DEBUG   [BROKER] Routed message on topic 'robot_telemetry' from 'robot_console' to 1 subscribers
2026-07-10 14:56:13 DEBUG   [BROKER] Routed message on topic 'robot_telemetry' from 'robot_console' to 1 subscribers
2026-07-10 14:56:14 DEBUG   [BROKER] Routed message on topic 'robot_telemetry' from 'robot_console' to 1 subscribers
2026-07-10 14:56:15 DEBUG   [BROKER] Routed message on topic 'robot_telemetry' from 'robot_console' to 1 subscribers
2026-07-10 14:56:16 DEBUG   [BROKER] Routed message on topic 'robot_telemetry' from 'robot_console' to 1 subscribers
2026-07-10 14:56:17 DEBUG   [BROKER] Routed message on topic 'robot_telemetry' from 'robot_console' to 1 subscribers
2026-07-10 14:56:18 DEBUG   [BROKER] Routed message on topic 'robot_telemetry' from 'robot_console' to 1 subscribers
2026-07-10 14:56:19 DEBUG   [BROKER] Routed message on topic 'robot_telemetry' from 'robot_console' to 1 subscribers
2026-07-10 14:56:20 DEBUG   [BROKER] Routed message on topic 'robot_telemetry' from 'robot_console' to 1 subscribers
2026-07-10 14:56:21 DEBUG   [BROKER] Routed message on topic 'robot_telemetry' from 'robot_console' to 1 subscribers
2026-07-10 14:56:22 DEBUG   [BROKER] Routed message on topic 'robot_telemetry' from 'robot_console' to 1 subscribers
2026-07-10 14:56:23 DEBUG   [BROKER] Routed message on topic 'robot_telemetry' from 'robot_console' to 1 subscribers
2026-07-10 14:56:24 DEBUG   [BROKER] Routed message on topic 'robot_telemetry' from 'robot_console' to 1 subscribers
2026-07-10 14:56:25 DEBUG   [BROKER] Routed message on topic 'robot_telemetry' from 'robot_console' to 1 subscribers
2026-07-10 14:56:26 DEBUG   [BROKER] Routed message on topic 'robot_telemetry' from 'robot_console' to 1 subscribers
2026-07-10 14:56:27 DEBUG   [BROKER] Routed message on topic 'robot_telemetry' from 'robot_console' to 1 subscribers
2026-07-10 14:56:28 DEBUG   [BROKER] Routed message on topic 'robot_telemetry' from 'robot_console' to 1 subscribers
2026-07-10 14:56:29 DEBUG   [BROKER] Routed message on topic 'robot_telemetry' from 'robot_console' to 1 subscribers
2026-07-10 14:56:30 DEBUG   [BROKER] Routed message on topic 'robot_telemetry' from 'robot_console' to 1 subscribers
2026-07-10 14:56:31 DEBUG   [BROKER] Routed message on topic 'robot_telemetry' from 'robot_console' to 1 subscribers
2026-07-10 14:56:32 DEBUG   [BROKER] Routed message on topic 'robot_telemetry' from 'robot_console' to 1 subscribers
2026-07-10 14:56:33 DEBUG   [BROKER] Routed message on topic 'robot_telemetry' from 'robot_console' to 1 subscribers
2026-07-10 14:56:33 INFO    Encryption key loaded from C:\Learning & Development\aether_console\shared_networking\aether.key
2026-07-10 14:56:33 INFO    [AUTH] Credentials loaded from C:\Learning & Development\aether_console\shared_networking\credentials.json
2026-07-10 14:56:34 DEBUG   [BROKER] Routed message on topic 'robot_telemetry' from 'robot_console' to 1 subscribers
2026-07-10 14:56:35 DEBUG   [BROKER] Routed message on topic 'robot_telemetry' from 'robot_console' to 1 subscribers
2026-07-10 14:56:36 DEBUG   [BROKER] Routed message on topic 'robot_telemetry' from 'robot_console' to 1 subscribers
2026-07-10 14:56:37 DEBUG   [BROKER] Routed message on topic 'robot_telemetry' from 'robot_console' to 1 subscribers
2026-07-10 14:56:38 DEBUG   [BROKER] Routed message on topic 'robot_telemetry' from 'robot_console' to 1 subscribers
2026-07-10 14:56:39 INFO    [AUTH] Login successful: admin (role=admin)
2026-07-10 14:56:39 INFO    [AUTH] Session created for admin: 340cbedd...
2026-07-10 14:56:39 DEBUG   [BROKER] Routed message on topic 'robot_telemetry' from 'robot_console' to 1 subscribers
2026-07-10 14:56:39 INFO    [BROKER] New connection from ('127.0.0.1', 49552)
2026-07-10 14:56:39 INFO    [AUTH] Session created for admin: 382a9fc9...
2026-07-10 14:56:39 INFO    [BROKER] Client trusted: surgeon_console (user=admin, role=admin)
2026-07-10 14:56:39 INFO    [BROKER] Handshake from 'surgeon_console' — pub=['patient_vitals'], sub=['alerts', 'connection_status', 'system_status', 'robot_telemetry']
2026-07-10 14:56:39 INFO    [BROKER] 'surgeon_console' subscribed to ['robot_telemetry', 'alerts', 'connection_status', 'system_status']
2026-07-10 14:56:40 DEBUG   [BROKER] Routed message on topic 'robot_telemetry' from 'robot_console' to 2 subscribers
2026-07-10 14:56:40 DEBUG   [BROKER] Routed message on topic 'patient_vitals' from 'surgeon_console' to 2 subscribers
2026-07-10 14:56:41 DEBUG   [BROKER] Routed message on topic 'robot_telemetry' from 'robot_console' to 2 subscribers
2026-07-10 14:56:41 DEBUG   [BROKER] Routed message on topic 'patient_vitals' from 'surgeon_console' to 2 subscribers
2026-07-10 14:56:42 DEBUG   [BROKER] Routed message on topic 'robot_telemetry' from 'robot_console' to 2 subscribers
2026-07-10 14:56:42 DEBUG   [BROKER] Routed message on topic 'patient_vitals' from 'surgeon_console' to 2 subscribers
2026-07-10 14:56:43 DEBUG   [BROKER] Routed message on topic 'robot_telemetry' from 'robot_console' to 2 subscribers
2026-07-10 14:56:43 DEBUG   [BROKER] Routed message on topic 'patient_vitals' from 'surgeon_console' to 2 subscribers
2026-07-10 14:56:43 DEBUG   [BROKER] Routed message on topic 'alerts' from 'robot_console' to 2 subscribers
2026-07-10 14:56:44 DEBUG   [BROKER] Routed message on topic 'robot_telemetry' from 'robot_console' to 2 subscribers
2026-07-10 14:56:44 DEBUG   [BROKER] Routed message on topic 'patient_vitals' from 'surgeon_console' to 2 subscribers
2026-07-10 14:56:45 DEBUG   [BROKER] Routed message on topic 'robot_telemetry' from 'robot_console' to 2 subscribers
2026-07-10 14:56:45 DEBUG   [BROKER] Routed message on topic 'patient_vitals' from 'surgeon_console' to 2 subscribers
2026-07-10 14:56:46 DEBUG   [BROKER] Routed message on topic 'robot_telemetry' from 'robot_console' to 2 subscribers
2026-07-10 14:56:46 DEBUG   [BROKER] Routed message on topic 'patient_vitals' from 'surgeon_console' to 2 subscribers
2026-07-10 14:56:47 DEBUG   [BROKER] Routed message on topic 'robot_telemetry' from 'robot_console' to 2 subscribers
2026-07-10 14:56:47 DEBUG   [BROKER] Routed message on topic 'patient_vitals' from 'surgeon_console' to 2 subscribers
2026-07-10 14:56:48 DEBUG   [BROKER] Routed message on topic 'robot_telemetry' from 'robot_console' to 2 subscribers
2026-07-10 14:56:48 DEBUG   [BROKER] Routed message on topic 'patient_vitals' from 'surgeon_console' to 2 subscribers
2026-07-10 14:56:49 DEBUG   [BROKER] Routed message on topic 'robot_telemetry' from 'robot_console' to 2 subscribers
2026-07-10 14:56:49 DEBUG   [BROKER] Routed message on topic 'patient_vitals' from 'surgeon_console' to 2 subscribers
2026-07-10 14:56:50 DEBUG   [BROKER] Routed message on topic 'robot_telemetry' from 'robot_console' to 2 subscribers
2026-07-10 14:56:50 DEBUG   [BROKER] Routed message on topic 'patient_vitals' from 'surgeon_console' to 2 subscribers
2026-07-10 14:56:51 DEBUG   [BROKER] Routed message on topic 'robot_telemetry' from 'robot_console' to 2 subscribers
2026-07-10 14:56:51 DEBUG   [BROKER] Routed message on topic 'patient_vitals' from 'surgeon_console' to 2 subscribers
2026-07-10 14:56:52 DEBUG   [BROKER] Routed message on topic 'robot_telemetry' from 'robot_console' to 2 subscribers
2026-07-10 14:56:52 DEBUG   [BROKER] Routed message on topic 'patient_vitals' from 'surgeon_console' to 2 subscribers
2026-07-10 14:56:53 DEBUG   [BROKER] Routed message on topic 'robot_telemetry' from 'robot_console' to 2 subscribers
2026-07-10 14:56:53 DEBUG   [BROKER] Routed message on topic 'patient_vitals' from 'surgeon_console' to 2 subscribers
2026-07-10 14:56:54 DEBUG   [BROKER] Routed message on topic 'robot_telemetry' from 'robot_console' to 2 subscribers
2026-07-10 14:56:54 DEBUG   [BROKER] Routed message on topic 'patient_vitals' from 'surgeon_console' to 2 subscribers
2026-07-10 14:56:55 DEBUG   [BROKER] Routed message on topic 'robot_telemetry' from 'robot_console' to 2 subscribers
2026-07-10 14:56:55 DEBUG   [BROKER] Routed message on topic 'patient_vitals' from 'surgeon_console' to 2 subscribers
2026-07-10 14:56:56 DEBUG   [BROKER] Routed message on topic 'robot_telemetry' from 'robot_console' to 2 subscribers
2026-07-10 14:56:57 DEBUG   [BROKER] Routed message on topic 'patient_vitals' from 'surgeon_console' to 2 subscribers
2026-07-10 14:56:57 DEBUG   [BROKER] Routed message on topic 'robot_telemetry' from 'robot_console' to 2 subscribers
2026-07-10 14:56:58 DEBUG   [BROKER] Routed message on topic 'patient_vitals' from 'surgeon_console' to 2 subscribers
2026-07-10 14:56:58 DEBUG   [BROKER] Routed message on topic 'robot_telemetry' from 'robot_console' to 2 subscribers
2026-07-10 14:56:59 DEBUG   [BROKER] Routed message on topic 'patient_vitals' from 'surgeon_console' to 2 subscribers
2026-07-10 14:56:59 DEBUG   [BROKER] Routed message on topic 'robot_telemetry' from 'robot_console' to 2 subscribers
2026-07-10 14:57:00 DEBUG   [BROKER] Routed message on topic 'patient_vitals' from 'surgeon_console' to 2 subscribers
2026-07-10 14:57:00 DEBUG   [BROKER] Routed message on topic 'robot_telemetry' from 'robot_console' to 2 subscribers
2026-07-10 14:57:01 DEBUG   [BROKER] Routed message on topic 'patient_vitals' from 'surgeon_console' to 2 subscribers
2026-07-10 14:57:01 DEBUG   [BROKER] Routed message on topic 'robot_telemetry' from 'robot_console' to 2 subscribers
2026-07-10 14:57:02 DEBUG   [BROKER] Routed message on topic 'patient_vitals' from 'surgeon_console' to 2 subscribers
2026-07-10 14:57:02 DEBUG   [BROKER] Routed message on topic 'robot_telemetry' from 'robot_console' to 2 subscribers
2026-07-10 14:57:03 DEBUG   [BROKER] Routed message on topic 'patient_vitals' from 'surgeon_console' to 2 subscribers
2026-07-10 14:57:03 DEBUG   [BROKER] Routed message on topic 'robot_telemetry' from 'robot_console' to 2 subscribers
2026-07-10 14:57:04 DEBUG   [BROKER] Routed message on topic 'patient_vitals' from 'surgeon_console' to 2 subscribers
2026-07-10 14:57:04 DEBUG   [BROKER] Routed message on topic 'robot_telemetry' from 'robot_console' to 2 subscribers
2026-07-10 14:57:05 DEBUG   [BROKER] Routed message on topic 'patient_vitals' from 'surgeon_console' to 2 subscribers
2026-07-10 14:57:05 DEBUG   [BROKER] Routed message on topic 'robot_telemetry' from 'robot_console' to 2 subscribers
2026-07-10 14:57:06 DEBUG   [BROKER] Routed message on topic 'patient_vitals' from 'surgeon_console' to 2 subscribers
2026-07-10 14:57:06 DEBUG   [BROKER] Routed message on topic 'robot_telemetry' from 'robot_console' to 2 subscribers
2026-07-10 14:57:07 DEBUG   [BROKER] Routed message on topic 'patient_vitals' from 'surgeon_console' to 2 subscribers
2026-07-10 14:57:07 DEBUG   [BROKER] Routed message on topic 'robot_telemetry' from 'robot_console' to 2 subscribers
2026-07-10 14:57:08 DEBUG   [BROKER] Routed message on topic 'patient_vitals' from 'surgeon_console' to 2 subscribers
2026-07-10 14:57:08 DEBUG   [BROKER] Routed message on topic 'robot_telemetry' from 'robot_console' to 2 subscribers
2026-07-10 14:57:09 DEBUG   [BROKER] Routed message on topic 'patient_vitals' from 'surgeon_console' to 2 subscribers
2026-07-10 14:57:09 DEBUG   [BROKER] Routed message on topic 'robot_telemetry' from 'robot_console' to 2 subscribers
2026-07-10 14:57:10 DEBUG   [BROKER] Routed message on topic 'patient_vitals' from 'surgeon_console' to 2 subscribers
2026-07-10 14:57:10 DEBUG   [BROKER] Routed message on topic 'robot_telemetry' from 'robot_console' to 2 subscribers
2026-07-10 14:57:11 DEBUG   [BROKER] Routed message on topic 'patient_vitals' from 'surgeon_console' to 2 subscribers
2026-07-10 14:57:11 DEBUG   [BROKER] Routed message on topic 'robot_telemetry' from 'robot_console' to 2 subscribers
2026-07-10 14:57:12 DEBUG   [BROKER] Routed message on topic 'patient_vitals' from 'surgeon_console' to 2 subscribers
2026-07-10 14:57:12 DEBUG   [BROKER] Routed message on topic 'robot_telemetry' from 'robot_console' to 2 subscribers
2026-07-10 14:57:13 DEBUG   [BROKER] Routed message on topic 'patient_vitals' from 'surgeon_console' to 2 subscribers
2026-07-10 14:57:13 DEBUG   [BROKER] Routed message on topic 'robot_telemetry' from 'robot_console' to 2 subscribers
2026-07-10 14:57:14 DEBUG   [BROKER] Routed message on topic 'patient_vitals' from 'surgeon_console' to 2 subscribers
2026-07-10 14:57:14 DEBUG   [BROKER] Routed message on topic 'robot_telemetry' from 'robot_console' to 2 subscribers
2026-07-10 14:57:15 DEBUG   [BROKER] Routed message on topic 'patient_vitals' from 'surgeon_console' to 2 subscribers
2026-07-10 14:57:15 DEBUG   [BROKER] Routed message on topic 'robot_telemetry' from 'robot_console' to 2 subscribers
2026-07-10 14:57:16 DEBUG   [BROKER] Routed message on topic 'patient_vitals' from 'surgeon_console' to 2 subscribers
2026-07-10 14:57:16 DEBUG   [BROKER] Routed message on topic 'robot_telemetry' from 'robot_console' to 2 subscribers
2026-07-10 14:57:17 DEBUG   [BROKER] Routed message on topic 'patient_vitals' from 'surgeon_console' to 2 subscribers
2026-07-10 14:57:17 DEBUG   [BROKER] Routed message on topic 'robot_telemetry' from 'robot_console' to 2 subscribers
2026-07-10 14:57:18 DEBUG   [BROKER] Routed message on topic 'patient_vitals' from 'surgeon_console' to 2 subscribers
2026-07-10 14:57:18 DEBUG   [BROKER] Routed message on topic 'robot_telemetry' from 'robot_console' to 2 subscribers
2026-07-10 14:57:19 DEBUG   [BROKER] Routed message on topic 'patient_vitals' from 'surgeon_console' to 2 subscribers
2026-07-10 14:57:19 DEBUG   [BROKER] Routed message on topic 'robot_telemetry' from 'robot_console' to 2 subscribers
2026-07-10 14:57:20 DEBUG   [BROKER] Routed message on topic 'patient_vitals' from 'surgeon_console' to 2 subscribers
2026-07-10 14:57:20 DEBUG   [BROKER] Routed message on topic 'robot_telemetry' from 'robot_console' to 2 subscribers
2026-07-10 14:57:21 DEBUG   [BROKER] Routed message on topic 'patient_vitals' from 'surgeon_console' to 2 subscribers
2026-07-10 14:57:21 DEBUG   [BROKER] Routed message on topic 'robot_telemetry' from 'robot_console' to 2 subscribers
2026-07-10 14:57:22 DEBUG   [BROKER] Routed message on topic 'patient_vitals' from 'surgeon_console' to 2 subscribers
2026-07-10 14:57:22 DEBUG   [BROKER] Routed message on topic 'robot_telemetry' from 'robot_console' to 2 subscribers
2026-07-10 14:57:23 DEBUG   [BROKER] Routed message on topic 'patient_vitals' from 'surgeon_console' to 2 subscribers
2026-07-10 14:57:23 DEBUG   [BROKER] Routed message on topic 'robot_telemetry' from 'robot_console' to 2 subscribers
2026-07-10 14:57:24 DEBUG   [BROKER] Routed message on topic 'patient_vitals' from 'surgeon_console' to 2 subscribers
2026-07-10 14:57:24 DEBUG   [BROKER] Routed message on topic 'robot_telemetry' from 'robot_console' to 2 subscribers
2026-07-10 14:57:25 DEBUG   [BROKER] Routed message on topic 'patient_vitals' from 'surgeon_console' to 2 subscribers
2026-07-10 14:57:25 DEBUG   [BROKER] Routed message on topic 'robot_telemetry' from 'robot_console' to 2 subscribers
2026-07-10 14:57:26 DEBUG   [BROKER] Routed message on topic 'patient_vitals' from 'surgeon_console' to 2 subscribers
2026-07-10 14:57:26 DEBUG   [BROKER] Routed message on topic 'robot_telemetry' from 'robot_console' to 2 subscribers
2026-07-10 14:57:27 DEBUG   [BROKER] Routed message on topic 'patient_vitals' from 'surgeon_console' to 2 subscribers
2026-07-10 14:57:27 DEBUG   [BROKER] Routed message on topic 'robot_telemetry' from 'robot_console' to 2 subscribers
2026-07-10 14:57:28 DEBUG   [BROKER] Routed message on topic 'patient_vitals' from 'surgeon_console' to 2 subscribers
2026-07-10 14:57:28 DEBUG   [BROKER] Routed message on topic 'robot_telemetry' from 'robot_console' to 2 subscribers
2026-07-10 14:57:29 DEBUG   [BROKER] Routed message on topic 'patient_vitals' from 'surgeon_console' to 2 subscribers
2026-07-10 14:57:29 DEBUG   [BROKER] Routed message on topic 'robot_telemetry' from 'robot_console' to 2 subscribers
2026-07-10 14:57:30 DEBUG   [BROKER] Routed message on topic 'patient_vitals' from 'surgeon_console' to 2 subscribers
2026-07-10 14:57:30 DEBUG   [BROKER] Routed message on topic 'robot_telemetry' from 'robot_console' to 2 subscribers
2026-07-10 14:57:31 DEBUG   [BROKER] Routed message on topic 'patient_vitals' from 'surgeon_console' to 2 subscribers
2026-07-10 14:57:31 DEBUG   [BROKER] Routed message on topic 'robot_telemetry' from 'robot_console' to 2 subscribers
2026-07-10 14:57:32 DEBUG   [BROKER] Routed message on topic 'patient_vitals' from 'surgeon_console' to 2 subscribers
2026-07-10 14:57:32 DEBUG   [BROKER] Routed message on topic 'robot_telemetry' from 'robot_console' to 2 subscribers
2026-07-10 14:57:33 DEBUG   [BROKER] Routed message on topic 'patient_vitals' from 'surgeon_console' to 2 subscribers
2026-07-10 14:57:33 DEBUG   [BROKER] Routed message on topic 'robot_telemetry' from 'robot_console' to 2 subscribers
2026-07-10 14:57:34 DEBUG   [BROKER] Routed message on topic 'patient_vitals' from 'surgeon_console' to 2 subscribers
2026-07-10 14:57:34 DEBUG   [BROKER] Routed message on topic 'robot_telemetry' from 'robot_console' to 2 subscribers
2026-07-10 14:57:35 DEBUG   [BROKER] Routed message on topic 'patient_vitals' from 'surgeon_console' to 2 subscribers
2026-07-10 14:57:35 DEBUG   [BROKER] Routed message on topic 'robot_telemetry' from 'robot_console' to 2 subscribers
2026-07-10 14:57:36 DEBUG   [BROKER] Routed message on topic 'patient_vitals' from 'surgeon_console' to 2 subscribers
2026-07-10 14:57:36 DEBUG   [BROKER] Routed message on topic 'robot_telemetry' from 'robot_console' to 2 subscribers
2026-07-10 14:57:37 DEBUG   [BROKER] Routed message on topic 'patient_vitals' from 'surgeon_console' to 2 subscribers
2026-07-10 14:57:37 DEBUG   [BROKER] Routed message on topic 'robot_telemetry' from 'robot_console' to 2 subscribers
2026-07-10 14:57:38 DEBUG   [BROKER] Routed message on topic 'patient_vitals' from 'surgeon_console' to 2 subscribers
2026-07-10 14:57:38 DEBUG   [BROKER] Routed message on topic 'robot_telemetry' from 'robot_console' to 2 subscribers
2026-07-10 14:57:39 DEBUG   [BROKER] Routed message on topic 'patient_vitals' from 'surgeon_console' to 2 subscribers
2026-07-10 14:57:39 DEBUG   [BROKER] Routed message on topic 'robot_telemetry' from 'robot_console' to 2 subscribers
2026-07-10 14:57:40 DEBUG   [BROKER] Routed message on topic 'patient_vitals' from 'surgeon_console' to 2 subscribers
2026-07-10 14:57:40 DEBUG   [BROKER] Routed message on topic 'robot_telemetry' from 'robot_console' to 2 subscribers
2026-07-10 14:57:41 DEBUG   [BROKER] Routed message on topic 'patient_vitals' from 'surgeon_console' to 2 subscribers
2026-07-10 14:57:41 DEBUG   [BROKER] Routed message on topic 'robot_telemetry' from 'robot_console' to 2 subscribers
2026-07-10 14:57:42 DEBUG   [BROKER] Routed message on topic 'patient_vitals' from 'surgeon_console' to 2 subscribers
2026-07-10 14:57:42 DEBUG   [BROKER] Routed message on topic 'robot_telemetry' from 'robot_console' to 2 subscribers
2026-07-10 14:57:43 DEBUG   [BROKER] Routed message on topic 'patient_vitals' from 'surgeon_console' to 2 subscribers
2026-07-10 14:57:43 DEBUG   [BROKER] Routed message on topic 'robot_telemetry' from 'robot_console' to 2 subscribers
2026-07-10 14:57:43 DEBUG   [BROKER] Routed message on topic 'alerts' from 'robot_console' to 2 subscribers
2026-07-10 14:57:44 DEBUG   [BROKER] Routed message on topic 'patient_vitals' from 'surgeon_console' to 2 subscribers
2026-07-10 14:57:44 DEBUG   [BROKER] Routed message on topic 'robot_telemetry' from 'robot_console' to 2 subscribers
2026-07-10 14:57:45 DEBUG   [BROKER] Routed message on topic 'patient_vitals' from 'surgeon_console' to 2 subscribers
2026-07-10 14:57:45 DEBUG   [BROKER] Routed message on topic 'robot_telemetry' from 'robot_console' to 2 subscribers
2026-07-10 14:57:46 DEBUG   [BROKER] Routed message on topic 'patient_vitals' from 'surgeon_console' to 2 subscribers
2026-07-10 14:57:46 DEBUG   [BROKER] Routed message on topic 'robot_telemetry' from 'robot_console' to 2 subscribers
2026-07-10 14:57:47 DEBUG   [BROKER] Routed message on topic 'patient_vitals' from 'surgeon_console' to 2 subscribers
2026-07-10 14:57:47 DEBUG   [BROKER] Routed message on topic 'robot_telemetry' from 'robot_console' to 2 subscribers
2026-07-10 14:57:48 DEBUG   [BROKER] Routed message on topic 'patient_vitals' from 'surgeon_console' to 2 subscribers
2026-07-10 14:57:48 DEBUG   [BROKER] Routed message on topic 'robot_telemetry' from 'robot_console' to 2 subscribers
2026-07-10 14:57:49 DEBUG   [BROKER] Routed message on topic 'patient_vitals' from 'surgeon_console' to 2 subscribers
2026-07-10 14:57:49 DEBUG   [BROKER] Routed message on topic 'robot_telemetry' from 'robot_console' to 2 subscribers
2026-07-10 14:57:50 DEBUG   [BROKER] Routed message on topic 'patient_vitals' from 'surgeon_console' to 2 subscribers
2026-07-10 14:57:50 DEBUG   [BROKER] Routed message on topic 'robot_telemetry' from 'robot_console' to 2 subscribers
2026-07-10 14:57:51 DEBUG   [BROKER] Routed message on topic 'patient_vitals' from 'surgeon_console' to 2 subscribers
2026-07-10 14:57:51 DEBUG   [BROKER] Routed message on topic 'robot_telemetry' from 'robot_console' to 2 subscribers
2026-07-10 14:57:52 DEBUG   [BROKER] Routed message on topic 'patient_vitals' from 'surgeon_console' to 2 subscribers
2026-07-10 14:57:52 DEBUG   [BROKER] Routed message on topic 'robot_telemetry' from 'robot_console' to 2 subscribers
2026-07-10 14:57:53 DEBUG   [BROKER] Routed message on topic 'patient_vitals' from 'surgeon_console' to 2 subscribers
2026-07-10 14:57:53 DEBUG   [BROKER] Routed message on topic 'robot_telemetry' from 'robot_console' to 2 subscribers
2026-07-10 14:57:54 DEBUG   [BROKER] Routed message on topic 'patient_vitals' from 'surgeon_console' to 2 subscribers
2026-07-10 14:57:54 DEBUG   [BROKER] Routed message on topic 'robot_telemetry' from 'robot_console' to 2 subscribers
2026-07-10 14:57:55 DEBUG   [BROKER] Routed message on topic 'patient_vitals' from 'surgeon_console' to 2 subscribers
2026-07-10 14:57:55 DEBUG   [BROKER] Routed message on topic 'robot_telemetry' from 'robot_console' to 2 subscribers
2026-07-10 14:57:56 DEBUG   [BROKER] Routed message on topic 'patient_vitals' from 'surgeon_console' to 2 subscribers
2026-07-10 14:57:56 DEBUG   [BROKER] Routed message on topic 'robot_telemetry' from 'robot_console' to 2 subscribers
2026-07-10 14:57:57 DEBUG   [BROKER] Routed message on topic 'patient_vitals' from 'surgeon_console' to 2 subscribers
2026-07-10 14:57:57 DEBUG   [BROKER] Routed message on topic 'robot_telemetry' from 'robot_console' to 2 subscribers
2026-07-10 14:57:58 DEBUG   [BROKER] Routed message on topic 'patient_vitals' from 'surgeon_console' to 2 subscribers
2026-07-10 14:57:58 DEBUG   [BROKER] Routed message on topic 'robot_telemetry' from 'robot_console' to 2 subscribers
2026-07-10 14:57:59 DEBUG   [BROKER] Routed message on topic 'patient_vitals' from 'surgeon_console' to 2 subscribers
2026-07-10 14:57:59 DEBUG   [BROKER] Routed message on topic 'robot_telemetry' from 'robot_console' to 2 subscribers
2026-07-10 14:58:00 DEBUG   [BROKER] Routed message on topic 'patient_vitals' from 'surgeon_console' to 2 subscribers
2026-07-10 14:58:00 DEBUG   [BROKER] Routed message on topic 'robot_telemetry' from 'robot_console' to 2 subscribers
2026-07-10 14:58:01 DEBUG   [BROKER] Routed message on topic 'patient_vitals' from 'surgeon_console' to 2 subscribers
2026-07-10 14:58:01 DEBUG   [BROKER] Routed message on topic 'robot_telemetry' from 'robot_console' to 2 subscribers
2026-07-10 14:58:02 DEBUG   [BROKER] Routed message on topic 'patient_vitals' from 'surgeon_console' to 2 subscribers
2026-07-10 14:58:02 DEBUG   [BROKER] Routed message on topic 'robot_telemetry' from 'robot_console' to 2 subscribers
2026-07-10 14:58:03 DEBUG   [BROKER] Routed message on topic 'patient_vitals' from 'surgeon_console' to 2 subscribers
2026-07-10 14:58:03 DEBUG   [BROKER] Routed message on topic 'robot_telemetry' from 'robot_console' to 2 subscribers
2026-07-10 14:58:04 DEBUG   [BROKER] Routed message on topic 'patient_vitals' from 'surgeon_console' to 2 subscribers
2026-07-10 14:58:04 DEBUG   [BROKER] Routed message on topic 'robot_telemetry' from 'robot_console' to 2 subscribers
2026-07-10 14:58:05 DEBUG   [BROKER] Routed message on topic 'patient_vitals' from 'surgeon_console' to 2 subscribers
2026-07-10 14:58:05 DEBUG   [BROKER] Routed message on topic 'robot_telemetry' from 'robot_console' to 2 subscribers
2026-07-10 14:58:06 DEBUG   [BROKER] Routed message on topic 'patient_vitals' from 'surgeon_console' to 2 subscribers
2026-07-10 14:58:06 DEBUG   [BROKER] Routed message on topic 'robot_telemetry' from 'robot_console' to 2 subscribers
2026-07-10 14:58:07 DEBUG   [BROKER] Routed message on topic 'patient_vitals' from 'surgeon_console' to 2 subscribers
2026-07-10 14:58:07 DEBUG   [BROKER] Routed message on topic 'robot_telemetry' from 'robot_console' to 2 subscribers
2026-07-10 14:58:08 DEBUG   [BROKER] Routed message on topic 'patient_vitals' from 'surgeon_console' to 2 subscribers
2026-07-10 14:58:08 DEBUG   [BROKER] Routed message on topic 'robot_telemetry' from 'robot_console' to 2 subscribers
2026-07-10 14:58:09 DEBUG   [BROKER] Routed message on topic 'patient_vitals' from 'surgeon_console' to 2 subscribers
2026-07-10 14:58:09 DEBUG   [BROKER] Routed message on topic 'robot_telemetry' from 'robot_console' to 2 subscribers
2026-07-10 14:58:10 DEBUG   [BROKER] Routed message on topic 'patient_vitals' from 'surgeon_console' to 2 subscribers
2026-07-10 14:58:10 DEBUG   [BROKER] Routed message on topic 'robot_telemetry' from 'robot_console' to 2 subscribers
2026-07-10 14:58:11 DEBUG   [BROKER] Routed message on topic 'patient_vitals' from 'surgeon_console' to 2 subscribers
2026-07-10 14:58:11 DEBUG   [BROKER] Routed message on topic 'robot_telemetry' from 'robot_console' to 2 subscribers
2026-07-10 14:58:12 DEBUG   [BROKER] Routed message on topic 'patient_vitals' from 'surgeon_console' to 2 subscribers
2026-07-10 14:58:12 DEBUG   [BROKER] Routed message on topic 'robot_telemetry' from 'robot_console' to 2 subscribers
2026-07-10 14:58:13 DEBUG   [BROKER] Routed message on topic 'patient_vitals' from 'surgeon_console' to 2 subscribers
2026-07-10 14:58:13 DEBUG   [BROKER] Routed message on topic 'robot_telemetry' from 'robot_console' to 2 subscribers
2026-07-10 14:58:14 DEBUG   [BROKER] Routed message on topic 'patient_vitals' from 'surgeon_console' to 2 subscribers
2026-07-10 14:58:14 DEBUG   [BROKER] Routed message on topic 'robot_telemetry' from 'robot_console' to 2 subscribers
2026-07-10 14:58:15 DEBUG   [BROKER] Routed message on topic 'patient_vitals' from 'surgeon_console' to 2 subscribers
2026-07-10 14:58:15 DEBUG   [BROKER] Routed message on topic 'robot_telemetry' from 'robot_console' to 2 subscribers
2026-07-10 14:58:16 DEBUG   [BROKER] Routed message on topic 'patient_vitals' from 'surgeon_console' to 2 subscribers
2026-07-10 14:58:16 DEBUG   [BROKER] Routed message on topic 'robot_telemetry' from 'robot_console' to 2 subscribers
2026-07-10 14:58:17 DEBUG   [BROKER] Routed message on topic 'patient_vitals' from 'surgeon_console' to 2 subscribers
2026-07-10 14:58:17 DEBUG   [BROKER] Routed message on topic 'robot_telemetry' from 'robot_console' to 2 subscribers
2026-07-10 14:58:18 DEBUG   [BROKER] Routed message on topic 'patient_vitals' from 'surgeon_console' to 2 subscribers
2026-07-10 14:58:18 DEBUG   [BROKER] Routed message on topic 'robot_telemetry' from 'robot_console' to 2 subscribers
2026-07-10 14:58:19 DEBUG   [BROKER] Routed message on topic 'patient_vitals' from 'surgeon_console' to 2 subscribers
2026-07-10 14:58:19 DEBUG   [BROKER] Routed message on topic 'robot_telemetry' from 'robot_console' to 2 subscribers
2026-07-10 14:58:20 DEBUG   [BROKER] Routed message on topic 'patient_vitals' from 'surgeon_console' to 2 subscribers
2026-07-10 14:58:20 DEBUG   [BROKER] Routed message on topic 'robot_telemetry' from 'robot_console' to 2 subscribers
2026-07-10 14:58:21 DEBUG   [BROKER] Routed message on topic 'patient_vitals' from 'surgeon_console' to 2 subscribers
2026-07-10 14:58:21 DEBUG   [BROKER] Routed message on topic 'robot_telemetry' from 'robot_console' to 2 subscribers
2026-07-10 14:58:22 DEBUG   [BROKER] Routed message on topic 'patient_vitals' from 'surgeon_console' to 2 subscribers
2026-07-10 14:58:22 DEBUG   [BROKER] Routed message on topic 'robot_telemetry' from 'robot_console' to 2 subscribers
2026-07-10 14:58:23 DEBUG   [BROKER] Routed message on topic 'patient_vitals' from 'surgeon_console' to 2 subscribers
2026-07-10 14:58:23 DEBUG   [BROKER] Routed message on topic 'robot_telemetry' from 'robot_console' to 2 subscribers
2026-07-10 14:58:24 DEBUG   [BROKER] Routed message on topic 'patient_vitals' from 'surgeon_console' to 2 subscribers
2026-07-10 14:58:24 DEBUG   [BROKER] Routed message on topic 'robot_telemetry' from 'robot_console' to 2 subscribers
2026-07-10 14:58:25 DEBUG   [BROKER] Routed message on topic 'patient_vitals' from 'surgeon_console' to 2 subscribers
2026-07-10 14:58:25 DEBUG   [BROKER] Routed message on topic 'robot_telemetry' from 'robot_console' to 2 subscribers
2026-07-10 14:58:26 DEBUG   [BROKER] Routed message on topic 'patient_vitals' from 'surgeon_console' to 2 subscribers
2026-07-10 14:58:26 DEBUG   [BROKER] Routed message on topic 'robot_telemetry' from 'robot_console' to 2 subscribers
2026-07-10 14:58:27 DEBUG   [BROKER] Routed message on topic 'patient_vitals' from 'surgeon_console' to 2 subscribers
2026-07-10 14:58:27 DEBUG   [BROKER] Routed message on topic 'robot_telemetry' from 'robot_console' to 2 subscribers
2026-07-10 14:58:28 DEBUG   [BROKER] Routed message on topic 'patient_vitals' from 'surgeon_console' to 2 subscribers
2026-07-10 14:58:28 DEBUG   [BROKER] Routed message on topic 'robot_telemetry' from 'robot_console' to 2 subscribers
2026-07-10 14:58:29 DEBUG   [BROKER] Routed message on topic 'patient_vitals' from 'surgeon_console' to 2 subscribers
2026-07-10 14:58:29 DEBUG   [BROKER] Routed message on topic 'robot_telemetry' from 'robot_console' to 2 subscribers
2026-07-10 14:58:30 DEBUG   [BROKER] Routed message on topic 'patient_vitals' from 'surgeon_console' to 2 subscribers
2026-07-10 14:58:30 DEBUG   [BROKER] Routed message on topic 'robot_telemetry' from 'robot_console' to 2 subscribers
2026-07-10 14:58:31 DEBUG   [BROKER] Routed message on topic 'patient_vitals' from 'surgeon_console' to 2 subscribers
2026-07-10 14:58:31 DEBUG   [BROKER] Routed message on topic 'robot_telemetry' from 'robot_console' to 2 subscribers
2026-07-10 14:58:32 DEBUG   [BROKER] Routed message on topic 'patient_vitals' from 'surgeon_console' to 2 subscribers
2026-07-10 14:58:32 DEBUG   [BROKER] Routed message on topic 'robot_telemetry' from 'robot_console' to 2 subscribers
2026-07-10 14:58:33 DEBUG   [BROKER] Routed message on topic 'patient_vitals' from 'surgeon_console' to 2 subscribers
2026-07-10 14:58:33 DEBUG   [BROKER] Routed message on topic 'robot_telemetry' from 'robot_console' to 2 subscribers
2026-07-10 14:58:34 DEBUG   [BROKER] Routed message on topic 'patient_vitals' from 'surgeon_console' to 2 subscribers
2026-07-10 14:58:34 DEBUG   [BROKER] Routed message on topic 'robot_telemetry' from 'robot_console' to 2 subscribers
2026-07-10 14:58:35 DEBUG   [BROKER] Routed message on topic 'patient_vitals' from 'surgeon_console' to 2 subscribers
2026-07-10 14:58:35 DEBUG   [BROKER] Routed message on topic 'robot_telemetry' from 'robot_console' to 2 subscribers
2026-07-10 14:58:36 DEBUG   [BROKER] Routed message on topic 'patient_vitals' from 'surgeon_console' to 2 subscribers
2026-07-10 14:58:36 DEBUG   [BROKER] Routed message on topic 'robot_telemetry' from 'robot_console' to 2 subscribers
2026-07-10 14:58:37 DEBUG   [BROKER] Routed message on topic 'patient_vitals' from 'surgeon_console' to 2 subscribers
2026-07-10 14:58:37 DEBUG   [BROKER] Routed message on topic 'robot_telemetry' from 'robot_console' to 2 subscribers
2026-07-10 14:58:38 DEBUG   [BROKER] Routed message on topic 'patient_vitals' from 'surgeon_console' to 2 subscribers
2026-07-10 14:58:38 DEBUG   [BROKER] Routed message on topic 'robot_telemetry' from 'robot_console' to 2 subscribers
2026-07-10 14:58:39 DEBUG   [BROKER] Routed message on topic 'patient_vitals' from 'surgeon_console' to 2 subscribers
2026-07-10 14:58:39 DEBUG   [BROKER] Routed message on topic 'robot_telemetry' from 'robot_console' to 2 subscribers
2026-07-10 14:58:40 DEBUG   [BROKER] Routed message on topic 'patient_vitals' from 'surgeon_console' to 2 subscribers
2026-07-10 14:58:40 DEBUG   [BROKER] Routed message on topic 'robot_telemetry' from 'robot_console' to 2 subscribers
2026-07-10 14:58:41 DEBUG   [BROKER] Routed message on topic 'patient_vitals' from 'surgeon_console' to 2 subscribers
2026-07-10 14:58:41 DEBUG   [BROKER] Routed message on topic 'robot_telemetry' from 'robot_console' to 2 subscribers
2026-07-10 14:58:42 DEBUG   [BROKER] Routed message on topic 'patient_vitals' from 'surgeon_console' to 2 subscribers
2026-07-10 14:58:42 DEBUG   [BROKER] Routed message on topic 'robot_telemetry' from 'robot_console' to 2 subscribers
2026-07-10 14:58:43 DEBUG   [BROKER] Routed message on topic 'patient_vitals' from 'surgeon_console' to 2 subscribers
2026-07-10 14:58:43 DEBUG   [BROKER] Routed message on topic 'robot_telemetry' from 'robot_console' to 2 subscribers
2026-07-10 14:58:43 DEBUG   [BROKER] Routed message on topic 'alerts' from 'robot_console' to 2 subscribers
2026-07-10 14:58:44 INFO    [BROKER] Client disconnected: observer_screen (user=admin)
2026-07-10 14:58:44 DEBUG   [BROKER] Routed message on topic 'patient_vitals' from 'surgeon_console' to 1 subscribers
2026-07-10 14:58:44 DEBUG   [BROKER] Routed message on topic 'robot_telemetry' from 'robot_console' to 1 subscribers
2026-07-10 14:58:45 DEBUG   [BROKER] Routed message on topic 'patient_vitals' from 'surgeon_console' to 1 subscribers
2026-07-10 14:58:45 DEBUG   [BROKER] Routed message on topic 'robot_telemetry' from 'robot_console' to 1 subscribers
2026-07-10 14:58:46 DEBUG   [BROKER] Routed message on topic 'patient_vitals' from 'surgeon_console' to 1 subscribers
2026-07-10 14:58:46 DEBUG   [BROKER] Routed message on topic 'robot_telemetry' from 'robot_console' to 1 subscribers
2026-07-10 14:58:47 DEBUG   [BROKER] Routed message on topic 'patient_vitals' from 'surgeon_console' to 1 subscribers
2026-07-10 14:58:47 DEBUG   [BROKER] Routed message on topic 'robot_telemetry' from 'robot_console' to 1 subscribers
2026-07-10 14:58:48 INFO    [BROKER] Client disconnected: robot_console (user=admin)
2026-07-10 14:58:48 DEBUG   [BROKER] Routed message on topic 'patient_vitals' from 'surgeon_console' to 0 subscribers
2026-07-10 14:58:49 DEBUG   [BROKER] Routed message on topic 'patient_vitals' from 'surgeon_console' to 0 subscribers
2026-07-10 14:58:49 INFO    [BROKER] Client disconnected: surgeon_console (user=admin)
2026-07-10 14:59:15 INFO    Encryption key loaded from C:\Learning & Development\aether_console\shared_networking\aether.key
2026-07-10 14:59:15 INFO    [AUTH] Credentials loaded from C:\Learning & Development\aether_console\shared_networking\credentials.json
2026-07-10 14:59:47 INFO    [AUTH] Login successful: admin (role=admin)
2026-07-10 14:59:47 INFO    [AUTH] Session created for admin: 3568ed82...
2026-07-10 14:59:48 INFO    [BROKER] New connection from ('127.0.0.1', 50121)
2026-07-10 14:59:48 INFO    [AUTH] Session created for admin: e5fd8227...
2026-07-10 14:59:48 INFO    [BROKER] Client trusted: surgeon_console (user=admin, role=admin)
2026-07-10 14:59:48 INFO    [BROKER] Handshake from 'surgeon_console' — pub=['patient_vitals'], sub=['alerts', 'connection_status', 'system_status', 'robot_telemetry']
2026-07-10 14:59:48 INFO    [BROKER] 'surgeon_console' subscribed to ['robot_telemetry', 'alerts', 'connection_status', 'system_status']
2026-07-10 14:59:49 DEBUG   [BROKER] Routed message on topic 'patient_vitals' from 'surgeon_console' to 0 subscribers
2026-07-10 14:59:50 DEBUG   [BROKER] Routed message on topic 'patient_vitals' from 'surgeon_console' to 0 subscribers
2026-07-10 14:59:51 DEBUG   [BROKER] Routed message on topic 'patient_vitals' from 'surgeon_console' to 0 subscribers
2026-07-10 14:59:52 DEBUG   [BROKER] Routed message on topic 'patient_vitals' from 'surgeon_console' to 0 subscribers
2026-07-10 14:59:53 DEBUG   [BROKER] Routed message on topic 'patient_vitals' from 'surgeon_console' to 0 subscribers
2026-07-10 14:59:54 DEBUG   [BROKER] Routed message on topic 'patient_vitals' from 'surgeon_console' to 0 subscribers
2026-07-10 14:59:55 DEBUG   [BROKER] Routed message on topic 'patient_vitals' from 'surgeon_console' to 0 subscribers
2026-07-10 14:59:56 DEBUG   [BROKER] Routed message on topic 'patient_vitals' from 'surgeon_console' to 0 subscribers
2026-07-10 14:59:57 DEBUG   [BROKER] Routed message on topic 'patient_vitals' from 'surgeon_console' to 0 subscribers
2026-07-10 14:59:58 DEBUG   [BROKER] Routed message on topic 'patient_vitals' from 'surgeon_console' to 0 subscribers
2026-07-10 14:59:59 DEBUG   [BROKER] Routed message on topic 'patient_vitals' from 'surgeon_console' to 0 subscribers
2026-07-10 15:00:00 DEBUG   [BROKER] Routed message on topic 'patient_vitals' from 'surgeon_console' to 0 subscribers
2026-07-10 15:00:01 DEBUG   [BROKER] Routed message on topic 'patient_vitals' from 'surgeon_console' to 0 subscribers
2026-07-10 15:00:02 DEBUG   [BROKER] Routed message on topic 'patient_vitals' from 'surgeon_console' to 0 subscribers
2026-07-10 15:00:02 INFO    Encryption key loaded from C:\Learning & Development\aether_console\shared_networking\aether.key
2026-07-10 15:00:02 INFO    [AUTH] Credentials loaded from C:\Learning & Development\aether_console\shared_networking\credentials.json
2026-07-10 15:00:03 DEBUG   [BROKER] Routed message on topic 'patient_vitals' from 'surgeon_console' to 0 subscribers
2026-07-10 15:00:04 DEBUG   [BROKER] Routed message on topic 'patient_vitals' from 'surgeon_console' to 0 subscribers
2026-07-10 15:00:05 DEBUG   [BROKER] Routed message on topic 'patient_vitals' from 'surgeon_console' to 0 subscribers
2026-07-10 15:00:06 DEBUG   [BROKER] Routed message on topic 'patient_vitals' from 'surgeon_console' to 0 subscribers
2026-07-10 15:00:07 DEBUG   [BROKER] Routed message on topic 'patient_vitals' from 'surgeon_console' to 0 subscribers
2026-07-10 15:00:08 DEBUG   [BROKER] Routed message on topic 'patient_vitals' from 'surgeon_console' to 0 subscribers
2026-07-10 15:00:09 INFO    [AUTH] Login successful: admin (role=admin)
2026-07-10 15:00:09 INFO    [AUTH] Session created for admin: 28f4ae3d...
2026-07-10 15:00:09 DEBUG   [BROKER] Routed message on topic 'patient_vitals' from 'surgeon_console' to 0 subscribers
2026-07-10 15:00:09 INFO    [BROKER] New connection from ('127.0.0.1', 50132)
2026-07-10 15:00:09 INFO    [AUTH] Session created for admin: 973e6fc8...
2026-07-10 15:00:09 INFO    [BROKER] Client trusted: observer_screen (user=admin, role=admin)
2026-07-10 15:00:09 INFO    [BROKER] Handshake from 'observer_screen' — pub=[], sub=['patient_vitals', 'system_status', 'connection_status', 'robot_telemetry', 'alerts']
2026-07-10 15:00:09 INFO    [BROKER] 'observer_screen' subscribed to ['patient_vitals', 'robot_telemetry', 'alerts', 'system_status', 'connection_status']
2026-07-10 15:00:10 DEBUG   [BROKER] Routed message on topic 'patient_vitals' from 'surgeon_console' to 1 subscribers
2026-07-10 15:00:11 DEBUG   [BROKER] Routed message on topic 'patient_vitals' from 'surgeon_console' to 1 subscribers
2026-07-10 15:00:12 DEBUG   [BROKER] Routed message on topic 'patient_vitals' from 'surgeon_console' to 1 subscribers
2026-07-10 15:00:13 DEBUG   [BROKER] Routed message on topic 'patient_vitals' from 'surgeon_console' to 1 subscribers
2026-07-10 15:00:14 DEBUG   [BROKER] Routed message on topic 'patient_vitals' from 'surgeon_console' to 1 subscribers
2026-07-10 15:00:15 DEBUG   [BROKER] Routed message on topic 'patient_vitals' from 'surgeon_console' to 1 subscribers
2026-07-10 15:00:16 DEBUG   [BROKER] Routed message on topic 'patient_vitals' from 'surgeon_console' to 1 subscribers
2026-07-10 15:00:17 DEBUG   [BROKER] Routed message on topic 'patient_vitals' from 'surgeon_console' to 1 subscribers
2026-07-10 15:00:18 DEBUG   [BROKER] Routed message on topic 'patient_vitals' from 'surgeon_console' to 1 subscribers
2026-07-10 15:00:19 DEBUG   [BROKER] Routed message on topic 'patient_vitals' from 'surgeon_console' to 1 subscribers
2026-07-10 15:00:20 INFO    Encryption key loaded from C:\Learning & Development\aether_console\shared_networking\aether.key
2026-07-10 15:00:20 INFO    [AUTH] Credentials loaded from C:\Learning & Development\aether_console\shared_networking\credentials.json
2026-07-10 15:00:20 DEBUG   [BROKER] Routed message on topic 'patient_vitals' from 'surgeon_console' to 1 subscribers
2026-07-10 15:00:21 DEBUG   [BROKER] Routed message on topic 'patient_vitals' from 'surgeon_console' to 1 subscribers
2026-07-10 15:00:22 DEBUG   [BROKER] Routed message on topic 'patient_vitals' from 'surgeon_console' to 1 subscribers
2026-07-10 15:00:23 DEBUG   [BROKER] Routed message on topic 'patient_vitals' from 'surgeon_console' to 1 subscribers
2026-07-10 15:00:24 DEBUG   [BROKER] Routed message on topic 'patient_vitals' from 'surgeon_console' to 1 subscribers
2026-07-10 15:00:25 DEBUG   [BROKER] Routed message on topic 'patient_vitals' from 'surgeon_console' to 1 subscribers
2026-07-10 15:00:26 DEBUG   [BROKER] Routed message on topic 'patient_vitals' from 'surgeon_console' to 1 subscribers
2026-07-10 15:00:26 INFO    [AUTH] Login successful: admin (role=admin)
2026-07-10 15:00:26 INFO    [AUTH] Session created for admin: f647ff5e...
2026-07-10 15:00:26 INFO    [BROKER] New connection from ('127.0.0.1', 50154)
2026-07-10 15:00:26 INFO    [AUTH] Session created for admin: 84558f85...
2026-07-10 15:00:26 INFO    [BROKER] Client trusted: robot_console (user=admin, role=admin)
2026-07-10 15:00:26 INFO    [BROKER] Handshake from 'robot_console' — pub=['robot_telemetry', 'alerts', 'connection_status'], sub=['patient_vitals']
2026-07-10 15:00:26 INFO    [BROKER] 'robot_console' subscribed to ['patient_vitals']
2026-07-10 15:00:26 DEBUG   [BROKER] Routed message on topic 'connection_status' from 'robot_console' to 2 subscribers
2026-07-10 15:00:27 DEBUG   [BROKER] Routed message on topic 'patient_vitals' from 'surgeon_console' to 2 subscribers
2026-07-10 15:00:27 DEBUG   [BROKER] Routed message on topic 'robot_telemetry' from 'robot_console' to 2 subscribers
2026-07-10 15:00:28 DEBUG   [BROKER] Routed message on topic 'patient_vitals' from 'surgeon_console' to 2 subscribers
2026-07-10 15:00:28 DEBUG   [BROKER] Routed message on topic 'robot_telemetry' from 'robot_console' to 2 subscribers
2026-07-10 15:00:29 DEBUG   [BROKER] Routed message on topic 'patient_vitals' from 'surgeon_console' to 2 subscribers
2026-07-10 15:00:29 DEBUG   [BROKER] Routed message on topic 'robot_telemetry' from 'robot_console' to 2 subscribers
2026-07-10 15:00:30 DEBUG   [BROKER] Routed message on topic 'patient_vitals' from 'surgeon_console' to 2 subscribers
2026-07-10 15:00:30 DEBUG   [BROKER] Routed message on topic 'robot_telemetry' from 'robot_console' to 2 subscribers
2026-07-10 15:00:31 DEBUG   [BROKER] Routed message on topic 'patient_vitals' from 'surgeon_console' to 2 subscribers
2026-07-10 15:00:31 DEBUG   [BROKER] Routed message on topic 'robot_telemetry' from 'robot_console' to 2 subscribers
2026-07-10 15:00:32 DEBUG   [BROKER] Routed message on topic 'patient_vitals' from 'surgeon_console' to 2 subscribers
2026-07-10 15:00:32 DEBUG   [BROKER] Routed message on topic 'robot_telemetry' from 'robot_console' to 2 subscribers
2026-07-10 15:00:33 DEBUG   [BROKER] Routed message on topic 'patient_vitals' from 'surgeon_console' to 2 subscribers
2026-07-10 15:00:33 DEBUG   [BROKER] Routed message on topic 'robot_telemetry' from 'robot_console' to 2 subscribers
2026-07-10 15:00:34 DEBUG   [BROKER] Routed message on topic 'patient_vitals' from 'surgeon_console' to 2 subscribers
2026-07-10 15:00:34 DEBUG   [BROKER] Routed message on topic 'robot_telemetry' from 'robot_console' to 2 subscribers
2026-07-10 15:00:35 DEBUG   [BROKER] Routed message on topic 'patient_vitals' from 'surgeon_console' to 2 subscribers
2026-07-10 15:00:35 DEBUG   [BROKER] Routed message on topic 'robot_telemetry' from 'robot_console' to 2 subscribers
2026-07-10 15:00:36 DEBUG   [BROKER] Routed message on topic 'patient_vitals' from 'surgeon_console' to 2 subscribers
2026-07-10 15:00:36 DEBUG   [BROKER] Routed message on topic 'robot_telemetry' from 'robot_console' to 2 subscribers
2026-07-10 15:00:37 DEBUG   [BROKER] Routed message on topic 'patient_vitals' from 'surgeon_console' to 2 subscribers
2026-07-10 15:00:37 DEBUG   [BROKER] Routed message on topic 'robot_telemetry' from 'robot_console' to 2 subscribers
2026-07-10 15:00:38 DEBUG   [BROKER] Routed message on topic 'patient_vitals' from 'surgeon_console' to 2 subscribers
2026-07-10 15:00:38 DEBUG   [BROKER] Routed message on topic 'robot_telemetry' from 'robot_console' to 2 subscribers
2026-07-10 15:00:39 DEBUG   [BROKER] Routed message on topic 'patient_vitals' from 'surgeon_console' to 2 subscribers
2026-07-10 15:00:39 DEBUG   [BROKER] Routed message on topic 'robot_telemetry' from 'robot_console' to 2 subscribers
2026-07-10 15:00:40 DEBUG   [BROKER] Routed message on topic 'patient_vitals' from 'surgeon_console' to 2 subscribers
2026-07-10 15:00:40 DEBUG   [BROKER] Routed message on topic 'robot_telemetry' from 'robot_console' to 2 subscribers
2026-07-10 15:00:41 DEBUG   [BROKER] Routed message on topic 'patient_vitals' from 'surgeon_console' to 2 subscribers
2026-07-10 15:00:41 DEBUG   [BROKER] Routed message on topic 'robot_telemetry' from 'robot_console' to 2 subscribers
2026-07-10 15:00:42 DEBUG   [BROKER] Routed message on topic 'patient_vitals' from 'surgeon_console' to 2 subscribers
2026-07-10 15:00:42 DEBUG   [BROKER] Routed message on topic 'robot_telemetry' from 'robot_console' to 2 subscribers
2026-07-10 15:00:43 DEBUG   [BROKER] Routed message on topic 'patient_vitals' from 'surgeon_console' to 2 subscribers
2026-07-10 15:00:43 DEBUG   [BROKER] Routed message on topic 'robot_telemetry' from 'robot_console' to 2 subscribers
2026-07-10 15:00:44 DEBUG   [BROKER] Routed message on topic 'patient_vitals' from 'surgeon_console' to 2 subscribers
2026-07-10 15:00:44 DEBUG   [BROKER] Routed message on topic 'robot_telemetry' from 'robot_console' to 2 subscribers
2026-07-10 15:00:45 DEBUG   [BROKER] Routed message on topic 'patient_vitals' from 'surgeon_console' to 2 subscribers
2026-07-10 15:00:45 DEBUG   [BROKER] Routed message on topic 'robot_telemetry' from 'robot_console' to 2 subscribers
2026-07-10 15:00:46 DEBUG   [BROKER] Routed message on topic 'patient_vitals' from 'surgeon_console' to 2 subscribers
2026-07-10 15:00:46 DEBUG   [BROKER] Routed message on topic 'robot_telemetry' from 'robot_console' to 2 subscribers
2026-07-10 15:00:47 DEBUG   [BROKER] Routed message on topic 'patient_vitals' from 'surgeon_console' to 2 subscribers
2026-07-10 15:00:47 DEBUG   [BROKER] Routed message on topic 'robot_telemetry' from 'robot_console' to 2 subscribers
2026-07-10 15:00:48 DEBUG   [BROKER] Routed message on topic 'patient_vitals' from 'surgeon_console' to 2 subscribers
2026-07-10 15:00:48 DEBUG   [BROKER] Routed message on topic 'robot_telemetry' from 'robot_console' to 2 subscribers
2026-07-10 15:00:49 DEBUG   [BROKER] Routed message on topic 'patient_vitals' from 'surgeon_console' to 2 subscribers
2026-07-10 15:00:49 DEBUG   [BROKER] Routed message on topic 'robot_telemetry' from 'robot_console' to 2 subscribers
2026-07-10 15:00:50 DEBUG   [BROKER] Routed message on topic 'patient_vitals' from 'surgeon_console' to 2 subscribers
2026-07-10 15:00:50 DEBUG   [BROKER] Routed message on topic 'robot_telemetry' from 'robot_console' to 2 subscribers
2026-07-10 15:00:51 DEBUG   [BROKER] Routed message on topic 'patient_vitals' from 'surgeon_console' to 2 subscribers
2026-07-10 15:00:51 DEBUG   [BROKER] Routed message on topic 'robot_telemetry' from 'robot_console' to 2 subscribers
2026-07-10 15:00:52 DEBUG   [BROKER] Routed message on topic 'patient_vitals' from 'surgeon_console' to 2 subscribers
2026-07-10 15:00:52 DEBUG   [BROKER] Routed message on topic 'robot_telemetry' from 'robot_console' to 2 subscribers
2026-07-10 15:00:53 DEBUG   [BROKER] Routed message on topic 'patient_vitals' from 'surgeon_console' to 2 subscribers
2026-07-10 15:00:53 DEBUG   [BROKER] Routed message on topic 'robot_telemetry' from 'robot_console' to 2 subscribers
2026-07-10 15:00:54 DEBUG   [BROKER] Routed message on topic 'patient_vitals' from 'surgeon_console' to 2 subscribers
2026-07-10 15:00:54 DEBUG   [BROKER] Routed message on topic 'robot_telemetry' from 'robot_console' to 2 subscribers
2026-07-10 15:00:55 DEBUG   [BROKER] Routed message on topic 'patient_vitals' from 'surgeon_console' to 2 subscribers
2026-07-10 15:00:55 DEBUG   [BROKER] Routed message on topic 'robot_telemetry' from 'robot_console' to 2 subscribers
2026-07-10 15:00:56 DEBUG   [BROKER] Routed message on topic 'patient_vitals' from 'surgeon_console' to 2 subscribers
2026-07-10 15:00:56 DEBUG   [BROKER] Routed message on topic 'robot_telemetry' from 'robot_console' to 2 subscribers
2026-07-10 15:00:57 DEBUG   [BROKER] Routed message on topic 'patient_vitals' from 'surgeon_console' to 2 subscribers
2026-07-10 15:00:57 DEBUG   [BROKER] Routed message on topic 'robot_telemetry' from 'robot_console' to 2 subscribers
2026-07-10 15:00:58 DEBUG   [BROKER] Routed message on topic 'patient_vitals' from 'surgeon_console' to 2 subscribers
2026-07-10 15:00:58 DEBUG   [BROKER] Routed message on topic 'robot_telemetry' from 'robot_console' to 2 subscribers
2026-07-10 15:00:59 DEBUG   [BROKER] Routed message on topic 'patient_vitals' from 'surgeon_console' to 2 subscribers
2026-07-10 15:00:59 DEBUG   [BROKER] Routed message on topic 'robot_telemetry' from 'robot_console' to 2 subscribers
2026-07-10 15:01:00 DEBUG   [BROKER] Routed message on topic 'patient_vitals' from 'surgeon_console' to 2 subscribers
2026-07-10 15:01:00 DEBUG   [BROKER] Routed message on topic 'robot_telemetry' from 'robot_console' to 2 subscribers
2026-07-10 15:01:01 DEBUG   [BROKER] Routed message on topic 'patient_vitals' from 'surgeon_console' to 2 subscribers
2026-07-10 15:01:01 DEBUG   [BROKER] Routed message on topic 'robot_telemetry' from 'robot_console' to 2 subscribers
2026-07-10 15:01:02 DEBUG   [BROKER] Routed message on topic 'patient_vitals' from 'surgeon_console' to 2 subscribers
2026-07-10 15:01:02 DEBUG   [BROKER] Routed message on topic 'robot_telemetry' from 'robot_console' to 2 subscribers
2026-07-10 15:01:03 DEBUG   [BROKER] Routed message on topic 'patient_vitals' from 'surgeon_console' to 2 subscribers
2026-07-10 15:01:03 DEBUG   [BROKER] Routed message on topic 'robot_telemetry' from 'robot_console' to 2 subscribers
2026-07-10 15:01:04 DEBUG   [BROKER] Routed message on topic 'patient_vitals' from 'surgeon_console' to 2 subscribers
2026-07-10 15:01:04 DEBUG   [BROKER] Routed message on topic 'robot_telemetry' from 'robot_console' to 2 subscribers
2026-07-10 15:01:05 DEBUG   [BROKER] Routed message on topic 'patient_vitals' from 'surgeon_console' to 2 subscribers
2026-07-10 15:01:05 DEBUG   [BROKER] Routed message on topic 'robot_telemetry' from 'robot_console' to 2 subscribers
2026-07-10 15:01:06 DEBUG   [BROKER] Routed message on topic 'patient_vitals' from 'surgeon_console' to 2 subscribers
2026-07-10 15:01:06 DEBUG   [BROKER] Routed message on topic 'robot_telemetry' from 'robot_console' to 2 subscribers
2026-07-10 15:01:07 DEBUG   [BROKER] Routed message on topic 'patient_vitals' from 'surgeon_console' to 2 subscribers
2026-07-10 15:01:07 DEBUG   [BROKER] Routed message on topic 'robot_telemetry' from 'robot_console' to 2 subscribers
2026-07-10 15:01:08 DEBUG   [BROKER] Routed message on topic 'patient_vitals' from 'surgeon_console' to 2 subscribers
2026-07-10 15:01:08 DEBUG   [BROKER] Routed message on topic 'robot_telemetry' from 'robot_console' to 2 subscribers
2026-07-10 15:01:09 DEBUG   [BROKER] Routed message on topic 'patient_vitals' from 'surgeon_console' to 2 subscribers
2026-07-10 15:01:09 DEBUG   [BROKER] Routed message on topic 'robot_telemetry' from 'robot_console' to 2 subscribers
2026-07-10 15:01:10 DEBUG   [BROKER] Routed message on topic 'patient_vitals' from 'surgeon_console' to 2 subscribers
2026-07-10 15:01:10 DEBUG   [BROKER] Routed message on topic 'robot_telemetry' from 'robot_console' to 2 subscribers
2026-07-10 15:01:11 DEBUG   [BROKER] Routed message on topic 'patient_vitals' from 'surgeon_console' to 2 subscribers
2026-07-10 15:01:11 DEBUG   [BROKER] Routed message on topic 'robot_telemetry' from 'robot_console' to 2 subscribers
2026-07-10 15:01:12 DEBUG   [BROKER] Routed message on topic 'patient_vitals' from 'surgeon_console' to 2 subscribers
2026-07-10 15:01:12 DEBUG   [BROKER] Routed message on topic 'robot_telemetry' from 'robot_console' to 2 subscribers
2026-07-10 15:01:13 DEBUG   [BROKER] Routed message on topic 'patient_vitals' from 'surgeon_console' to 2 subscribers
2026-07-10 15:01:13 DEBUG   [BROKER] Routed message on topic 'robot_telemetry' from 'robot_console' to 2 subscribers
2026-07-10 15:01:14 DEBUG   [BROKER] Routed message on topic 'patient_vitals' from 'surgeon_console' to 2 subscribers
2026-07-10 15:01:14 DEBUG   [BROKER] Routed message on topic 'robot_telemetry' from 'robot_console' to 2 subscribers
2026-07-10 15:01:15 DEBUG   [BROKER] Routed message on topic 'patient_vitals' from 'surgeon_console' to 2 subscribers
2026-07-10 15:01:15 DEBUG   [BROKER] Routed message on topic 'robot_telemetry' from 'robot_console' to 2 subscribers
2026-07-10 15:01:16 DEBUG   [BROKER] Routed message on topic 'patient_vitals' from 'surgeon_console' to 2 subscribers
2026-07-10 15:01:16 DEBUG   [BROKER] Routed message on topic 'robot_telemetry' from 'robot_console' to 2 subscribers
2026-07-10 15:01:17 DEBUG   [BROKER] Routed message on topic 'patient_vitals' from 'surgeon_console' to 2 subscribers
2026-07-10 15:01:17 DEBUG   [BROKER] Routed message on topic 'robot_telemetry' from 'robot_console' to 2 subscribers
2026-07-10 15:01:18 DEBUG   [BROKER] Routed message on topic 'patient_vitals' from 'surgeon_console' to 2 subscribers
2026-07-10 15:01:18 DEBUG   [BROKER] Routed message on topic 'robot_telemetry' from 'robot_console' to 2 subscribers
2026-07-10 15:01:19 DEBUG   [BROKER] Routed message on topic 'patient_vitals' from 'surgeon_console' to 2 subscribers
2026-07-10 15:01:19 DEBUG   [BROKER] Routed message on topic 'robot_telemetry' from 'robot_console' to 2 subscribers
2026-07-10 15:01:20 DEBUG   [BROKER] Routed message on topic 'patient_vitals' from 'surgeon_console' to 2 subscribers
2026-07-10 15:01:20 DEBUG   [BROKER] Routed message on topic 'robot_telemetry' from 'robot_console' to 2 subscribers
2026-07-10 15:01:21 DEBUG   [BROKER] Routed message on topic 'patient_vitals' from 'surgeon_console' to 2 subscribers
2026-07-10 15:01:21 DEBUG   [BROKER] Routed message on topic 'robot_telemetry' from 'robot_console' to 2 subscribers
2026-07-10 15:01:22 DEBUG   [BROKER] Routed message on topic 'patient_vitals' from 'surgeon_console' to 2 subscribers
2026-07-10 15:01:22 DEBUG   [BROKER] Routed message on topic 'robot_telemetry' from 'robot_console' to 2 subscribers
2026-07-10 15:01:23 DEBUG   [BROKER] Routed message on topic 'patient_vitals' from 'surgeon_console' to 2 subscribers
2026-07-10 15:01:23 DEBUG   [BROKER] Routed message on topic 'robot_telemetry' from 'robot_console' to 2 subscribers
2026-07-10 15:01:24 DEBUG   [BROKER] Routed message on topic 'patient_vitals' from 'surgeon_console' to 2 subscribers
2026-07-10 15:01:24 DEBUG   [BROKER] Routed message on topic 'robot_telemetry' from 'robot_console' to 2 subscribers
2026-07-10 15:01:25 DEBUG   [BROKER] Routed message on topic 'patient_vitals' from 'surgeon_console' to 2 subscribers
2026-07-10 15:01:25 DEBUG   [BROKER] Routed message on topic 'robot_telemetry' from 'robot_console' to 2 subscribers
2026-07-10 15:01:26 DEBUG   [BROKER] Routed message on topic 'patient_vitals' from 'surgeon_console' to 2 subscribers
2026-07-10 15:01:26 DEBUG   [BROKER] Routed message on topic 'alerts' from 'robot_console' to 2 subscribers
2026-07-10 15:01:26 DEBUG   [BROKER] Routed message on topic 'robot_telemetry' from 'robot_console' to 2 subscribers
2026-07-10 15:01:27 DEBUG   [BROKER] Routed message on topic 'patient_vitals' from 'surgeon_console' to 2 subscribers
2026-07-10 15:01:27 DEBUG   [BROKER] Routed message on topic 'robot_telemetry' from 'robot_console' to 2 subscribers
2026-07-10 15:01:28 DEBUG   [BROKER] Routed message on topic 'patient_vitals' from 'surgeon_console' to 2 subscribers
2026-07-10 15:01:28 DEBUG   [BROKER] Routed message on topic 'robot_telemetry' from 'robot_console' to 2 subscribers
2026-07-10 15:01:29 DEBUG   [BROKER] Routed message on topic 'patient_vitals' from 'surgeon_console' to 2 subscribers
2026-07-10 15:01:29 DEBUG   [BROKER] Routed message on topic 'robot_telemetry' from 'robot_console' to 2 subscribers
2026-07-10 15:01:30 DEBUG   [BROKER] Routed message on topic 'patient_vitals' from 'surgeon_console' to 2 subscribers
2026-07-10 15:01:30 DEBUG   [BROKER] Routed message on topic 'robot_telemetry' from 'robot_console' to 2 subscribers
2026-07-10 15:01:31 DEBUG   [BROKER] Routed message on topic 'patient_vitals' from 'surgeon_console' to 2 subscribers
2026-07-10 15:01:31 DEBUG   [BROKER] Routed message on topic 'robot_telemetry' from 'robot_console' to 2 subscribers
2026-07-10 15:01:32 DEBUG   [BROKER] Routed message on topic 'patient_vitals' from 'surgeon_console' to 2 subscribers
2026-07-10 15:01:32 DEBUG   [BROKER] Routed message on topic 'robot_telemetry' from 'robot_console' to 2 subscribers
2026-07-10 15:01:33 DEBUG   [BROKER] Routed message on topic 'patient_vitals' from 'surgeon_console' to 2 subscribers
2026-07-10 15:01:33 DEBUG   [BROKER] Routed message on topic 'robot_telemetry' from 'robot_console' to 2 subscribers
2026-07-10 15:01:34 DEBUG   [BROKER] Routed message on topic 'patient_vitals' from 'surgeon_console' to 2 subscribers
2026-07-10 15:01:34 DEBUG   [BROKER] Routed message on topic 'robot_telemetry' from 'robot_console' to 2 subscribers
2026-07-10 15:01:35 DEBUG   [BROKER] Routed message on topic 'patient_vitals' from 'surgeon_console' to 2 subscribers
2026-07-10 15:01:35 DEBUG   [BROKER] Routed message on topic 'robot_telemetry' from 'robot_console' to 2 subscribers
2026-07-10 15:01:36 DEBUG   [BROKER] Routed message on topic 'patient_vitals' from 'surgeon_console' to 2 subscribers
2026-07-10 15:01:36 DEBUG   [BROKER] Routed message on topic 'robot_telemetry' from 'robot_console' to 2 subscribers
2026-07-10 15:01:37 DEBUG   [BROKER] Routed message on topic 'patient_vitals' from 'surgeon_console' to 2 subscribers
2026-07-10 15:01:37 DEBUG   [BROKER] Routed message on topic 'robot_telemetry' from 'robot_console' to 2 subscribers
2026-07-10 15:01:38 DEBUG   [BROKER] Routed message on topic 'patient_vitals' from 'surgeon_console' to 2 subscribers
2026-07-10 15:01:38 DEBUG   [BROKER] Routed message on topic 'robot_telemetry' from 'robot_console' to 2 subscribers
2026-07-10 15:01:39 DEBUG   [BROKER] Routed message on topic 'patient_vitals' from 'surgeon_console' to 2 subscribers
2026-07-10 15:01:39 DEBUG   [BROKER] Routed message on topic 'robot_telemetry' from 'robot_console' to 2 subscribers
2026-07-10 15:01:40 DEBUG   [BROKER] Routed message on topic 'patient_vitals' from 'surgeon_console' to 2 subscribers
2026-07-10 15:01:40 DEBUG   [BROKER] Routed message on topic 'robot_telemetry' from 'robot_console' to 2 subscribers
2026-07-10 15:01:41 DEBUG   [BROKER] Routed message on topic 'patient_vitals' from 'surgeon_console' to 2 subscribers
2026-07-10 15:01:41 DEBUG   [BROKER] Routed message on topic 'robot_telemetry' from 'robot_console' to 2 subscribers
2026-07-10 15:01:42 DEBUG   [BROKER] Routed message on topic 'patient_vitals' from 'surgeon_console' to 2 subscribers
2026-07-10 15:01:42 DEBUG   [BROKER] Routed message on topic 'robot_telemetry' from 'robot_console' to 2 subscribers
2026-07-10 15:01:43 DEBUG   [BROKER] Routed message on topic 'patient_vitals' from 'surgeon_console' to 2 subscribers
2026-07-10 15:01:43 DEBUG   [BROKER] Routed message on topic 'robot_telemetry' from 'robot_console' to 2 subscribers
2026-07-10 15:01:44 DEBUG   [BROKER] Routed message on topic 'patient_vitals' from 'surgeon_console' to 2 subscribers
2026-07-10 15:01:44 DEBUG   [BROKER] Routed message on topic 'robot_telemetry' from 'robot_console' to 2 subscribers
2026-07-10 15:01:45 DEBUG   [BROKER] Routed message on topic 'patient_vitals' from 'surgeon_console' to 2 subscribers
2026-07-10 15:01:45 DEBUG   [BROKER] Routed message on topic 'robot_telemetry' from 'robot_console' to 2 subscribers
2026-07-10 15:01:46 DEBUG   [BROKER] Routed message on topic 'patient_vitals' from 'surgeon_console' to 2 subscribers
2026-07-10 15:01:46 DEBUG   [BROKER] Routed message on topic 'robot_telemetry' from 'robot_console' to 2 subscribers
2026-07-10 15:01:47 DEBUG   [BROKER] Routed message on topic 'patient_vitals' from 'surgeon_console' to 2 subscribers
2026-07-10 15:01:47 DEBUG   [BROKER] Routed message on topic 'robot_telemetry' from 'robot_console' to 2 subscribers
2026-07-10 15:01:48 DEBUG   [BROKER] Routed message on topic 'patient_vitals' from 'surgeon_console' to 2 subscribers
2026-07-10 15:01:48 DEBUG   [BROKER] Routed message on topic 'robot_telemetry' from 'robot_console' to 2 subscribers
2026-07-10 15:01:49 DEBUG   [BROKER] Routed message on topic 'patient_vitals' from 'surgeon_console' to 2 subscribers
2026-07-10 15:01:49 DEBUG   [BROKER] Routed message on topic 'robot_telemetry' from 'robot_console' to 2 subscribers
2026-07-10 15:01:50 DEBUG   [BROKER] Routed message on topic 'patient_vitals' from 'surgeon_console' to 2 subscribers
2026-07-10 15:01:50 DEBUG   [BROKER] Routed message on topic 'robot_telemetry' from 'robot_console' to 2 subscribers
2026-07-10 15:01:51 DEBUG   [BROKER] Routed message on topic 'patient_vitals' from 'surgeon_console' to 2 subscribers
2026-07-10 15:01:51 DEBUG   [BROKER] Routed message on topic 'robot_telemetry' from 'robot_console' to 2 subscribers
2026-07-10 15:01:52 DEBUG   [BROKER] Routed message on topic 'patient_vitals' from 'surgeon_console' to 2 subscribers
2026-07-10 15:01:52 DEBUG   [BROKER] Routed message on topic 'robot_telemetry' from 'robot_console' to 2 subscribers
2026-07-10 15:01:53 DEBUG   [BROKER] Routed message on topic 'patient_vitals' from 'surgeon_console' to 2 subscribers
2026-07-10 15:01:53 DEBUG   [BROKER] Routed message on topic 'robot_telemetry' from 'robot_console' to 2 subscribers
2026-07-10 15:01:54 DEBUG   [BROKER] Routed message on topic 'patient_vitals' from 'surgeon_console' to 2 subscribers
2026-07-10 15:01:54 DEBUG   [BROKER] Routed message on topic 'robot_telemetry' from 'robot_console' to 2 subscribers
2026-07-10 15:01:55 DEBUG   [BROKER] Routed message on topic 'patient_vitals' from 'surgeon_console' to 2 subscribers
2026-07-10 15:01:55 DEBUG   [BROKER] Routed message on topic 'robot_telemetry' from 'robot_console' to 2 subscribers
2026-07-10 15:01:56 DEBUG   [BROKER] Routed message on topic 'patient_vitals' from 'surgeon_console' to 2 subscribers
2026-07-10 15:01:56 DEBUG   [BROKER] Routed message on topic 'robot_telemetry' from 'robot_console' to 2 subscribers
2026-07-10 15:01:57 DEBUG   [BROKER] Routed message on topic 'patient_vitals' from 'surgeon_console' to 2 subscribers
2026-07-10 15:01:57 DEBUG   [BROKER] Routed message on topic 'robot_telemetry' from 'robot_console' to 2 subscribers
2026-07-10 15:01:58 DEBUG   [BROKER] Routed message on topic 'patient_vitals' from 'surgeon_console' to 2 subscribers
2026-07-10 15:01:58 DEBUG   [BROKER] Routed message on topic 'robot_telemetry' from 'robot_console' to 2 subscribers
2026-07-10 15:01:59 DEBUG   [BROKER] Routed message on topic 'patient_vitals' from 'surgeon_console' to 2 subscribers
2026-07-10 15:01:59 DEBUG   [BROKER] Routed message on topic 'robot_telemetry' from 'robot_console' to 2 subscribers
2026-07-10 15:02:00 DEBUG   [BROKER] Routed message on topic 'patient_vitals' from 'surgeon_console' to 2 subscribers
2026-07-10 15:02:01 DEBUG   [BROKER] Routed message on topic 'robot_telemetry' from 'robot_console' to 2 subscribers
2026-07-10 15:02:01 DEBUG   [BROKER] Routed message on topic 'patient_vitals' from 'surgeon_console' to 2 subscribers
2026-07-10 15:02:02 DEBUG   [BROKER] Routed message on topic 'robot_telemetry' from 'robot_console' to 2 subscribers
2026-07-10 15:02:02 DEBUG   [BROKER] Routed message on topic 'patient_vitals' from 'surgeon_console' to 2 subscribers
2026-07-10 15:02:03 DEBUG   [BROKER] Routed message on topic 'robot_telemetry' from 'robot_console' to 2 subscribers
2026-07-10 15:02:03 DEBUG   [BROKER] Routed message on topic 'patient_vitals' from 'surgeon_console' to 2 subscribers
2026-07-10 15:02:04 DEBUG   [BROKER] Routed message on topic 'robot_telemetry' from 'robot_console' to 2 subscribers
2026-07-10 15:02:04 DEBUG   [BROKER] Routed message on topic 'patient_vitals' from 'surgeon_console' to 2 subscribers
2026-07-10 15:02:05 DEBUG   [BROKER] Routed message on topic 'robot_telemetry' from 'robot_console' to 2 subscribers
2026-07-10 15:02:05 DEBUG   [BROKER] Routed message on topic 'patient_vitals' from 'surgeon_console' to 2 subscribers
2026-07-10 15:02:06 DEBUG   [BROKER] Routed message on topic 'robot_telemetry' from 'robot_console' to 2 subscribers
2026-07-10 15:02:06 DEBUG   [BROKER] Routed message on topic 'patient_vitals' from 'surgeon_console' to 2 subscribers
2026-07-10 15:02:07 DEBUG   [BROKER] Routed message on topic 'robot_telemetry' from 'robot_console' to 2 subscribers
2026-07-10 15:02:07 DEBUG   [BROKER] Routed message on topic 'patient_vitals' from 'surgeon_console' to 2 subscribers
2026-07-10 15:02:08 DEBUG   [BROKER] Routed message on topic 'robot_telemetry' from 'robot_console' to 2 subscribers
2026-07-10 15:02:08 DEBUG   [BROKER] Routed message on topic 'patient_vitals' from 'surgeon_console' to 2 subscribers
2026-07-10 15:02:09 DEBUG   [BROKER] Routed message on topic 'robot_telemetry' from 'robot_console' to 2 subscribers
2026-07-10 15:02:09 DEBUG   [BROKER] Routed message on topic 'patient_vitals' from 'surgeon_console' to 2 subscribers
2026-07-10 15:02:10 DEBUG   [BROKER] Routed message on topic 'robot_telemetry' from 'robot_console' to 2 subscribers
2026-07-10 15:02:10 DEBUG   [BROKER] Routed message on topic 'patient_vitals' from 'surgeon_console' to 2 subscribers
2026-07-10 15:02:11 DEBUG   [BROKER] Routed message on topic 'robot_telemetry' from 'robot_console' to 2 subscribers
2026-07-10 15:02:11 DEBUG   [BROKER] Routed message on topic 'patient_vitals' from 'surgeon_console' to 2 subscribers
2026-07-10 15:02:12 DEBUG   [BROKER] Routed message on topic 'robot_telemetry' from 'robot_console' to 2 subscribers
2026-07-10 15:02:12 DEBUG   [BROKER] Routed message on topic 'patient_vitals' from 'surgeon_console' to 2 subscribers
2026-07-10 15:02:13 DEBUG   [BROKER] Routed message on topic 'robot_telemetry' from 'robot_console' to 2 subscribers
2026-07-10 15:02:13 DEBUG   [BROKER] Routed message on topic 'patient_vitals' from 'surgeon_console' to 2 subscribers
2026-07-10 15:02:14 DEBUG   [BROKER] Routed message on topic 'robot_telemetry' from 'robot_console' to 2 subscribers
2026-07-10 15:02:14 DEBUG   [BROKER] Routed message on topic 'patient_vitals' from 'surgeon_console' to 2 subscribers
2026-07-10 15:02:15 DEBUG   [BROKER] Routed message on topic 'robot_telemetry' from 'robot_console' to 2 subscribers
2026-07-10 15:02:15 DEBUG   [BROKER] Routed message on topic 'patient_vitals' from 'surgeon_console' to 2 subscribers
2026-07-10 15:02:16 DEBUG   [BROKER] Routed message on topic 'robot_telemetry' from 'robot_console' to 2 subscribers
2026-07-10 15:02:16 DEBUG   [BROKER] Routed message on topic 'patient_vitals' from 'surgeon_console' to 2 subscribers
2026-07-10 15:02:17 DEBUG   [BROKER] Routed message on topic 'robot_telemetry' from 'robot_console' to 2 subscribers
2026-07-10 15:02:17 DEBUG   [BROKER] Routed message on topic 'patient_vitals' from 'surgeon_console' to 2 subscribers
2026-07-10 15:02:18 DEBUG   [BROKER] Routed message on topic 'robot_telemetry' from 'robot_console' to 2 subscribers
2026-07-10 15:02:18 DEBUG   [BROKER] Routed message on topic 'patient_vitals' from 'surgeon_console' to 2 subscribers
2026-07-10 15:02:19 DEBUG   [BROKER] Routed message on topic 'robot_telemetry' from 'robot_console' to 2 subscribers
2026-07-10 15:02:19 DEBUG   [BROKER] Routed message on topic 'patient_vitals' from 'surgeon_console' to 2 subscribers
2026-07-10 15:02:20 DEBUG   [BROKER] Routed message on topic 'robot_telemetry' from 'robot_console' to 2 subscribers
2026-07-10 15:02:20 DEBUG   [BROKER] Routed message on topic 'patient_vitals' from 'surgeon_console' to 2 subscribers
2026-07-10 15:02:21 DEBUG   [BROKER] Routed message on topic 'robot_telemetry' from 'robot_console' to 2 subscribers
2026-07-10 15:02:21 DEBUG   [BROKER] Routed message on topic 'patient_vitals' from 'surgeon_console' to 2 subscribers
2026-07-10 15:02:22 DEBUG   [BROKER] Routed message on topic 'robot_telemetry' from 'robot_console' to 2 subscribers
2026-07-10 15:02:22 DEBUG   [BROKER] Routed message on topic 'patient_vitals' from 'surgeon_console' to 2 subscribers
2026-07-10 15:02:23 DEBUG   [BROKER] Routed message on topic 'robot_telemetry' from 'robot_console' to 2 subscribers
2026-07-10 15:02:23 DEBUG   [BROKER] Routed message on topic 'patient_vitals' from 'surgeon_console' to 2 subscribers
2026-07-10 15:02:24 DEBUG   [BROKER] Routed message on topic 'robot_telemetry' from 'robot_console' to 2 subscribers
2026-07-10 15:02:24 DEBUG   [BROKER] Routed message on topic 'patient_vitals' from 'surgeon_console' to 2 subscribers
2026-07-10 15:02:25 DEBUG   [BROKER] Routed message on topic 'robot_telemetry' from 'robot_console' to 2 subscribers
2026-07-10 15:02:25 DEBUG   [BROKER] Routed message on topic 'patient_vitals' from 'surgeon_console' to 2 subscribers
2026-07-10 15:02:26 DEBUG   [BROKER] Routed message on topic 'robot_telemetry' from 'robot_console' to 2 subscribers
2026-07-10 15:02:26 DEBUG   [BROKER] Routed message on topic 'patient_vitals' from 'surgeon_console' to 2 subscribers
2026-07-10 15:02:26 DEBUG   [BROKER] Routed message on topic 'alerts' from 'robot_console' to 2 subscribers
2026-07-10 15:02:27 DEBUG   [BROKER] Routed message on topic 'robot_telemetry' from 'robot_console' to 2 subscribers
2026-07-10 15:02:27 DEBUG   [BROKER] Routed message on topic 'patient_vitals' from 'surgeon_console' to 2 subscribers
2026-07-10 15:02:28 DEBUG   [BROKER] Routed message on topic 'robot_telemetry' from 'robot_console' to 2 subscribers
2026-07-10 15:02:28 DEBUG   [BROKER] Routed message on topic 'patient_vitals' from 'surgeon_console' to 2 subscribers
2026-07-10 15:02:29 DEBUG   [BROKER] Routed message on topic 'robot_telemetry' from 'robot_console' to 2 subscribers
2026-07-10 15:02:29 DEBUG   [BROKER] Routed message on topic 'patient_vitals' from 'surgeon_console' to 2 subscribers
2026-07-10 15:02:30 DEBUG   [BROKER] Routed message on topic 'robot_telemetry' from 'robot_console' to 2 subscribers
2026-07-10 15:02:30 DEBUG   [BROKER] Routed message on topic 'patient_vitals' from 'surgeon_console' to 2 subscribers
2026-07-10 15:02:31 DEBUG   [BROKER] Routed message on topic 'robot_telemetry' from 'robot_console' to 2 subscribers
2026-07-10 15:02:31 DEBUG   [BROKER] Routed message on topic 'patient_vitals' from 'surgeon_console' to 2 subscribers
2026-07-10 15:02:32 DEBUG   [BROKER] Routed message on topic 'robot_telemetry' from 'robot_console' to 2 subscribers
2026-07-10 15:02:32 DEBUG   [BROKER] Routed message on topic 'patient_vitals' from 'surgeon_console' to 2 subscribers
2026-07-10 15:02:33 DEBUG   [BROKER] Routed message on topic 'robot_telemetry' from 'robot_console' to 2 subscribers
2026-07-10 15:02:33 DEBUG   [BROKER] Routed message on topic 'patient_vitals' from 'surgeon_console' to 2 subscribers
2026-07-10 15:02:34 DEBUG   [BROKER] Routed message on topic 'robot_telemetry' from 'robot_console' to 2 subscribers
2026-07-10 15:02:34 DEBUG   [BROKER] Routed message on topic 'patient_vitals' from 'surgeon_console' to 2 subscribers
2026-07-10 15:02:35 DEBUG   [BROKER] Routed message on topic 'robot_telemetry' from 'robot_console' to 2 subscribers
2026-07-10 15:02:35 DEBUG   [BROKER] Routed message on topic 'patient_vitals' from 'surgeon_console' to 2 subscribers
2026-07-10 15:02:36 DEBUG   [BROKER] Routed message on topic 'robot_telemetry' from 'robot_console' to 2 subscribers
2026-07-10 15:02:36 DEBUG   [BROKER] Routed message on topic 'patient_vitals' from 'surgeon_console' to 2 subscribers
2026-07-10 15:02:37 DEBUG   [BROKER] Routed message on topic 'robot_telemetry' from 'robot_console' to 2 subscribers
2026-07-10 15:02:37 DEBUG   [BROKER] Routed message on topic 'patient_vitals' from 'surgeon_console' to 2 subscribers
2026-07-10 15:02:38 DEBUG   [BROKER] Routed message on topic 'robot_telemetry' from 'robot_console' to 2 subscribers
2026-07-10 15:02:38 DEBUG   [BROKER] Routed message on topic 'patient_vitals' from 'surgeon_console' to 2 subscribers
2026-07-10 15:02:39 DEBUG   [BROKER] Routed message on topic 'robot_telemetry' from 'robot_console' to 2 subscribers
2026-07-10 15:02:39 DEBUG   [BROKER] Routed message on topic 'patient_vitals' from 'surgeon_console' to 2 subscribers
2026-07-10 15:02:40 DEBUG   [BROKER] Routed message on topic 'robot_telemetry' from 'robot_console' to 2 subscribers
2026-07-10 15:02:40 DEBUG   [BROKER] Routed message on topic 'patient_vitals' from 'surgeon_console' to 2 subscribers
2026-07-10 15:02:41 DEBUG   [BROKER] Routed message on topic 'robot_telemetry' from 'robot_console' to 2 subscribers
2026-07-10 15:02:41 DEBUG   [BROKER] Routed message on topic 'patient_vitals' from 'surgeon_console' to 2 subscribers
2026-07-10 15:02:42 DEBUG   [BROKER] Routed message on topic 'robot_telemetry' from 'robot_console' to 2 subscribers
2026-07-10 15:02:42 DEBUG   [BROKER] Routed message on topic 'patient_vitals' from 'surgeon_console' to 2 subscribers
2026-07-10 15:02:43 DEBUG   [BROKER] Routed message on topic 'robot_telemetry' from 'robot_console' to 2 subscribers
2026-07-10 15:02:43 DEBUG   [BROKER] Routed message on topic 'patient_vitals' from 'surgeon_console' to 2 subscribers
2026-07-10 15:02:44 DEBUG   [BROKER] Routed message on topic 'robot_telemetry' from 'robot_console' to 2 subscribers
2026-07-10 15:02:44 DEBUG   [BROKER] Routed message on topic 'patient_vitals' from 'surgeon_console' to 2 subscribers
2026-07-10 15:02:45 DEBUG   [BROKER] Routed message on topic 'robot_telemetry' from 'robot_console' to 2 subscribers
2026-07-10 15:02:45 DEBUG   [BROKER] Routed message on topic 'patient_vitals' from 'surgeon_console' to 2 subscribers
2026-07-10 15:02:46 DEBUG   [BROKER] Routed message on topic 'robot_telemetry' from 'robot_console' to 2 subscribers
2026-07-10 15:02:46 DEBUG   [BROKER] Routed message on topic 'patient_vitals' from 'surgeon_console' to 2 subscribers
2026-07-10 15:02:47 DEBUG   [BROKER] Routed message on topic 'robot_telemetry' from 'robot_console' to 2 subscribers
2026-07-10 15:02:47 DEBUG   [BROKER] Routed message on topic 'patient_vitals' from 'surgeon_console' to 2 subscribers
2026-07-10 15:02:48 DEBUG   [BROKER] Routed message on topic 'robot_telemetry' from 'robot_console' to 2 subscribers
2026-07-10 15:02:48 DEBUG   [BROKER] Routed message on topic 'patient_vitals' from 'surgeon_console' to 2 subscribers
2026-07-10 15:02:49 DEBUG   [BROKER] Routed message on topic 'robot_telemetry' from 'robot_console' to 2 subscribers
2026-07-10 15:02:49 DEBUG   [BROKER] Routed message on topic 'patient_vitals' from 'surgeon_console' to 2 subscribers
2026-07-10 15:02:50 DEBUG   [BROKER] Routed message on topic 'robot_telemetry' from 'robot_console' to 2 subscribers
2026-07-10 15:02:50 DEBUG   [BROKER] Routed message on topic 'patient_vitals' from 'surgeon_console' to 2 subscribers
2026-07-10 15:02:51 DEBUG   [BROKER] Routed message on topic 'robot_telemetry' from 'robot_console' to 2 subscribers
2026-07-10 15:02:51 DEBUG   [BROKER] Routed message on topic 'patient_vitals' from 'surgeon_console' to 2 subscribers
2026-07-10 15:02:52 DEBUG   [BROKER] Routed message on topic 'robot_telemetry' from 'robot_console' to 2 subscribers
2026-07-10 15:02:52 DEBUG   [BROKER] Routed message on topic 'patient_vitals' from 'surgeon_console' to 2 subscribers
2026-07-10 15:02:53 DEBUG   [BROKER] Routed message on topic 'robot_telemetry' from 'robot_console' to 2 subscribers
2026-07-10 15:02:53 DEBUG   [BROKER] Routed message on topic 'patient_vitals' from 'surgeon_console' to 2 subscribers
2026-07-10 15:02:54 DEBUG   [BROKER] Routed message on topic 'robot_telemetry' from 'robot_console' to 2 subscribers
2026-07-10 15:02:54 DEBUG   [BROKER] Routed message on topic 'patient_vitals' from 'surgeon_console' to 2 subscribers
2026-07-10 15:02:55 DEBUG   [BROKER] Routed message on topic 'robot_telemetry' from 'robot_console' to 2 subscribers
2026-07-10 15:02:55 DEBUG   [BROKER] Routed message on topic 'patient_vitals' from 'surgeon_console' to 2 subscribers
2026-07-10 15:02:56 DEBUG   [BROKER] Routed message on topic 'robot_telemetry' from 'robot_console' to 2 subscribers
2026-07-10 15:02:56 DEBUG   [BROKER] Routed message on topic 'patient_vitals' from 'surgeon_console' to 2 subscribers
2026-07-10 15:02:57 DEBUG   [BROKER] Routed message on topic 'robot_telemetry' from 'robot_console' to 2 subscribers
2026-07-10 15:02:57 DEBUG   [BROKER] Routed message on topic 'patient_vitals' from 'surgeon_console' to 2 subscribers
2026-07-10 15:02:58 DEBUG   [BROKER] Routed message on topic 'robot_telemetry' from 'robot_console' to 2 subscribers
2026-07-10 15:02:58 DEBUG   [BROKER] Routed message on topic 'patient_vitals' from 'surgeon_console' to 2 subscribers
2026-07-10 15:02:59 DEBUG   [BROKER] Routed message on topic 'robot_telemetry' from 'robot_console' to 2 subscribers
2026-07-10 15:02:59 DEBUG   [BROKER] Routed message on topic 'patient_vitals' from 'surgeon_console' to 2 subscribers
2026-07-10 15:03:00 DEBUG   [BROKER] Routed message on topic 'robot_telemetry' from 'robot_console' to 2 subscribers
2026-07-10 15:03:00 DEBUG   [BROKER] Routed message on topic 'patient_vitals' from 'surgeon_console' to 2 subscribers
2026-07-10 15:03:01 DEBUG   [BROKER] Routed message on topic 'robot_telemetry' from 'robot_console' to 2 subscribers
2026-07-10 15:03:01 DEBUG   [BROKER] Routed message on topic 'patient_vitals' from 'surgeon_console' to 2 subscribers
2026-07-10 15:03:02 DEBUG   [BROKER] Routed message on topic 'robot_telemetry' from 'robot_console' to 2 subscribers
2026-07-10 15:03:02 DEBUG   [BROKER] Routed message on topic 'patient_vitals' from 'surgeon_console' to 2 subscribers
2026-07-10 15:03:03 DEBUG   [BROKER] Routed message on topic 'robot_telemetry' from 'robot_console' to 2 subscribers
2026-07-10 15:03:03 DEBUG   [BROKER] Routed message on topic 'patient_vitals' from 'surgeon_console' to 2 subscribers
2026-07-10 15:03:04 DEBUG   [BROKER] Routed message on topic 'robot_telemetry' from 'robot_console' to 2 subscribers
2026-07-10 15:03:04 DEBUG   [BROKER] Routed message on topic 'patient_vitals' from 'surgeon_console' to 2 subscribers
2026-07-10 15:03:05 DEBUG   [BROKER] Routed message on topic 'robot_telemetry' from 'robot_console' to 2 subscribers
2026-07-10 15:03:05 DEBUG   [BROKER] Routed message on topic 'patient_vitals' from 'surgeon_console' to 2 subscribers
2026-07-10 15:03:06 DEBUG   [BROKER] Routed message on topic 'robot_telemetry' from 'robot_console' to 2 subscribers
2026-07-10 15:03:06 DEBUG   [BROKER] Routed message on topic 'patient_vitals' from 'surgeon_console' to 2 subscribers
2026-07-10 15:03:07 DEBUG   [BROKER] Routed message on topic 'robot_telemetry' from 'robot_console' to 2 subscribers
2026-07-10 15:03:07 DEBUG   [BROKER] Routed message on topic 'patient_vitals' from 'surgeon_console' to 2 subscribers
2026-07-10 15:03:08 DEBUG   [BROKER] Routed message on topic 'robot_telemetry' from 'robot_console' to 2 subscribers
2026-07-10 15:03:08 DEBUG   [BROKER] Routed message on topic 'patient_vitals' from 'surgeon_console' to 2 subscribers
2026-07-10 15:03:09 DEBUG   [BROKER] Routed message on topic 'robot_telemetry' from 'robot_console' to 2 subscribers
2026-07-10 15:03:09 DEBUG   [BROKER] Routed message on topic 'patient_vitals' from 'surgeon_console' to 2 subscribers
2026-07-10 15:03:10 DEBUG   [BROKER] Routed message on topic 'robot_telemetry' from 'robot_console' to 2 subscribers
2026-07-10 15:03:10 DEBUG   [BROKER] Routed message on topic 'patient_vitals' from 'surgeon_console' to 2 subscribers
2026-07-10 15:03:11 DEBUG   [BROKER] Routed message on topic 'robot_telemetry' from 'robot_console' to 2 subscribers
2026-07-10 15:03:11 DEBUG   [BROKER] Routed message on topic 'patient_vitals' from 'surgeon_console' to 2 subscribers
2026-07-10 15:03:12 DEBUG   [BROKER] Routed message on topic 'robot_telemetry' from 'robot_console' to 2 subscribers
2026-07-10 15:03:12 DEBUG   [BROKER] Routed message on topic 'patient_vitals' from 'surgeon_console' to 2 subscribers
2026-07-10 15:03:13 DEBUG   [BROKER] Routed message on topic 'robot_telemetry' from 'robot_console' to 2 subscribers
2026-07-10 15:03:13 DEBUG   [BROKER] Routed message on topic 'patient_vitals' from 'surgeon_console' to 2 subscribers
2026-07-10 15:03:14 DEBUG   [BROKER] Routed message on topic 'robot_telemetry' from 'robot_console' to 2 subscribers
2026-07-10 15:03:14 DEBUG   [BROKER] Routed message on topic 'patient_vitals' from 'surgeon_console' to 2 subscribers
2026-07-10 15:03:15 DEBUG   [BROKER] Routed message on topic 'robot_telemetry' from 'robot_console' to 2 subscribers
2026-07-10 15:03:15 DEBUG   [BROKER] Routed message on topic 'patient_vitals' from 'surgeon_console' to 2 subscribers
2026-07-10 15:03:16 DEBUG   [BROKER] Routed message on topic 'robot_telemetry' from 'robot_console' to 2 subscribers
2026-07-10 15:03:16 DEBUG   [BROKER] Routed message on topic 'patient_vitals' from 'surgeon_console' to 2 subscribers
2026-07-10 15:03:17 DEBUG   [BROKER] Routed message on topic 'robot_telemetry' from 'robot_console' to 2 subscribers
2026-07-10 15:03:17 DEBUG   [BROKER] Routed message on topic 'patient_vitals' from 'surgeon_console' to 2 subscribers
2026-07-10 15:03:18 DEBUG   [BROKER] Routed message on topic 'robot_telemetry' from 'robot_console' to 2 subscribers
2026-07-10 15:03:18 DEBUG   [BROKER] Routed message on topic 'patient_vitals' from 'surgeon_console' to 2 subscribers
2026-07-10 15:03:19 DEBUG   [BROKER] Routed message on topic 'robot_telemetry' from 'robot_console' to 2 subscribers
2026-07-10 15:03:19 DEBUG   [BROKER] Routed message on topic 'patient_vitals' from 'surgeon_console' to 2 subscribers
2026-07-10 15:03:20 DEBUG   [BROKER] Routed message on topic 'robot_telemetry' from 'robot_console' to 2 subscribers
2026-07-10 15:03:20 DEBUG   [BROKER] Routed message on topic 'patient_vitals' from 'surgeon_console' to 2 subscribers
2026-07-10 15:03:21 DEBUG   [BROKER] Routed message on topic 'robot_telemetry' from 'robot_console' to 2 subscribers
2026-07-10 15:03:21 DEBUG   [BROKER] Routed message on topic 'patient_vitals' from 'surgeon_console' to 2 subscribers
2026-07-10 15:03:22 DEBUG   [BROKER] Routed message on topic 'robot_telemetry' from 'robot_console' to 2 subscribers
2026-07-10 15:03:22 DEBUG   [BROKER] Routed message on topic 'patient_vitals' from 'surgeon_console' to 2 subscribers
2026-07-10 15:03:23 DEBUG   [BROKER] Routed message on topic 'robot_telemetry' from 'robot_console' to 2 subscribers
2026-07-10 15:03:23 DEBUG   [BROKER] Routed message on topic 'patient_vitals' from 'surgeon_console' to 2 subscribers
2026-07-10 15:03:24 DEBUG   [BROKER] Routed message on topic 'robot_telemetry' from 'robot_console' to 2 subscribers
2026-07-10 15:03:24 DEBUG   [BROKER] Routed message on topic 'patient_vitals' from 'surgeon_console' to 2 subscribers
2026-07-10 15:03:25 DEBUG   [BROKER] Routed message on topic 'robot_telemetry' from 'robot_console' to 2 subscribers
2026-07-10 15:03:25 DEBUG   [BROKER] Routed message on topic 'patient_vitals' from 'surgeon_console' to 2 subscribers
2026-07-10 15:03:26 DEBUG   [BROKER] Routed message on topic 'robot_telemetry' from 'robot_console' to 2 subscribers
2026-07-10 15:03:26 DEBUG   [BROKER] Routed message on topic 'alerts' from 'robot_console' to 2 subscribers
2026-07-10 15:03:26 DEBUG   [BROKER] Routed message on topic 'patient_vitals' from 'surgeon_console' to 2 subscribers
2026-07-10 15:03:27 DEBUG   [BROKER] Routed message on topic 'robot_telemetry' from 'robot_console' to 2 subscribers
2026-07-10 15:03:27 DEBUG   [BROKER] Routed message on topic 'patient_vitals' from 'surgeon_console' to 2 subscribers
2026-07-10 15:03:28 DEBUG   [BROKER] Routed message on topic 'robot_telemetry' from 'robot_console' to 2 subscribers
2026-07-10 15:03:28 DEBUG   [BROKER] Routed message on topic 'patient_vitals' from 'surgeon_console' to 2 subscribers
2026-07-10 15:03:29 DEBUG   [BROKER] Routed message on topic 'robot_telemetry' from 'robot_console' to 2 subscribers
2026-07-10 15:03:29 DEBUG   [BROKER] Routed message on topic 'patient_vitals' from 'surgeon_console' to 2 subscribers
2026-07-10 15:03:30 DEBUG   [BROKER] Routed message on topic 'robot_telemetry' from 'robot_console' to 2 subscribers
2026-07-10 15:03:30 DEBUG   [BROKER] Routed message on topic 'patient_vitals' from 'surgeon_console' to 2 subscribers
2026-07-10 15:03:31 DEBUG   [BROKER] Routed message on topic 'robot_telemetry' from 'robot_console' to 2 subscribers
2026-07-10 15:03:31 DEBUG   [BROKER] Routed message on topic 'patient_vitals' from 'surgeon_console' to 2 subscribers
2026-07-10 15:03:32 DEBUG   [BROKER] Routed message on topic 'robot_telemetry' from 'robot_console' to 2 subscribers
2026-07-10 15:03:32 DEBUG   [BROKER] Routed message on topic 'patient_vitals' from 'surgeon_console' to 2 subscribers
2026-07-10 15:03:33 DEBUG   [BROKER] Routed message on topic 'robot_telemetry' from 'robot_console' to 2 subscribers
2026-07-10 15:03:33 DEBUG   [BROKER] Routed message on topic 'patient_vitals' from 'surgeon_console' to 2 subscribers
2026-07-10 15:03:34 DEBUG   [BROKER] Routed message on topic 'robot_telemetry' from 'robot_console' to 2 subscribers
2026-07-10 15:03:34 DEBUG   [BROKER] Routed message on topic 'patient_vitals' from 'surgeon_console' to 2 subscribers
2026-07-10 15:03:35 DEBUG   [BROKER] Routed message on topic 'robot_telemetry' from 'robot_console' to 2 subscribers
2026-07-10 15:03:35 DEBUG   [BROKER] Routed message on topic 'patient_vitals' from 'surgeon_console' to 2 subscribers
2026-07-10 15:03:36 DEBUG   [BROKER] Routed message on topic 'robot_telemetry' from 'robot_console' to 2 subscribers
2026-07-10 15:03:36 DEBUG   [BROKER] Routed message on topic 'patient_vitals' from 'surgeon_console' to 2 subscribers
2026-07-10 15:03:37 DEBUG   [BROKER] Routed message on topic 'robot_telemetry' from 'robot_console' to 2 subscribers
2026-07-10 15:03:37 DEBUG   [BROKER] Routed message on topic 'patient_vitals' from 'surgeon_console' to 2 subscribers
2026-07-10 15:03:38 DEBUG   [BROKER] Routed message on topic 'robot_telemetry' from 'robot_console' to 2 subscribers
2026-07-10 15:03:38 DEBUG   [BROKER] Routed message on topic 'patient_vitals' from 'surgeon_console' to 2 subscribers
2026-07-10 15:03:39 DEBUG   [BROKER] Routed message on topic 'robot_telemetry' from 'robot_console' to 2 subscribers
2026-07-10 15:03:39 DEBUG   [BROKER] Routed message on topic 'patient_vitals' from 'surgeon_console' to 2 subscribers
2026-07-10 15:03:40 DEBUG   [BROKER] Routed message on topic 'robot_telemetry' from 'robot_console' to 2 subscribers
2026-07-10 15:03:40 DEBUG   [BROKER] Routed message on topic 'patient_vitals' from 'surgeon_console' to 2 subscribers
2026-07-10 15:03:41 DEBUG   [BROKER] Routed message on topic 'robot_telemetry' from 'robot_console' to 2 subscribers
2026-07-10 15:03:41 DEBUG   [BROKER] Routed message on topic 'patient_vitals' from 'surgeon_console' to 2 subscribers
2026-07-10 15:03:42 DEBUG   [BROKER] Routed message on topic 'robot_telemetry' from 'robot_console' to 2 subscribers
2026-07-10 15:03:42 DEBUG   [BROKER] Routed message on topic 'patient_vitals' from 'surgeon_console' to 2 subscribers
2026-07-10 15:03:43 DEBUG   [BROKER] Routed message on topic 'robot_telemetry' from 'robot_console' to 2 subscribers
2026-07-10 15:03:43 DEBUG   [BROKER] Routed message on topic 'patient_vitals' from 'surgeon_console' to 2 subscribers
2026-07-10 15:03:44 DEBUG   [BROKER] Routed message on topic 'robot_telemetry' from 'robot_console' to 2 subscribers
2026-07-10 15:03:44 DEBUG   [BROKER] Routed message on topic 'patient_vitals' from 'surgeon_console' to 2 subscribers
2026-07-10 15:03:45 DEBUG   [BROKER] Routed message on topic 'robot_telemetry' from 'robot_console' to 2 subscribers
2026-07-10 15:03:45 DEBUG   [BROKER] Routed message on topic 'patient_vitals' from 'surgeon_console' to 2 subscribers
2026-07-10 15:03:46 DEBUG   [BROKER] Routed message on topic 'robot_telemetry' from 'robot_console' to 2 subscribers
2026-07-10 15:03:46 DEBUG   [BROKER] Routed message on topic 'patient_vitals' from 'surgeon_console' to 2 subscribers
2026-07-10 15:03:47 DEBUG   [BROKER] Routed message on topic 'robot_telemetry' from 'robot_console' to 2 subscribers
2026-07-10 15:03:47 DEBUG   [BROKER] Routed message on topic 'patient_vitals' from 'surgeon_console' to 2 subscribers
2026-07-10 15:03:48 DEBUG   [BROKER] Routed message on topic 'robot_telemetry' from 'robot_console' to 2 subscribers
2026-07-10 15:03:48 DEBUG   [BROKER] Routed message on topic 'patient_vitals' from 'surgeon_console' to 2 subscribers
2026-07-10 15:03:49 DEBUG   [BROKER] Routed message on topic 'robot_telemetry' from 'robot_console' to 2 subscribers
2026-07-10 15:03:49 DEBUG   [BROKER] Routed message on topic 'patient_vitals' from 'surgeon_console' to 2 subscribers
2026-07-10 15:03:50 DEBUG   [BROKER] Routed message on topic 'robot_telemetry' from 'robot_console' to 2 subscribers
2026-07-10 15:03:50 DEBUG   [BROKER] Routed message on topic 'patient_vitals' from 'surgeon_console' to 2 subscribers
2026-07-10 15:03:51 DEBUG   [BROKER] Routed message on topic 'robot_telemetry' from 'robot_console' to 2 subscribers
2026-07-10 15:03:51 DEBUG   [BROKER] Routed message on topic 'patient_vitals' from 'surgeon_console' to 2 subscribers
2026-07-10 15:03:52 DEBUG   [BROKER] Routed message on topic 'robot_telemetry' from 'robot_console' to 2 subscribers
2026-07-10 15:03:52 DEBUG   [BROKER] Routed message on topic 'patient_vitals' from 'surgeon_console' to 2 subscribers
2026-07-10 15:03:53 DEBUG   [BROKER] Routed message on topic 'robot_telemetry' from 'robot_console' to 2 subscribers
2026-07-10 15:03:53 DEBUG   [BROKER] Routed message on topic 'patient_vitals' from 'surgeon_console' to 2 subscribers
2026-07-10 15:03:54 DEBUG   [BROKER] Routed message on topic 'robot_telemetry' from 'robot_console' to 2 subscribers
2026-07-10 15:03:54 DEBUG   [BROKER] Routed message on topic 'patient_vitals' from 'surgeon_console' to 2 subscribers
2026-07-10 15:03:55 DEBUG   [BROKER] Routed message on topic 'robot_telemetry' from 'robot_console' to 2 subscribers
2026-07-10 15:03:55 DEBUG   [BROKER] Routed message on topic 'patient_vitals' from 'surgeon_console' to 2 subscribers
2026-07-10 15:03:56 DEBUG   [BROKER] Routed message on topic 'robot_telemetry' from 'robot_console' to 2 subscribers
2026-07-10 15:03:56 DEBUG   [BROKER] Routed message on topic 'patient_vitals' from 'surgeon_console' to 2 subscribers
2026-07-10 15:03:57 DEBUG   [BROKER] Routed message on topic 'robot_telemetry' from 'robot_console' to 2 subscribers
2026-07-10 15:03:57 DEBUG   [BROKER] Routed message on topic 'patient_vitals' from 'surgeon_console' to 2 subscribers
2026-07-10 15:03:58 DEBUG   [BROKER] Routed message on topic 'robot_telemetry' from 'robot_console' to 2 subscribers
2026-07-10 15:03:58 DEBUG   [BROKER] Routed message on topic 'patient_vitals' from 'surgeon_console' to 2 subscribers
2026-07-10 15:03:59 DEBUG   [BROKER] Routed message on topic 'robot_telemetry' from 'robot_console' to 2 subscribers
2026-07-10 15:03:59 DEBUG   [BROKER] Routed message on topic 'patient_vitals' from 'surgeon_console' to 2 subscribers
2026-07-10 15:04:00 DEBUG   [BROKER] Routed message on topic 'robot_telemetry' from 'robot_console' to 2 subscribers
2026-07-10 15:04:00 DEBUG   [BROKER] Routed message on topic 'patient_vitals' from 'surgeon_console' to 2 subscribers
2026-07-10 15:04:01 DEBUG   [BROKER] Routed message on topic 'robot_telemetry' from 'robot_console' to 2 subscribers
2026-07-10 15:04:01 DEBUG   [BROKER] Routed message on topic 'patient_vitals' from 'surgeon_console' to 2 subscribers
2026-07-10 15:04:02 DEBUG   [BROKER] Routed message on topic 'robot_telemetry' from 'robot_console' to 2 subscribers
2026-07-10 15:04:02 DEBUG   [BROKER] Routed message on topic 'patient_vitals' from 'surgeon_console' to 2 subscribers
2026-07-10 15:04:03 DEBUG   [BROKER] Routed message on topic 'robot_telemetry' from 'robot_console' to 2 subscribers
2026-07-10 15:04:03 DEBUG   [BROKER] Routed message on topic 'patient_vitals' from 'surgeon_console' to 2 subscribers
2026-07-10 15:04:04 DEBUG   [BROKER] Routed message on topic 'robot_telemetry' from 'robot_console' to 2 subscribers
2026-07-10 15:04:04 DEBUG   [BROKER] Routed message on topic 'patient_vitals' from 'surgeon_console' to 2 subscribers
2026-07-10 15:04:05 DEBUG   [BROKER] Routed message on topic 'robot_telemetry' from 'robot_console' to 2 subscribers
2026-07-10 15:04:05 DEBUG   [BROKER] Routed message on topic 'patient_vitals' from 'surgeon_console' to 2 subscribers
2026-07-10 15:04:06 DEBUG   [BROKER] Routed message on topic 'robot_telemetry' from 'robot_console' to 2 subscribers
2026-07-10 15:04:06 DEBUG   [BROKER] Routed message on topic 'patient_vitals' from 'surgeon_console' to 2 subscribers
2026-07-10 15:04:07 DEBUG   [BROKER] Routed message on topic 'robot_telemetry' from 'robot_console' to 2 subscribers
2026-07-10 15:04:07 DEBUG   [BROKER] Routed message on topic 'patient_vitals' from 'surgeon_console' to 2 subscribers
2026-07-10 15:04:08 DEBUG   [BROKER] Routed message on topic 'robot_telemetry' from 'robot_console' to 2 subscribers
2026-07-10 15:04:08 DEBUG   [BROKER] Routed message on topic 'patient_vitals' from 'surgeon_console' to 2 subscribers
2026-07-10 15:04:09 DEBUG   [BROKER] Routed message on topic 'robot_telemetry' from 'robot_console' to 2 subscribers
2026-07-10 15:04:09 DEBUG   [BROKER] Routed message on topic 'patient_vitals' from 'surgeon_console' to 2 subscribers
2026-07-10 15:04:10 DEBUG   [BROKER] Routed message on topic 'robot_telemetry' from 'robot_console' to 2 subscribers
2026-07-10 15:04:10 DEBUG   [BROKER] Routed message on topic 'patient_vitals' from 'surgeon_console' to 2 subscribers
2026-07-10 15:04:11 DEBUG   [BROKER] Routed message on topic 'robot_telemetry' from 'robot_console' to 2 subscribers
2026-07-10 15:04:11 DEBUG   [BROKER] Routed message on topic 'patient_vitals' from 'surgeon_console' to 2 subscribers
2026-07-10 15:04:12 DEBUG   [BROKER] Routed message on topic 'robot_telemetry' from 'robot_console' to 2 subscribers
2026-07-10 15:04:12 DEBUG   [BROKER] Routed message on topic 'patient_vitals' from 'surgeon_console' to 2 subscribers
2026-07-10 15:04:13 DEBUG   [BROKER] Routed message on topic 'robot_telemetry' from 'robot_console' to 2 subscribers
2026-07-10 15:04:13 DEBUG   [BROKER] Routed message on topic 'patient_vitals' from 'surgeon_console' to 2 subscribers
2026-07-10 15:04:14 DEBUG   [BROKER] Routed message on topic 'robot_telemetry' from 'robot_console' to 2 subscribers
2026-07-10 15:04:14 DEBUG   [BROKER] Routed message on topic 'patient_vitals' from 'surgeon_console' to 2 subscribers
2026-07-10 15:04:15 DEBUG   [BROKER] Routed message on topic 'robot_telemetry' from 'robot_console' to 2 subscribers
2026-07-10 15:04:16 DEBUG   [BROKER] Routed message on topic 'patient_vitals' from 'surgeon_console' to 2 subscribers
2026-07-10 15:04:16 DEBUG   [BROKER] Routed message on topic 'robot_telemetry' from 'robot_console' to 2 subscribers
2026-07-10 15:04:17 DEBUG   [BROKER] Routed message on topic 'patient_vitals' from 'surgeon_console' to 2 subscribers
2026-07-10 15:04:17 DEBUG   [BROKER] Routed message on topic 'robot_telemetry' from 'robot_console' to 2 subscribers
2026-07-10 15:04:18 DEBUG   [BROKER] Routed message on topic 'patient_vitals' from 'surgeon_console' to 2 subscribers
2026-07-10 15:04:18 DEBUG   [BROKER] Routed message on topic 'robot_telemetry' from 'robot_console' to 2 subscribers
2026-07-10 15:04:19 DEBUG   [BROKER] Routed message on topic 'patient_vitals' from 'surgeon_console' to 2 subscribers
2026-07-10 15:04:19 DEBUG   [BROKER] Routed message on topic 'robot_telemetry' from 'robot_console' to 2 subscribers
2026-07-10 15:04:20 DEBUG   [BROKER] Routed message on topic 'patient_vitals' from 'surgeon_console' to 2 subscribers
2026-07-10 15:04:20 DEBUG   [BROKER] Routed message on topic 'robot_telemetry' from 'robot_console' to 2 subscribers
2026-07-10 15:04:20 DEBUG   [BROKER] Routed message on topic 'patient_vitals' from 'surgeon_console' to 2 subscribers
2026-07-10 15:04:21 DEBUG   [BROKER] Routed message on topic 'robot_telemetry' from 'robot_console' to 2 subscribers
2026-07-10 15:04:22 DEBUG   [BROKER] Routed message on topic 'patient_vitals' from 'surgeon_console' to 2 subscribers
2026-07-10 15:04:22 DEBUG   [BROKER] Routed message on topic 'robot_telemetry' from 'robot_console' to 2 subscribers
2026-07-10 15:04:23 DEBUG   [BROKER] Routed message on topic 'patient_vitals' from 'surgeon_console' to 2 subscribers
2026-07-10 15:04:23 DEBUG   [BROKER] Routed message on topic 'robot_telemetry' from 'robot_console' to 2 subscribers
2026-07-10 15:04:24 DEBUG   [BROKER] Routed message on topic 'patient_vitals' from 'surgeon_console' to 2 subscribers
2026-07-10 15:04:24 DEBUG   [BROKER] Routed message on topic 'robot_telemetry' from 'robot_console' to 2 subscribers
2026-07-10 15:04:25 DEBUG   [BROKER] Routed message on topic 'patient_vitals' from 'surgeon_console' to 2 subscribers
2026-07-10 15:04:25 DEBUG   [BROKER] Routed message on topic 'robot_telemetry' from 'robot_console' to 2 subscribers
2026-07-10 15:04:26 DEBUG   [BROKER] Routed message on topic 'patient_vitals' from 'surgeon_console' to 2 subscribers
2026-07-10 15:04:26 DEBUG   [BROKER] Routed message on topic 'robot_telemetry' from 'robot_console' to 2 subscribers
2026-07-10 15:04:26 DEBUG   [BROKER] Routed message on topic 'alerts' from 'robot_console' to 2 subscribers
2026-07-10 15:04:27 DEBUG   [BROKER] Routed message on topic 'patient_vitals' from 'surgeon_console' to 2 subscribers
2026-07-10 15:04:27 DEBUG   [BROKER] Routed message on topic 'robot_telemetry' from 'robot_console' to 2 subscribers
2026-07-10 15:04:28 DEBUG   [BROKER] Routed message on topic 'patient_vitals' from 'surgeon_console' to 2 subscribers
2026-07-10 15:04:28 DEBUG   [BROKER] Routed message on topic 'robot_telemetry' from 'robot_console' to 2 subscribers
2026-07-10 15:04:29 DEBUG   [BROKER] Routed message on topic 'patient_vitals' from 'surgeon_console' to 2 subscribers
2026-07-10 15:04:29 DEBUG   [BROKER] Routed message on topic 'robot_telemetry' from 'robot_console' to 2 subscribers
2026-07-10 15:04:30 DEBUG   [BROKER] Routed message on topic 'patient_vitals' from 'surgeon_console' to 2 subscribers
2026-07-10 15:04:30 DEBUG   [BROKER] Routed message on topic 'robot_telemetry' from 'robot_console' to 2 subscribers
2026-07-10 15:04:31 DEBUG   [BROKER] Routed message on topic 'patient_vitals' from 'surgeon_console' to 2 subscribers
2026-07-10 15:04:31 DEBUG   [BROKER] Routed message on topic 'robot_telemetry' from 'robot_console' to 2 subscribers
2026-07-10 15:04:32 DEBUG   [BROKER] Routed message on topic 'patient_vitals' from 'surgeon_console' to 2 subscribers
2026-07-10 15:04:32 DEBUG   [BROKER] Routed message on topic 'robot_telemetry' from 'robot_console' to 2 subscribers
2026-07-10 15:04:33 DEBUG   [BROKER] Routed message on topic 'patient_vitals' from 'surgeon_console' to 2 subscribers
2026-07-10 15:04:33 DEBUG   [BROKER] Routed message on topic 'robot_telemetry' from 'robot_console' to 2 subscribers
2026-07-10 15:04:34 DEBUG   [BROKER] Routed message on topic 'patient_vitals' from 'surgeon_console' to 2 subscribers
2026-07-10 15:04:34 DEBUG   [BROKER] Routed message on topic 'robot_telemetry' from 'robot_console' to 2 subscribers
2026-07-10 15:04:35 DEBUG   [BROKER] Routed message on topic 'patient_vitals' from 'surgeon_console' to 2 subscribers
2026-07-10 15:04:35 DEBUG   [BROKER] Routed message on topic 'robot_telemetry' from 'robot_console' to 2 subscribers
2026-07-10 15:04:36 DEBUG   [BROKER] Routed message on topic 'patient_vitals' from 'surgeon_console' to 2 subscribers
2026-07-10 15:04:36 DEBUG   [BROKER] Routed message on topic 'robot_telemetry' from 'robot_console' to 2 subscribers
2026-07-10 15:04:37 DEBUG   [BROKER] Routed message on topic 'patient_vitals' from 'surgeon_console' to 2 subscribers
2026-07-10 15:04:37 DEBUG   [BROKER] Routed message on topic 'robot_telemetry' from 'robot_console' to 2 subscribers
2026-07-10 15:04:38 DEBUG   [BROKER] Routed message on topic 'patient_vitals' from 'surgeon_console' to 2 subscribers
2026-07-10 15:04:38 DEBUG   [BROKER] Routed message on topic 'robot_telemetry' from 'robot_console' to 2 subscribers
2026-07-10 15:04:39 DEBUG   [BROKER] Routed message on topic 'patient_vitals' from 'surgeon_console' to 2 subscribers
2026-07-10 15:04:39 DEBUG   [BROKER] Routed message on topic 'robot_telemetry' from 'robot_console' to 2 subscribers
2026-07-10 15:04:40 DEBUG   [BROKER] Routed message on topic 'patient_vitals' from 'surgeon_console' to 2 subscribers
2026-07-10 15:04:40 DEBUG   [BROKER] Routed message on topic 'robot_telemetry' from 'robot_console' to 2 subscribers
2026-07-10 15:04:41 DEBUG   [BROKER] Routed message on topic 'patient_vitals' from 'surgeon_console' to 2 subscribers
2026-07-10 15:04:41 DEBUG   [BROKER] Routed message on topic 'robot_telemetry' from 'robot_console' to 2 subscribers
2026-07-10 15:04:42 DEBUG   [BROKER] Routed message on topic 'patient_vitals' from 'surgeon_console' to 2 subscribers
2026-07-10 15:04:42 DEBUG   [BROKER] Routed message on topic 'robot_telemetry' from 'robot_console' to 2 subscribers
2026-07-10 15:04:43 DEBUG   [BROKER] Routed message on topic 'patient_vitals' from 'surgeon_console' to 2 subscribers
2026-07-10 15:04:43 DEBUG   [BROKER] Routed message on topic 'robot_telemetry' from 'robot_console' to 2 subscribers
2026-07-10 15:04:44 DEBUG   [BROKER] Routed message on topic 'patient_vitals' from 'surgeon_console' to 2 subscribers
2026-07-10 15:04:44 DEBUG   [BROKER] Routed message on topic 'robot_telemetry' from 'robot_console' to 2 subscribers
2026-07-10 15:04:45 DEBUG   [BROKER] Routed message on topic 'patient_vitals' from 'surgeon_console' to 2 subscribers
2026-07-10 15:04:45 DEBUG   [BROKER] Routed message on topic 'robot_telemetry' from 'robot_console' to 2 subscribers
2026-07-10 15:04:46 DEBUG   [BROKER] Routed message on topic 'patient_vitals' from 'surgeon_console' to 2 subscribers
2026-07-10 15:04:46 DEBUG   [BROKER] Routed message on topic 'robot_telemetry' from 'robot_console' to 2 subscribers
2026-07-10 15:04:47 DEBUG   [BROKER] Routed message on topic 'patient_vitals' from 'surgeon_console' to 2 subscribers
2026-07-10 15:04:47 DEBUG   [BROKER] Routed message on topic 'robot_telemetry' from 'robot_console' to 2 subscribers
2026-07-10 15:04:48 DEBUG   [BROKER] Routed message on topic 'patient_vitals' from 'surgeon_console' to 2 subscribers
2026-07-10 15:04:48 DEBUG   [BROKER] Routed message on topic 'robot_telemetry' from 'robot_console' to 2 subscribers
2026-07-10 15:04:49 DEBUG   [BROKER] Routed message on topic 'patient_vitals' from 'surgeon_console' to 2 subscribers
2026-07-10 15:04:49 DEBUG   [BROKER] Routed message on topic 'robot_telemetry' from 'robot_console' to 2 subscribers
2026-07-10 15:04:50 DEBUG   [BROKER] Routed message on topic 'patient_vitals' from 'surgeon_console' to 2 subscribers
2026-07-10 15:04:50 DEBUG   [BROKER] Routed message on topic 'robot_telemetry' from 'robot_console' to 2 subscribers
2026-07-10 15:04:51 DEBUG   [BROKER] Routed message on topic 'patient_vitals' from 'surgeon_console' to 2 subscribers
2026-07-10 15:04:51 DEBUG   [BROKER] Routed message on topic 'robot_telemetry' from 'robot_console' to 2 subscribers
2026-07-10 15:04:52 DEBUG   [BROKER] Routed message on topic 'patient_vitals' from 'surgeon_console' to 2 subscribers
2026-07-10 15:04:52 DEBUG   [BROKER] Routed message on topic 'robot_telemetry' from 'robot_console' to 2 subscribers
2026-07-10 15:04:53 DEBUG   [BROKER] Routed message on topic 'patient_vitals' from 'surgeon_console' to 2 subscribers
2026-07-10 15:04:53 DEBUG   [BROKER] Routed message on topic 'robot_telemetry' from 'robot_console' to 2 subscribers
2026-07-10 15:04:54 DEBUG   [BROKER] Routed message on topic 'patient_vitals' from 'surgeon_console' to 2 subscribers
2026-07-10 15:04:54 DEBUG   [BROKER] Routed message on topic 'robot_telemetry' from 'robot_console' to 2 subscribers
2026-07-10 15:04:55 DEBUG   [BROKER] Routed message on topic 'patient_vitals' from 'surgeon_console' to 2 subscribers
2026-07-10 15:04:55 DEBUG   [BROKER] Routed message on topic 'robot_telemetry' from 'robot_console' to 2 subscribers
2026-07-10 15:04:56 DEBUG   [BROKER] Routed message on topic 'patient_vitals' from 'surgeon_console' to 2 subscribers
2026-07-10 15:04:56 DEBUG   [BROKER] Routed message on topic 'robot_telemetry' from 'robot_console' to 2 subscribers
2026-07-10 15:04:57 DEBUG   [BROKER] Routed message on topic 'patient_vitals' from 'surgeon_console' to 2 subscribers
2026-07-10 15:04:57 DEBUG   [BROKER] Routed message on topic 'robot_telemetry' from 'robot_console' to 2 subscribers
2026-07-10 15:04:58 DEBUG   [BROKER] Routed message on topic 'patient_vitals' from 'surgeon_console' to 2 subscribers
2026-07-10 15:04:58 DEBUG   [BROKER] Routed message on topic 'robot_telemetry' from 'robot_console' to 2 subscribers
2026-07-10 15:04:59 DEBUG   [BROKER] Routed message on topic 'patient_vitals' from 'surgeon_console' to 2 subscribers
2026-07-10 15:04:59 DEBUG   [BROKER] Routed message on topic 'robot_telemetry' from 'robot_console' to 2 subscribers
2026-07-10 15:05:00 DEBUG   [BROKER] Routed message on topic 'patient_vitals' from 'surgeon_console' to 2 subscribers
2026-07-10 15:05:00 DEBUG   [BROKER] Routed message on topic 'robot_telemetry' from 'robot_console' to 2 subscribers
2026-07-10 15:05:01 DEBUG   [BROKER] Routed message on topic 'patient_vitals' from 'surgeon_console' to 2 subscribers
2026-07-10 15:05:01 DEBUG   [BROKER] Routed message on topic 'robot_telemetry' from 'robot_console' to 2 subscribers
2026-07-10 15:05:02 DEBUG   [BROKER] Routed message on topic 'patient_vitals' from 'surgeon_console' to 2 subscribers
2026-07-10 15:05:02 DEBUG   [BROKER] Routed message on topic 'robot_telemetry' from 'robot_console' to 2 subscribers
2026-07-10 15:05:03 DEBUG   [BROKER] Routed message on topic 'patient_vitals' from 'surgeon_console' to 2 subscribers
2026-07-10 15:05:03 DEBUG   [BROKER] Routed message on topic 'robot_telemetry' from 'robot_console' to 2 subscribers
2026-07-10 15:05:04 DEBUG   [BROKER] Routed message on topic 'patient_vitals' from 'surgeon_console' to 2 subscribers
2026-07-10 15:05:04 DEBUG   [BROKER] Routed message on topic 'robot_telemetry' from 'robot_console' to 2 subscribers
2026-07-10 15:05:05 DEBUG   [BROKER] Routed message on topic 'patient_vitals' from 'surgeon_console' to 2 subscribers
2026-07-10 15:05:05 DEBUG   [BROKER] Routed message on topic 'robot_telemetry' from 'robot_console' to 2 subscribers
2026-07-10 15:05:06 DEBUG   [BROKER] Routed message on topic 'patient_vitals' from 'surgeon_console' to 2 subscribers
2026-07-10 15:05:06 DEBUG   [BROKER] Routed message on topic 'robot_telemetry' from 'robot_console' to 2 subscribers
2026-07-10 15:05:07 DEBUG   [BROKER] Routed message on topic 'patient_vitals' from 'surgeon_console' to 2 subscribers
2026-07-10 15:05:07 DEBUG   [BROKER] Routed message on topic 'robot_telemetry' from 'robot_console' to 2 subscribers
2026-07-10 15:05:08 DEBUG   [BROKER] Routed message on topic 'patient_vitals' from 'surgeon_console' to 2 subscribers
2026-07-10 15:05:08 DEBUG   [BROKER] Routed message on topic 'robot_telemetry' from 'robot_console' to 2 subscribers
2026-07-10 15:05:09 DEBUG   [BROKER] Routed message on topic 'patient_vitals' from 'surgeon_console' to 2 subscribers
2026-07-10 15:05:09 DEBUG   [BROKER] Routed message on topic 'robot_telemetry' from 'robot_console' to 2 subscribers
2026-07-10 15:05:10 DEBUG   [BROKER] Routed message on topic 'patient_vitals' from 'surgeon_console' to 2 subscribers
2026-07-10 15:05:10 DEBUG   [BROKER] Routed message on topic 'robot_telemetry' from 'robot_console' to 2 subscribers
2026-07-10 15:05:11 DEBUG   [BROKER] Routed message on topic 'patient_vitals' from 'surgeon_console' to 2 subscribers
2026-07-10 15:05:11 DEBUG   [BROKER] Routed message on topic 'robot_telemetry' from 'robot_console' to 2 subscribers
2026-07-10 15:05:12 DEBUG   [BROKER] Routed message on topic 'patient_vitals' from 'surgeon_console' to 2 subscribers
2026-07-10 15:05:12 DEBUG   [BROKER] Routed message on topic 'robot_telemetry' from 'robot_console' to 2 subscribers
2026-07-10 15:05:13 DEBUG   [BROKER] Routed message on topic 'patient_vitals' from 'surgeon_console' to 2 subscribers
2026-07-10 15:05:13 DEBUG   [BROKER] Routed message on topic 'robot_telemetry' from 'robot_console' to 2 subscribers
2026-07-10 15:05:14 DEBUG   [BROKER] Routed message on topic 'patient_vitals' from 'surgeon_console' to 2 subscribers
2026-07-10 15:05:14 DEBUG   [BROKER] Routed message on topic 'robot_telemetry' from 'robot_console' to 2 subscribers
2026-07-10 15:05:15 DEBUG   [BROKER] Routed message on topic 'patient_vitals' from 'surgeon_console' to 2 subscribers
2026-07-10 15:05:15 DEBUG   [BROKER] Routed message on topic 'robot_telemetry' from 'robot_console' to 2 subscribers
2026-07-10 15:05:16 DEBUG   [BROKER] Routed message on topic 'patient_vitals' from 'surgeon_console' to 2 subscribers
2026-07-10 15:05:16 DEBUG   [BROKER] Routed message on topic 'robot_telemetry' from 'robot_console' to 2 subscribers
2026-07-10 15:05:17 DEBUG   [BROKER] Routed message on topic 'patient_vitals' from 'surgeon_console' to 2 subscribers
2026-07-10 15:05:17 DEBUG   [BROKER] Routed message on topic 'robot_telemetry' from 'robot_console' to 2 subscribers
2026-07-10 15:05:18 DEBUG   [BROKER] Routed message on topic 'patient_vitals' from 'surgeon_console' to 2 subscribers
2026-07-10 15:05:18 DEBUG   [BROKER] Routed message on topic 'robot_telemetry' from 'robot_console' to 2 subscribers
2026-07-10 15:05:19 DEBUG   [BROKER] Routed message on topic 'patient_vitals' from 'surgeon_console' to 2 subscribers
2026-07-10 15:05:19 DEBUG   [BROKER] Routed message on topic 'robot_telemetry' from 'robot_console' to 2 subscribers
2026-07-10 15:05:20 DEBUG   [BROKER] Routed message on topic 'patient_vitals' from 'surgeon_console' to 2 subscribers
2026-07-10 15:05:20 DEBUG   [BROKER] Routed message on topic 'robot_telemetry' from 'robot_console' to 2 subscribers
2026-07-10 15:05:21 DEBUG   [BROKER] Routed message on topic 'patient_vitals' from 'surgeon_console' to 2 subscribers
2026-07-10 15:05:21 DEBUG   [BROKER] Routed message on topic 'robot_telemetry' from 'robot_console' to 2 subscribers
2026-07-10 15:05:22 DEBUG   [BROKER] Routed message on topic 'patient_vitals' from 'surgeon_console' to 2 subscribers
2026-07-10 15:05:22 DEBUG   [BROKER] Routed message on topic 'robot_telemetry' from 'robot_console' to 2 subscribers
2026-07-10 15:05:23 DEBUG   [BROKER] Routed message on topic 'patient_vitals' from 'surgeon_console' to 2 subscribers
2026-07-10 15:05:23 DEBUG   [BROKER] Routed message on topic 'robot_telemetry' from 'robot_console' to 2 subscribers
2026-07-10 15:05:24 DEBUG   [BROKER] Routed message on topic 'patient_vitals' from 'surgeon_console' to 2 subscribers
2026-07-10 15:05:24 DEBUG   [BROKER] Routed message on topic 'robot_telemetry' from 'robot_console' to 2 subscribers
2026-07-10 15:05:25 DEBUG   [BROKER] Routed message on topic 'patient_vitals' from 'surgeon_console' to 2 subscribers
2026-07-10 15:05:25 DEBUG   [BROKER] Routed message on topic 'robot_telemetry' from 'robot_console' to 2 subscribers
2026-07-10 15:05:26 DEBUG   [BROKER] Routed message on topic 'patient_vitals' from 'surgeon_console' to 2 subscribers
2026-07-10 15:05:26 DEBUG   [BROKER] Routed message on topic 'robot_telemetry' from 'robot_console' to 2 subscribers
2026-07-10 15:05:26 DEBUG   [BROKER] Routed message on topic 'alerts' from 'robot_console' to 2 subscribers
2026-07-10 15:05:27 DEBUG   [BROKER] Routed message on topic 'patient_vitals' from 'surgeon_console' to 2 subscribers
2026-07-10 15:05:27 DEBUG   [BROKER] Routed message on topic 'robot_telemetry' from 'robot_console' to 2 subscribers
2026-07-10 15:05:28 DEBUG   [BROKER] Routed message on topic 'patient_vitals' from 'surgeon_console' to 2 subscribers
2026-07-10 15:05:28 DEBUG   [BROKER] Routed message on topic 'robot_telemetry' from 'robot_console' to 2 subscribers
2026-07-10 15:05:29 DEBUG   [BROKER] Routed message on topic 'patient_vitals' from 'surgeon_console' to 2 subscribers
2026-07-10 15:05:29 DEBUG   [BROKER] Routed message on topic 'robot_telemetry' from 'robot_console' to 2 subscribers
2026-07-10 15:05:30 DEBUG   [BROKER] Routed message on topic 'patient_vitals' from 'surgeon_console' to 2 subscribers
2026-07-10 15:05:30 DEBUG   [BROKER] Routed message on topic 'robot_telemetry' from 'robot_console' to 2 subscribers
2026-07-10 15:05:31 DEBUG   [BROKER] Routed message on topic 'patient_vitals' from 'surgeon_console' to 2 subscribers
2026-07-10 15:05:31 DEBUG   [BROKER] Routed message on topic 'robot_telemetry' from 'robot_console' to 2 subscribers
2026-07-10 15:05:32 DEBUG   [BROKER] Routed message on topic 'patient_vitals' from 'surgeon_console' to 2 subscribers
2026-07-10 15:05:32 DEBUG   [BROKER] Routed message on topic 'robot_telemetry' from 'robot_console' to 2 subscribers
2026-07-10 15:05:33 DEBUG   [BROKER] Routed message on topic 'patient_vitals' from 'surgeon_console' to 2 subscribers
2026-07-10 15:05:33 DEBUG   [BROKER] Routed message on topic 'robot_telemetry' from 'robot_console' to 2 subscribers
2026-07-10 15:05:34 DEBUG   [BROKER] Routed message on topic 'patient_vitals' from 'surgeon_console' to 2 subscribers
2026-07-10 15:05:34 DEBUG   [BROKER] Routed message on topic 'robot_telemetry' from 'robot_console' to 2 subscribers
2026-07-10 15:05:35 DEBUG   [BROKER] Routed message on topic 'patient_vitals' from 'surgeon_console' to 2 subscribers
2026-07-10 15:05:35 DEBUG   [BROKER] Routed message on topic 'robot_telemetry' from 'robot_console' to 2 subscribers
2026-07-10 15:05:36 DEBUG   [BROKER] Routed message on topic 'patient_vitals' from 'surgeon_console' to 2 subscribers
2026-07-10 15:05:36 DEBUG   [BROKER] Routed message on topic 'robot_telemetry' from 'robot_console' to 2 subscribers
2026-07-10 15:05:37 DEBUG   [BROKER] Routed message on topic 'patient_vitals' from 'surgeon_console' to 2 subscribers
2026-07-10 15:05:37 DEBUG   [BROKER] Routed message on topic 'robot_telemetry' from 'robot_console' to 2 subscribers
2026-07-10 15:05:38 DEBUG   [BROKER] Routed message on topic 'patient_vitals' from 'surgeon_console' to 2 subscribers
2026-07-10 15:05:38 DEBUG   [BROKER] Routed message on topic 'robot_telemetry' from 'robot_console' to 2 subscribers
2026-07-10 15:05:39 DEBUG   [BROKER] Routed message on topic 'patient_vitals' from 'surgeon_console' to 2 subscribers
2026-07-10 15:05:39 DEBUG   [BROKER] Routed message on topic 'robot_telemetry' from 'robot_console' to 2 subscribers
2026-07-10 15:05:40 DEBUG   [BROKER] Routed message on topic 'patient_vitals' from 'surgeon_console' to 2 subscribers
2026-07-10 15:05:40 DEBUG   [BROKER] Routed message on topic 'robot_telemetry' from 'robot_console' to 2 subscribers
2026-07-10 15:05:41 DEBUG   [BROKER] Routed message on topic 'patient_vitals' from 'surgeon_console' to 2 subscribers
2026-07-10 15:05:41 DEBUG   [BROKER] Routed message on topic 'robot_telemetry' from 'robot_console' to 2 subscribers
2026-07-10 15:05:42 DEBUG   [BROKER] Routed message on topic 'patient_vitals' from 'surgeon_console' to 2 subscribers
2026-07-10 15:05:42 DEBUG   [BROKER] Routed message on topic 'robot_telemetry' from 'robot_console' to 2 subscribers
2026-07-10 15:05:43 DEBUG   [BROKER] Routed message on topic 'patient_vitals' from 'surgeon_console' to 2 subscribers
2026-07-10 15:05:43 DEBUG   [BROKER] Routed message on topic 'robot_telemetry' from 'robot_console' to 2 subscribers
2026-07-10 15:05:44 DEBUG   [BROKER] Routed message on topic 'patient_vitals' from 'surgeon_console' to 2 subscribers
2026-07-10 15:05:44 DEBUG   [BROKER] Routed message on topic 'robot_telemetry' from 'robot_console' to 2 subscribers
2026-07-10 15:05:45 DEBUG   [BROKER] Routed message on topic 'patient_vitals' from 'surgeon_console' to 2 subscribers
2026-07-10 15:05:45 DEBUG   [BROKER] Routed message on topic 'robot_telemetry' from 'robot_console' to 2 subscribers
2026-07-10 15:05:46 DEBUG   [BROKER] Routed message on topic 'patient_vitals' from 'surgeon_console' to 2 subscribers
2026-07-10 15:05:46 DEBUG   [BROKER] Routed message on topic 'robot_telemetry' from 'robot_console' to 2 subscribers
2026-07-10 15:05:47 DEBUG   [BROKER] Routed message on topic 'patient_vitals' from 'surgeon_console' to 2 subscribers
2026-07-10 15:05:47 DEBUG   [BROKER] Routed message on topic 'robot_telemetry' from 'robot_console' to 2 subscribers
2026-07-10 15:05:48 DEBUG   [BROKER] Routed message on topic 'patient_vitals' from 'surgeon_console' to 2 subscribers
2026-07-10 15:05:48 DEBUG   [BROKER] Routed message on topic 'robot_telemetry' from 'robot_console' to 2 subscribers
2026-07-10 15:05:49 DEBUG   [BROKER] Routed message on topic 'patient_vitals' from 'surgeon_console' to 2 subscribers
2026-07-10 15:05:49 DEBUG   [BROKER] Routed message on topic 'robot_telemetry' from 'robot_console' to 2 subscribers
2026-07-10 15:05:50 DEBUG   [BROKER] Routed message on topic 'patient_vitals' from 'surgeon_console' to 2 subscribers
2026-07-10 15:05:50 DEBUG   [BROKER] Routed message on topic 'robot_telemetry' from 'robot_console' to 2 subscribers
2026-07-10 15:05:51 DEBUG   [BROKER] Routed message on topic 'patient_vitals' from 'surgeon_console' to 2 subscribers
2026-07-10 15:05:51 DEBUG   [BROKER] Routed message on topic 'robot_telemetry' from 'robot_console' to 2 subscribers
2026-07-10 15:05:51 INFO    [BROKER] Client disconnected: robot_console (user=admin)
2026-07-10 15:05:52 DEBUG   [BROKER] Routed message on topic 'patient_vitals' from 'surgeon_console' to 1 subscribers
2026-07-10 15:05:53 DEBUG   [BROKER] Routed message on topic 'patient_vitals' from 'surgeon_console' to 1 subscribers
2026-07-10 15:05:54 DEBUG   [BROKER] Routed message on topic 'patient_vitals' from 'surgeon_console' to 1 subscribers
2026-07-10 15:05:55 DEBUG   [BROKER] Routed message on topic 'patient_vitals' from 'surgeon_console' to 1 subscribers
2026-07-10 15:05:56 DEBUG   [BROKER] Routed message on topic 'patient_vitals' from 'surgeon_console' to 1 subscribers
2026-07-10 15:05:56 INFO    [BROKER] Client disconnected: observer_screen (user=admin)
2026-07-10 15:05:57 DEBUG   [BROKER] Routed message on topic 'patient_vitals' from 'surgeon_console' to 0 subscribers
2026-07-10 15:05:58 DEBUG   [BROKER] Routed message on topic 'patient_vitals' from 'surgeon_console' to 0 subscribers
2026-07-10 15:05:59 DEBUG   [BROKER] Routed message on topic 'patient_vitals' from 'surgeon_console' to 0 subscribers
2026-07-10 15:06:00 DEBUG   [BROKER] Routed message on topic 'patient_vitals' from 'surgeon_console' to 0 subscribers
2026-07-10 15:06:01 DEBUG   [BROKER] Routed message on topic 'patient_vitals' from 'surgeon_console' to 0 subscribers
2026-07-10 15:06:02 DEBUG   [BROKER] Routed message on topic 'patient_vitals' from 'surgeon_console' to 0 subscribers
2026-07-10 15:06:03 DEBUG   [BROKER] Routed message on topic 'patient_vitals' from 'surgeon_console' to 0 subscribers
2026-07-10 15:06:04 DEBUG   [BROKER] Routed message on topic 'patient_vitals' from 'surgeon_console' to 0 subscribers
2026-07-10 15:06:05 DEBUG   [BROKER] Routed message on topic 'patient_vitals' from 'surgeon_console' to 0 subscribers
2026-07-10 15:06:05 INFO    [BROKER] Client disconnected: surgeon_console (user=admin)
2026-07-13 12:10:45 INFO    Encryption key loaded from C:\Learning & Development\aether_console\shared_networking\aether.key
2026-07-13 12:10:45 INFO    [AUTH] Credentials loaded from C:\Learning & Development\aether_console\shared_networking\credentials.json
2026-07-13 15:10:10 INFO    Encryption key loaded from C:\Learning & Development\aether_console\shared_networking\aether.key
2026-07-13 15:10:10 INFO    [AUTH] Credentials loaded from C:\Learning & Development\aether_console\shared_networking\credentials.json
2026-07-13 15:10:17 INFO    [AUTH] Login successful: admin (role=admin)
2026-07-13 15:10:17 INFO    [AUTH] Session created for admin: 462c10c4...
2026-07-13 15:10:43 INFO    Encryption key loaded from C:\Learning & Development\aether_console\shared_networking\aether.key
2026-07-13 15:10:43 INFO    [AUTH] Credentials loaded from C:\Learning & Development\aether_console\shared_networking\credentials.json
2026-07-13 15:10:49 INFO    [AUTH] Login successful: admin (role=admin)
2026-07-13 15:10:49 INFO    [AUTH] Session created for admin: 0a741afb...
2026-07-13 15:11:13 INFO    Encryption key loaded from C:\Learning & Development\aether_console\shared_networking\aether.key
2026-07-13 15:11:13 INFO    [AUTH] Credentials loaded from C:\Learning & Development\aether_console\shared_networking\credentials.json
2026-07-13 15:11:19 INFO    [AUTH] Login successful: admin (role=admin)
2026-07-13 15:11:19 INFO    [AUTH] Session created for admin: cf3abe49...
2026-07-15 10:32:00 INFO    Encryption key loaded from C:\Learning & Development\aether_console\shared_networking\aether.key
2026-07-15 10:32:00 INFO    [AUTH] Credentials loaded from C:\Learning & Development\aether_console\shared_networking\credentials.json
2026-07-15 10:32:33 INFO    [AUTH] Login successful: admin (role=admin)
2026-07-15 10:32:33 INFO    [AUTH] Session created for admin: ad318050...
2026-07-15 10:33:02 INFO    Encryption key loaded from C:\Learning & Development\aether_console\shared_networking\aether.key
2026-07-15 10:33:02 INFO    [AUTH] Credentials loaded from C:\Learning & Development\aether_console\shared_networking\credentials.json
2026-07-15 10:34:00 INFO    [AUTH] Login successful: admin (role=admin)
2026-07-15 10:34:00 INFO    [AUTH] Session created for admin: 58e6cc94...
2026-07-15 10:34:24 INFO    Encryption key loaded from C:\Learning & Development\aether_console\shared_networking\aether.key
2026-07-15 10:34:24 INFO    [AUTH] Credentials loaded from C:\Learning & Development\aether_console\shared_networking\credentials.json
2026-07-15 10:34:30 INFO    [AUTH] Login successful: admin (role=admin)
2026-07-15 10:34:30 INFO    [AUTH] Session created for admin: e0e17467...
2026-07-15 10:34:45 INFO    Encryption key loaded from C:\Learning & Development\aether_console\shared_networking\aether.key
2026-07-15 10:39:52 INFO    [AUTH] Credentials loaded from C:\Learning & Development\aether_console\shared_networking\credentials.json
2026-07-15 10:39:52 INFO    Encryption key loaded from C:\Learning & Development\aether_console\shared_networking\aether.key
2026-07-15 10:39:52 INFO    [BROKER] Encryption enabled: Fernet (AES-128-CBC + HMAC-SHA256)
2026-07-15 10:39:52 INFO    [BROKER] Pub-Sub Broker started on 127.0.0.1:5000
2026-07-15 10:39:52 INFO    [BROKER] New connection from ('127.0.0.1', 61127)
2026-07-15 10:39:52 INFO    [AUTH] Session created for admin: a1535818...
2026-07-15 10:39:52 INFO    [BROKER] Client trusted: surgeon_console (user=admin, role=admin)
2026-07-15 10:39:52 INFO    [BROKER] Handshake from 'surgeon_console' — pub=[], sub=['patient_vitals', 'robot_telemetry', 'system_status', 'connection_status', 'alerts']
2026-07-15 10:39:52 INFO    [BROKER] 'surgeon_console' subscribed to ['patient_vitals', 'robot_telemetry', 'alerts', 'connection_status', 'system_status']
2026-07-15 10:39:52 INFO    [BROKER] New connection from ('127.0.0.1', 61128)
2026-07-15 10:39:52 INFO    [AUTH] Session created for aether_datagen: 6efd4ec6...
2026-07-15 10:39:52 INFO    [BROKER] Client trusted: data_generator (user=aether_datagen, role=data_generator)
2026-07-15 10:39:52 INFO    [BROKER] Handshake from 'data_generator' — pub=['patient_vitals', 'robot_telemetry', 'alerts', 'connection_status'], sub=[]
2026-07-15 10:39:52 DEBUG   [BROKER] Routed message on topic 'connection_status' from 'data_generator' to 1 subscribers
2026-07-15 10:39:53 INFO    [BROKER] New connection from ('127.0.0.1', 61129)
2026-07-15 10:39:53 INFO    [AUTH] Session created for admin: c6d31b5f...
2026-07-15 10:39:53 INFO    [BROKER] Client trusted: robot_console (user=admin, role=admin)
2026-07-15 10:39:53 INFO    [BROKER] Handshake from 'robot_console' — pub=['connection_status'], sub=['patient_vitals', 'alerts', 'robot_telemetry']
2026-07-15 10:39:53 INFO    [BROKER] 'robot_console' subscribed to ['robot_telemetry', 'patient_vitals', 'alerts']
2026-07-15 10:39:53 DEBUG   [BROKER] Routed message on topic 'connection_status' from 'robot_console' to 1 subscribers
2026-07-15 10:39:53 INFO    [BROKER] New connection from ('127.0.0.1', 61132)
2026-07-15 10:39:53 INFO    [AUTH] Session created for admin: a992ac53...
2026-07-15 10:39:53 INFO    [BROKER] Client trusted: observer_screen (user=admin, role=admin)
2026-07-15 10:39:53 INFO    [BROKER] Handshake from 'observer_screen' — pub=[], sub=['patient_vitals', 'robot_telemetry', 'system_status', 'connection_status', 'alerts']
2026-07-15 10:39:53 INFO    [BROKER] 'observer_screen' subscribed to ['patient_vitals', 'robot_telemetry', 'alerts', 'system_status', 'connection_status']
2026-07-15 10:39:53 DEBUG   [BROKER] Routed message on topic 'robot_telemetry' from 'data_generator' to 3 subscribers
2026-07-15 10:39:53 DEBUG   [BROKER] Routed message on topic 'patient_vitals' from 'data_generator' to 3 subscribers
2026-07-15 10:39:54 DEBUG   [BROKER] Routed message on topic 'robot_telemetry' from 'data_generator' to 3 subscribers
2026-07-15 10:39:54 DEBUG   [BROKER] Routed message on topic 'robot_telemetry' from 'data_generator' to 3 subscribers
2026-07-15 10:39:54 DEBUG   [BROKER] Routed message on topic 'patient_vitals' from 'data_generator' to 3 subscribers
2026-07-15 10:39:55 DEBUG   [BROKER] Routed message on topic 'robot_telemetry' from 'data_generator' to 3 subscribers
2026-07-15 10:39:55 DEBUG   [BROKER] Routed message on topic 'patient_vitals' from 'data_generator' to 3 subscribers
2026-07-15 10:39:56 DEBUG   [BROKER] Routed message on topic 'robot_telemetry' from 'data_generator' to 3 subscribers
2026-07-15 10:39:56 DEBUG   [BROKER] Routed message on topic 'robot_telemetry' from 'data_generator' to 3 subscribers
2026-07-15 10:39:57 DEBUG   [BROKER] Routed message on topic 'patient_vitals' from 'data_generator' to 3 subscribers
2026-07-15 10:39:57 DEBUG   [BROKER] Routed message on topic 'robot_telemetry' from 'data_generator' to 3 subscribers
2026-07-15 10:39:57 DEBUG   [BROKER] Routed message on topic 'robot_telemetry' from 'data_generator' to 3 subscribers
2026-07-15 10:39:58 DEBUG   [BROKER] Routed message on topic 'patient_vitals' from 'data_generator' to 3 subscribers
2026-07-15 10:39:58 DEBUG   [BROKER] Routed message on topic 'robot_telemetry' from 'data_generator' to 3 subscribers
2026-07-15 10:39:59 DEBUG   [BROKER] Routed message on topic 'patient_vitals' from 'data_generator' to 3 subscribers
2026-07-15 10:39:59 DEBUG   [BROKER] Routed message on topic 'robot_telemetry' from 'data_generator' to 3 subscribers
2026-07-15 10:39:59 DEBUG   [BROKER] Routed message on topic 'robot_telemetry' from 'data_generator' to 3 subscribers
2026-07-15 10:40:00 DEBUG   [BROKER] Routed message on topic 'patient_vitals' from 'data_generator' to 3 subscribers
2026-07-15 10:40:00 DEBUG   [BROKER] Routed message on topic 'robot_telemetry' from 'data_generator' to 3 subscribers
2026-07-15 10:40:00 DEBUG   [BROKER] Routed message on topic 'robot_telemetry' from 'data_generator' to 3 subscribers
2026-07-15 10:40:01 DEBUG   [BROKER] Routed message on topic 'patient_vitals' from 'data_generator' to 3 subscribers
2026-07-15 10:40:01 DEBUG   [BROKER] Routed message on topic 'robot_telemetry' from 'data_generator' to 3 subscribers
2026-07-15 10:40:02 DEBUG   [BROKER] Routed message on topic 'patient_vitals' from 'data_generator' to 3 subscribers
2026-07-15 10:40:02 DEBUG   [BROKER] Routed message on topic 'robot_telemetry' from 'data_generator' to 3 subscribers
2026-07-15 10:40:02 DEBUG   [BROKER] Routed message on topic 'robot_telemetry' from 'data_generator' to 3 subscribers
2026-07-15 10:40:03 DEBUG   [BROKER] Routed message on topic 'patient_vitals' from 'data_generator' to 3 subscribers
2026-07-15 10:40:03 DEBUG   [BROKER] Routed message on topic 'robot_telemetry' from 'data_generator' to 3 subscribers
2026-07-15 10:40:03 DEBUG   [BROKER] Routed message on topic 'robot_telemetry' from 'data_generator' to 3 subscribers
2026-07-15 10:40:04 DEBUG   [BROKER] Routed message on topic 'patient_vitals' from 'data_generator' to 3 subscribers
2026-07-15 10:40:04 DEBUG   [BROKER] Routed message on topic 'robot_telemetry' from 'data_generator' to 3 subscribers
2026-07-15 10:40:05 DEBUG   [BROKER] Routed message on topic 'patient_vitals' from 'data_generator' to 3 subscribers
2026-07-15 10:40:05 DEBUG   [BROKER] Routed message on topic 'robot_telemetry' from 'data_generator' to 3 subscribers
2026-07-15 10:40:05 DEBUG   [BROKER] Routed message on topic 'robot_telemetry' from 'data_generator' to 3 subscribers
2026-07-15 10:40:06 DEBUG   [BROKER] Routed message on topic 'patient_vitals' from 'data_generator' to 3 subscribers
2026-07-15 10:40:06 DEBUG   [BROKER] Routed message on topic 'robot_telemetry' from 'data_generator' to 3 subscribers
2026-07-15 10:40:07 DEBUG   [BROKER] Routed message on topic 'robot_telemetry' from 'data_generator' to 3 subscribers
2026-07-15 10:40:07 DEBUG   [BROKER] Routed message on topic 'patient_vitals' from 'data_generator' to 3 subscribers
2026-07-15 10:40:07 DEBUG   [BROKER] Routed message on topic 'robot_telemetry' from 'data_generator' to 3 subscribers
2026-07-15 10:40:08 DEBUG   [BROKER] Routed message on topic 'patient_vitals' from 'data_generator' to 3 subscribers
2026-07-15 10:40:08 DEBUG   [BROKER] Routed message on topic 'robot_telemetry' from 'data_generator' to 3 subscribers
2026-07-15 10:40:08 DEBUG   [BROKER] Routed message on topic 'robot_telemetry' from 'data_generator' to 3 subscribers
2026-07-15 10:40:09 DEBUG   [BROKER] Routed message on topic 'patient_vitals' from 'data_generator' to 3 subscribers
2026-07-15 10:40:09 DEBUG   [BROKER] Routed message on topic 'robot_telemetry' from 'data_generator' to 3 subscribers
2026-07-15 10:40:10 DEBUG   [BROKER] Routed message on topic 'robot_telemetry' from 'data_generator' to 3 subscribers
2026-07-15 10:40:10 DEBUG   [BROKER] Routed message on topic 'patient_vitals' from 'data_generator' to 3 subscribers
2026-07-15 10:40:10 DEBUG   [BROKER] Routed message on topic 'robot_telemetry' from 'data_generator' to 3 subscribers
2026-07-15 10:40:11 DEBUG   [BROKER] Routed message on topic 'patient_vitals' from 'data_generator' to 3 subscribers
2026-07-15 10:40:11 DEBUG   [BROKER] Routed message on topic 'robot_telemetry' from 'data_generator' to 3 subscribers
2026-07-15 10:40:11 DEBUG   [BROKER] Routed message on topic 'robot_telemetry' from 'data_generator' to 3 subscribers
2026-07-15 10:40:12 DEBUG   [BROKER] Routed message on topic 'patient_vitals' from 'data_generator' to 3 subscribers
2026-07-15 10:40:12 DEBUG   [BROKER] Routed message on topic 'robot_telemetry' from 'data_generator' to 3 subscribers
2026-07-15 10:40:13 DEBUG   [BROKER] Routed message on topic 'robot_telemetry' from 'data_generator' to 3 subscribers
2026-07-15 10:40:13 DEBUG   [BROKER] Routed message on topic 'patient_vitals' from 'data_generator' to 3 subscribers
2026-07-15 10:40:13 DEBUG   [BROKER] Routed message on topic 'robot_telemetry' from 'data_generator' to 3 subscribers
2026-07-15 10:40:14 DEBUG   [BROKER] Routed message on topic 'patient_vitals' from 'data_generator' to 3 subscribers
2026-07-15 10:40:14 DEBUG   [BROKER] Routed message on topic 'robot_telemetry' from 'data_generator' to 3 subscribers
2026-07-15 10:40:14 DEBUG   [BROKER] Routed message on topic 'robot_telemetry' from 'data_generator' to 3 subscribers
2026-07-15 10:40:15 DEBUG   [BROKER] Routed message on topic 'patient_vitals' from 'data_generator' to 3 subscribers
2026-07-15 10:40:15 DEBUG   [BROKER] Routed message on topic 'robot_telemetry' from 'data_generator' to 3 subscribers
2026-07-15 10:40:16 DEBUG   [BROKER] Routed message on topic 'patient_vitals' from 'data_generator' to 3 subscribers
2026-07-15 10:40:16 DEBUG   [BROKER] Routed message on topic 'robot_telemetry' from 'data_generator' to 3 subscribers
2026-07-15 10:40:16 DEBUG   [BROKER] Routed message on topic 'robot_telemetry' from 'data_generator' to 3 subscribers
2026-07-15 10:40:17 DEBUG   [BROKER] Routed message on topic 'patient_vitals' from 'data_generator' to 3 subscribers
2026-07-15 10:40:17 DEBUG   [BROKER] Routed message on topic 'robot_telemetry' from 'data_generator' to 3 subscribers
2026-07-15 10:40:18 DEBUG   [BROKER] Routed message on topic 'robot_telemetry' from 'data_generator' to 3 subscribers
2026-07-15 10:40:18 DEBUG   [BROKER] Routed message on topic 'patient_vitals' from 'data_generator' to 3 subscribers
2026-07-15 10:40:18 DEBUG   [BROKER] Routed message on topic 'robot_telemetry' from 'data_generator' to 3 subscribers
2026-07-15 10:40:19 DEBUG   [BROKER] Routed message on topic 'patient_vitals' from 'data_generator' to 3 subscribers
2026-07-15 10:40:19 DEBUG   [BROKER] Routed message on topic 'robot_telemetry' from 'data_generator' to 3 subscribers
2026-07-15 10:40:19 DEBUG   [BROKER] Routed message on topic 'robot_telemetry' from 'data_generator' to 3 subscribers
2026-07-15 10:40:20 DEBUG   [BROKER] Routed message on topic 'patient_vitals' from 'data_generator' to 3 subscribers
2026-07-15 10:40:20 DEBUG   [BROKER] Routed message on topic 'robot_telemetry' from 'data_generator' to 3 subscribers
2026-07-15 10:40:21 DEBUG   [BROKER] Routed message on topic 'robot_telemetry' from 'data_generator' to 3 subscribers
2026-07-15 10:40:21 DEBUG   [BROKER] Routed message on topic 'patient_vitals' from 'data_generator' to 3 subscribers
2026-07-15 10:40:21 DEBUG   [BROKER] Routed message on topic 'robot_telemetry' from 'data_generator' to 3 subscribers
2026-07-15 10:40:22 DEBUG   [BROKER] Routed message on topic 'patient_vitals' from 'data_generator' to 3 subscribers
2026-07-15 10:40:22 DEBUG   [BROKER] Routed message on topic 'robot_telemetry' from 'data_generator' to 3 subscribers
2026-07-15 10:40:22 DEBUG   [BROKER] Routed message on topic 'robot_telemetry' from 'data_generator' to 3 subscribers
2026-07-15 10:40:23 DEBUG   [BROKER] Routed message on topic 'patient_vitals' from 'data_generator' to 3 subscribers
2026-07-15 10:40:23 DEBUG   [BROKER] Routed message on topic 'robot_telemetry' from 'data_generator' to 3 subscribers
2026-07-15 10:40:24 DEBUG   [BROKER] Routed message on topic 'robot_telemetry' from 'data_generator' to 3 subscribers
2026-07-15 10:40:24 DEBUG   [BROKER] Routed message on topic 'patient_vitals' from 'data_generator' to 3 subscribers
2026-07-15 10:40:24 DEBUG   [BROKER] Routed message on topic 'robot_telemetry' from 'data_generator' to 3 subscribers
2026-07-15 10:40:25 DEBUG   [BROKER] Routed message on topic 'patient_vitals' from 'data_generator' to 3 subscribers
2026-07-15 10:40:25 DEBUG   [BROKER] Routed message on topic 'robot_telemetry' from 'data_generator' to 3 subscribers
2026-07-15 10:40:25 DEBUG   [BROKER] Routed message on topic 'robot_telemetry' from 'data_generator' to 3 subscribers
2026-07-15 10:40:26 DEBUG   [BROKER] Routed message on topic 'patient_vitals' from 'data_generator' to 3 subscribers
2026-07-15 10:40:26 DEBUG   [BROKER] Routed message on topic 'robot_telemetry' from 'data_generator' to 3 subscribers
2026-07-15 10:40:27 DEBUG   [BROKER] Routed message on topic 'robot_telemetry' from 'data_generator' to 3 subscribers
2026-07-15 10:40:27 DEBUG   [BROKER] Routed message on topic 'patient_vitals' from 'data_generator' to 3 subscribers
2026-07-15 10:40:27 DEBUG   [BROKER] Routed message on topic 'robot_telemetry' from 'data_generator' to 3 subscribers
2026-07-15 10:40:28 DEBUG   [BROKER] Routed message on topic 'patient_vitals' from 'data_generator' to 3 subscribers
2026-07-15 10:40:28 DEBUG   [BROKER] Routed message on topic 'robot_telemetry' from 'data_generator' to 3 subscribers
2026-07-15 10:40:28 DEBUG   [BROKER] Routed message on topic 'robot_telemetry' from 'data_generator' to 3 subscribers
2026-07-15 10:40:29 DEBUG   [BROKER] Routed message on topic 'patient_vitals' from 'data_generator' to 3 subscribers
2026-07-15 10:40:29 DEBUG   [BROKER] Routed message on topic 'robot_telemetry' from 'data_generator' to 3 subscribers
2026-07-15 10:40:30 DEBUG   [BROKER] Routed message on topic 'robot_telemetry' from 'data_generator' to 3 subscribers
2026-07-15 10:40:30 DEBUG   [BROKER] Routed message on topic 'patient_vitals' from 'data_generator' to 3 subscribers
2026-07-15 10:40:30 DEBUG   [BROKER] Routed message on topic 'robot_telemetry' from 'data_generator' to 3 subscribers
2026-07-15 10:40:31 DEBUG   [BROKER] Routed message on topic 'patient_vitals' from 'data_generator' to 3 subscribers
2026-07-15 10:40:31 DEBUG   [BROKER] Routed message on topic 'robot_telemetry' from 'data_generator' to 3 subscribers
2026-07-15 10:40:32 DEBUG   [BROKER] Routed message on topic 'robot_telemetry' from 'data_generator' to 3 subscribers
2026-07-15 10:40:32 DEBUG   [BROKER] Routed message on topic 'patient_vitals' from 'data_generator' to 3 subscribers
2026-07-15 10:40:32 DEBUG   [BROKER] Routed message on topic 'robot_telemetry' from 'data_generator' to 3 subscribers
2026-07-15 10:40:33 DEBUG   [BROKER] Routed message on topic 'patient_vitals' from 'data_generator' to 3 subscribers
2026-07-15 10:40:33 DEBUG   [BROKER] Routed message on topic 'robot_telemetry' from 'data_generator' to 3 subscribers
2026-07-15 10:40:33 DEBUG   [BROKER] Routed message on topic 'robot_telemetry' from 'data_generator' to 3 subscribers
2026-07-15 10:40:34 DEBUG   [BROKER] Routed message on topic 'patient_vitals' from 'data_generator' to 3 subscribers
2026-07-15 10:40:34 DEBUG   [BROKER] Routed message on topic 'robot_telemetry' from 'data_generator' to 3 subscribers
2026-07-15 10:40:35 DEBUG   [BROKER] Routed message on topic 'robot_telemetry' from 'data_generator' to 3 subscribers
2026-07-15 10:40:35 DEBUG   [BROKER] Routed message on topic 'patient_vitals' from 'data_generator' to 3 subscribers
2026-07-15 10:40:35 DEBUG   [BROKER] Routed message on topic 'robot_telemetry' from 'data_generator' to 3 subscribers
2026-07-15 10:40:36 DEBUG   [BROKER] Routed message on topic 'patient_vitals' from 'data_generator' to 3 subscribers
2026-07-15 10:40:36 DEBUG   [BROKER] Routed message on topic 'robot_telemetry' from 'data_generator' to 3 subscribers
2026-07-15 10:40:36 DEBUG   [BROKER] Routed message on topic 'robot_telemetry' from 'data_generator' to 3 subscribers
2026-07-15 10:40:37 DEBUG   [BROKER] Routed message on topic 'patient_vitals' from 'data_generator' to 3 subscribers
2026-07-15 10:40:37 DEBUG   [BROKER] Routed message on topic 'robot_telemetry' from 'data_generator' to 3 subscribers
2026-07-15 10:40:38 DEBUG   [BROKER] Routed message on topic 'robot_telemetry' from 'data_generator' to 3 subscribers
2026-07-15 10:40:38 DEBUG   [BROKER] Routed message on topic 'patient_vitals' from 'data_generator' to 3 subscribers
2026-07-15 10:40:38 DEBUG   [BROKER] Routed message on topic 'robot_telemetry' from 'data_generator' to 3 subscribers
2026-07-15 10:40:39 DEBUG   [BROKER] Routed message on topic 'patient_vitals' from 'data_generator' to 3 subscribers
2026-07-15 10:40:39 DEBUG   [BROKER] Routed message on topic 'robot_telemetry' from 'data_generator' to 3 subscribers
2026-07-15 10:40:39 DEBUG   [BROKER] Routed message on topic 'robot_telemetry' from 'data_generator' to 3 subscribers
2026-07-15 10:40:40 DEBUG   [BROKER] Routed message on topic 'patient_vitals' from 'data_generator' to 3 subscribers
2026-07-15 10:40:40 DEBUG   [BROKER] Routed message on topic 'robot_telemetry' from 'data_generator' to 3 subscribers
2026-07-15 10:40:41 DEBUG   [BROKER] Routed message on topic 'robot_telemetry' from 'data_generator' to 3 subscribers
2026-07-15 10:40:41 DEBUG   [BROKER] Routed message on topic 'patient_vitals' from 'data_generator' to 3 subscribers
2026-07-15 10:40:41 DEBUG   [BROKER] Routed message on topic 'robot_telemetry' from 'data_generator' to 3 subscribers
2026-07-15 10:40:42 DEBUG   [BROKER] Routed message on topic 'patient_vitals' from 'data_generator' to 3 subscribers
2026-07-15 10:40:42 DEBUG   [BROKER] Routed message on topic 'robot_telemetry' from 'data_generator' to 3 subscribers
2026-07-15 10:40:43 DEBUG   [BROKER] Routed message on topic 'robot_telemetry' from 'data_generator' to 3 subscribers
2026-07-15 10:40:43 DEBUG   [BROKER] Routed message on topic 'patient_vitals' from 'data_generator' to 3 subscribers
2026-07-15 10:40:43 DEBUG   [BROKER] Routed message on topic 'robot_telemetry' from 'data_generator' to 3 subscribers
2026-07-15 10:40:44 DEBUG   [BROKER] Routed message on topic 'robot_telemetry' from 'data_generator' to 3 subscribers
2026-07-15 10:40:44 DEBUG   [BROKER] Routed message on topic 'patient_vitals' from 'data_generator' to 3 subscribers
2026-07-15 10:40:44 DEBUG   [BROKER] Routed message on topic 'robot_telemetry' from 'data_generator' to 3 subscribers
2026-07-15 10:40:45 DEBUG   [BROKER] Routed message on topic 'patient_vitals' from 'data_generator' to 3 subscribers
2026-07-15 10:40:45 DEBUG   [BROKER] Routed message on topic 'robot_telemetry' from 'data_generator' to 3 subscribers
2026-07-15 10:40:46 DEBUG   [BROKER] Routed message on topic 'robot_telemetry' from 'data_generator' to 3 subscribers
2026-07-15 10:40:46 DEBUG   [BROKER] Routed message on topic 'patient_vitals' from 'data_generator' to 3 subscribers
2026-07-15 10:40:46 DEBUG   [BROKER] Routed message on topic 'robot_telemetry' from 'data_generator' to 3 subscribers
2026-07-15 10:40:47 DEBUG   [BROKER] Routed message on topic 'patient_vitals' from 'data_generator' to 3 subscribers
2026-07-15 10:40:47 DEBUG   [BROKER] Routed message on topic 'robot_telemetry' from 'data_generator' to 3 subscribers
2026-07-15 10:40:47 DEBUG   [BROKER] Routed message on topic 'robot_telemetry' from 'data_generator' to 3 subscribers
2026-07-15 10:40:48 DEBUG   [BROKER] Routed message on topic 'patient_vitals' from 'data_generator' to 3 subscribers
2026-07-15 10:40:48 DEBUG   [BROKER] Routed message on topic 'robot_telemetry' from 'data_generator' to 3 subscribers
2026-07-15 10:40:49 DEBUG   [BROKER] Routed message on topic 'robot_telemetry' from 'data_generator' to 3 subscribers
2026-07-15 10:40:49 DEBUG   [BROKER] Routed message on topic 'patient_vitals' from 'data_generator' to 3 subscribers
2026-07-15 10:40:49 DEBUG   [BROKER] Routed message on topic 'robot_telemetry' from 'data_generator' to 3 subscribers
2026-07-15 10:40:50 DEBUG   [BROKER] Routed message on topic 'patient_vitals' from 'data_generator' to 3 subscribers
2026-07-15 10:40:50 DEBUG   [BROKER] Routed message on topic 'robot_telemetry' from 'data_generator' to 3 subscribers
2026-07-15 10:40:50 DEBUG   [BROKER] Routed message on topic 'robot_telemetry' from 'data_generator' to 3 subscribers
2026-07-15 10:40:51 DEBUG   [BROKER] Routed message on topic 'patient_vitals' from 'data_generator' to 3 subscribers
2026-07-15 10:40:51 DEBUG   [BROKER] Routed message on topic 'robot_telemetry' from 'data_generator' to 3 subscribers
2026-07-15 10:40:52 DEBUG   [BROKER] Routed message on topic 'robot_telemetry' from 'data_generator' to 3 subscribers
2026-07-15 10:40:52 DEBUG   [BROKER] Routed message on topic 'patient_vitals' from 'data_generator' to 3 subscribers
2026-07-15 10:40:52 DEBUG   [BROKER] Routed message on topic 'robot_telemetry' from 'data_generator' to 3 subscribers
2026-07-15 10:40:52 DEBUG   [BROKER] Routed message on topic 'alerts' from 'data_generator' to 3 subscribers
2026-07-15 10:40:53 DEBUG   [BROKER] Routed message on topic 'patient_vitals' from 'data_generator' to 3 subscribers
2026-07-15 10:40:53 DEBUG   [BROKER] Routed message on topic 'robot_telemetry' from 'data_generator' to 3 subscribers
2026-07-15 10:40:53 DEBUG   [BROKER] Routed message on topic 'robot_telemetry' from 'data_generator' to 3 subscribers
2026-07-15 10:40:54 DEBUG   [BROKER] Routed message on topic 'patient_vitals' from 'data_generator' to 3 subscribers
2026-07-15 10:40:54 DEBUG   [BROKER] Routed message on topic 'robot_telemetry' from 'data_generator' to 3 subscribers
2026-07-15 10:40:55 DEBUG   [BROKER] Routed message on topic 'robot_telemetry' from 'data_generator' to 3 subscribers
2026-07-15 10:40:55 DEBUG   [BROKER] Routed message on topic 'patient_vitals' from 'data_generator' to 3 subscribers
2026-07-15 10:40:55 DEBUG   [BROKER] Routed message on topic 'robot_telemetry' from 'data_generator' to 3 subscribers
2026-07-15 10:40:56 DEBUG   [BROKER] Routed message on topic 'patient_vitals' from 'data_generator' to 3 subscribers
2026-07-15 10:40:56 DEBUG   [BROKER] Routed message on topic 'robot_telemetry' from 'data_generator' to 3 subscribers
2026-07-15 10:40:57 DEBUG   [BROKER] Routed message on topic 'robot_telemetry' from 'data_generator' to 3 subscribers
2026-07-15 10:40:57 DEBUG   [BROKER] Routed message on topic 'patient_vitals' from 'data_generator' to 3 subscribers
2026-07-15 10:40:57 DEBUG   [BROKER] Routed message on topic 'robot_telemetry' from 'data_generator' to 3 subscribers
2026-07-15 10:40:58 DEBUG   [BROKER] Routed message on topic 'robot_telemetry' from 'data_generator' to 3 subscribers
2026-07-15 10:40:58 DEBUG   [BROKER] Routed message on topic 'patient_vitals' from 'data_generator' to 3 subscribers
2026-07-15 10:40:58 DEBUG   [BROKER] Routed message on topic 'robot_telemetry' from 'data_generator' to 3 subscribers
2026-07-15 10:40:59 DEBUG   [BROKER] Routed message on topic 'patient_vitals' from 'data_generator' to 3 subscribers
2026-07-15 10:40:59 DEBUG   [BROKER] Routed message on topic 'robot_telemetry' from 'data_generator' to 3 subscribers
2026-07-15 10:41:00 DEBUG   [BROKER] Routed message on topic 'robot_telemetry' from 'data_generator' to 3 subscribers
2026-07-15 10:41:00 DEBUG   [BROKER] Routed message on topic 'patient_vitals' from 'data_generator' to 3 subscribers
2026-07-15 10:41:00 DEBUG   [BROKER] Routed message on topic 'robot_telemetry' from 'data_generator' to 3 subscribers
2026-07-15 10:41:01 DEBUG   [BROKER] Routed message on topic 'robot_telemetry' from 'data_generator' to 3 subscribers
2026-07-15 10:41:01 DEBUG   [BROKER] Routed message on topic 'patient_vitals' from 'data_generator' to 3 subscribers
2026-07-15 10:41:01 DEBUG   [BROKER] Routed message on topic 'robot_telemetry' from 'data_generator' to 3 subscribers
2026-07-15 10:41:02 DEBUG   [BROKER] Routed message on topic 'patient_vitals' from 'data_generator' to 3 subscribers
2026-07-15 10:41:02 DEBUG   [BROKER] Routed message on topic 'robot_telemetry' from 'data_generator' to 3 subscribers
2026-07-15 10:41:03 DEBUG   [BROKER] Routed message on topic 'robot_telemetry' from 'data_generator' to 3 subscribers
2026-07-15 10:41:03 DEBUG   [BROKER] Routed message on topic 'patient_vitals' from 'data_generator' to 3 subscribers
2026-07-15 10:41:03 DEBUG   [BROKER] Routed message on topic 'robot_telemetry' from 'data_generator' to 3 subscribers
2026-07-15 10:41:04 DEBUG   [BROKER] Routed message on topic 'patient_vitals' from 'data_generator' to 3 subscribers
2026-07-15 10:41:04 DEBUG   [BROKER] Routed message on topic 'robot_telemetry' from 'data_generator' to 3 subscribers
2026-07-15 10:41:04 DEBUG   [BROKER] Routed message on topic 'robot_telemetry' from 'data_generator' to 3 subscribers
2026-07-15 10:41:05 DEBUG   [BROKER] Routed message on topic 'patient_vitals' from 'data_generator' to 3 subscribers
2026-07-15 10:41:05 DEBUG   [BROKER] Routed message on topic 'robot_telemetry' from 'data_generator' to 3 subscribers
2026-07-15 10:41:06 DEBUG   [BROKER] Routed message on topic 'robot_telemetry' from 'data_generator' to 3 subscribers
2026-07-15 10:41:06 DEBUG   [BROKER] Routed message on topic 'patient_vitals' from 'data_generator' to 3 subscribers
2026-07-15 10:41:06 DEBUG   [BROKER] Routed message on topic 'robot_telemetry' from 'data_generator' to 3 subscribers
2026-07-15 10:41:07 DEBUG   [BROKER] Routed message on topic 'patient_vitals' from 'data_generator' to 3 subscribers
2026-07-15 10:41:07 DEBUG   [BROKER] Routed message on topic 'robot_telemetry' from 'data_generator' to 3 subscribers
2026-07-15 10:41:08 DEBUG   [BROKER] Routed message on topic 'robot_telemetry' from 'data_generator' to 3 subscribers
2026-07-15 10:41:08 DEBUG   [BROKER] Routed message on topic 'patient_vitals' from 'data_generator' to 3 subscribers
2026-07-15 10:41:08 DEBUG   [BROKER] Routed message on topic 'robot_telemetry' from 'data_generator' to 3 subscribers
2026-07-15 10:41:09 DEBUG   [BROKER] Routed message on topic 'robot_telemetry' from 'data_generator' to 3 subscribers
2026-07-15 10:41:09 DEBUG   [BROKER] Routed message on topic 'patient_vitals' from 'data_generator' to 3 subscribers
2026-07-15 10:41:09 DEBUG   [BROKER] Routed message on topic 'robot_telemetry' from 'data_generator' to 3 subscribers
2026-07-15 10:41:10 DEBUG   [BROKER] Routed message on topic 'patient_vitals' from 'data_generator' to 3 subscribers
2026-07-15 10:41:10 DEBUG   [BROKER] Routed message on topic 'robot_telemetry' from 'data_generator' to 3 subscribers
2026-07-15 10:41:11 DEBUG   [BROKER] Routed message on topic 'robot_telemetry' from 'data_generator' to 3 subscribers
2026-07-15 10:41:11 DEBUG   [BROKER] Routed message on topic 'patient_vitals' from 'data_generator' to 3 subscribers
2026-07-15 10:41:11 DEBUG   [BROKER] Routed message on topic 'robot_telemetry' from 'data_generator' to 3 subscribers
2026-07-15 10:41:12 DEBUG   [BROKER] Routed message on topic 'robot_telemetry' from 'data_generator' to 3 subscribers
2026-07-15 10:41:12 DEBUG   [BROKER] Routed message on topic 'patient_vitals' from 'data_generator' to 3 subscribers
2026-07-15 10:41:12 DEBUG   [BROKER] Routed message on topic 'robot_telemetry' from 'data_generator' to 3 subscribers
2026-07-15 10:41:13 DEBUG   [BROKER] Routed message on topic 'patient_vitals' from 'data_generator' to 3 subscribers
2026-07-15 10:41:13 DEBUG   [BROKER] Routed message on topic 'robot_telemetry' from 'data_generator' to 3 subscribers
2026-07-15 10:41:14 DEBUG   [BROKER] Routed message on topic 'robot_telemetry' from 'data_generator' to 3 subscribers
2026-07-15 10:41:14 DEBUG   [BROKER] Routed message on topic 'patient_vitals' from 'data_generator' to 3 subscribers
2026-07-15 10:41:14 DEBUG   [BROKER] Routed message on topic 'robot_telemetry' from 'data_generator' to 3 subscribers
2026-07-15 10:41:15 DEBUG   [BROKER] Routed message on topic 'robot_telemetry' from 'data_generator' to 3 subscribers
2026-07-15 10:41:15 DEBUG   [BROKER] Routed message on topic 'patient_vitals' from 'data_generator' to 3 subscribers
2026-07-15 10:41:15 DEBUG   [BROKER] Routed message on topic 'robot_telemetry' from 'data_generator' to 3 subscribers
2026-07-15 10:41:16 DEBUG   [BROKER] Routed message on topic 'patient_vitals' from 'data_generator' to 3 subscribers
2026-07-15 10:41:16 DEBUG   [BROKER] Routed message on topic 'robot_telemetry' from 'data_generator' to 3 subscribers
2026-07-15 10:41:17 DEBUG   [BROKER] Routed message on topic 'robot_telemetry' from 'data_generator' to 3 subscribers
2026-07-15 10:41:17 DEBUG   [BROKER] Routed message on topic 'patient_vitals' from 'data_generator' to 3 subscribers
2026-07-15 10:41:17 DEBUG   [BROKER] Routed message on topic 'robot_telemetry' from 'data_generator' to 3 subscribers
2026-07-15 10:41:18 DEBUG   [BROKER] Routed message on topic 'robot_telemetry' from 'data_generator' to 3 subscribers
2026-07-15 10:41:18 DEBUG   [BROKER] Routed message on topic 'patient_vitals' from 'data_generator' to 3 subscribers
2026-07-15 10:41:18 DEBUG   [BROKER] Routed message on topic 'robot_telemetry' from 'data_generator' to 3 subscribers
2026-07-15 10:41:19 DEBUG   [BROKER] Routed message on topic 'patient_vitals' from 'data_generator' to 3 subscribers
2026-07-15 10:41:19 DEBUG   [BROKER] Routed message on topic 'robot_telemetry' from 'data_generator' to 3 subscribers
2026-07-15 10:41:20 DEBUG   [BROKER] Routed message on topic 'robot_telemetry' from 'data_generator' to 3 subscribers
2026-07-15 10:41:20 DEBUG   [BROKER] Routed message on topic 'patient_vitals' from 'data_generator' to 3 subscribers
2026-07-15 10:41:20 DEBUG   [BROKER] Routed message on topic 'robot_telemetry' from 'data_generator' to 3 subscribers
2026-07-15 10:41:21 DEBUG   [BROKER] Routed message on topic 'robot_telemetry' from 'data_generator' to 3 subscribers
2026-07-15 10:41:21 DEBUG   [BROKER] Routed message on topic 'patient_vitals' from 'data_generator' to 3 subscribers
2026-07-15 10:41:22 DEBUG   [BROKER] Routed message on topic 'robot_telemetry' from 'data_generator' to 3 subscribers
2026-07-15 10:41:22 DEBUG   [BROKER] Routed message on topic 'patient_vitals' from 'data_generator' to 3 subscribers
2026-07-15 10:41:22 DEBUG   [BROKER] Routed message on topic 'robot_telemetry' from 'data_generator' to 3 subscribers
2026-07-15 10:41:23 DEBUG   [BROKER] Routed message on topic 'robot_telemetry' from 'data_generator' to 3 subscribers
2026-07-15 10:41:23 DEBUG   [BROKER] Routed message on topic 'patient_vitals' from 'data_generator' to 3 subscribers
2026-07-15 10:41:23 DEBUG   [BROKER] Routed message on topic 'robot_telemetry' from 'data_generator' to 3 subscribers
2026-07-15 10:41:24 DEBUG   [BROKER] Routed message on topic 'robot_telemetry' from 'data_generator' to 3 subscribers
2026-07-15 10:41:24 DEBUG   [BROKER] Routed message on topic 'patient_vitals' from 'data_generator' to 3 subscribers
2026-07-15 10:41:25 DEBUG   [BROKER] Routed message on topic 'robot_telemetry' from 'data_generator' to 3 subscribers
2026-07-15 10:41:25 DEBUG   [BROKER] Routed message on topic 'patient_vitals' from 'data_generator' to 3 subscribers
2026-07-15 10:41:25 DEBUG   [BROKER] Routed message on topic 'robot_telemetry' from 'data_generator' to 3 subscribers
2026-07-15 10:41:26 DEBUG   [BROKER] Routed message on topic 'robot_telemetry' from 'data_generator' to 3 subscribers
2026-07-15 10:41:26 DEBUG   [BROKER] Routed message on topic 'patient_vitals' from 'data_generator' to 3 subscribers
2026-07-15 10:41:26 DEBUG   [BROKER] Routed message on topic 'robot_telemetry' from 'data_generator' to 3 subscribers
2026-07-15 10:41:27 DEBUG   [BROKER] Routed message on topic 'patient_vitals' from 'data_generator' to 3 subscribers
2026-07-15 10:41:27 DEBUG   [BROKER] Routed message on topic 'robot_telemetry' from 'data_generator' to 3 subscribers
2026-07-15 10:41:28 DEBUG   [BROKER] Routed message on topic 'robot_telemetry' from 'data_generator' to 3 subscribers
2026-07-15 10:41:28 DEBUG   [BROKER] Routed message on topic 'patient_vitals' from 'data_generator' to 3 subscribers
2026-07-15 10:41:28 DEBUG   [BROKER] Routed message on topic 'robot_telemetry' from 'data_generator' to 3 subscribers
2026-07-15 10:41:29 DEBUG   [BROKER] Routed message on topic 'robot_telemetry' from 'data_generator' to 3 subscribers
2026-07-15 10:41:29 DEBUG   [BROKER] Routed message on topic 'patient_vitals' from 'data_generator' to 3 subscribers
2026-07-15 10:41:29 DEBUG   [BROKER] Routed message on topic 'robot_telemetry' from 'data_generator' to 3 subscribers
2026-07-15 10:41:30 DEBUG   [BROKER] Routed message on topic 'patient_vitals' from 'data_generator' to 3 subscribers
2026-07-15 10:41:30 DEBUG   [BROKER] Routed message on topic 'robot_telemetry' from 'data_generator' to 3 subscribers
2026-07-15 10:41:31 DEBUG   [BROKER] Routed message on topic 'robot_telemetry' from 'data_generator' to 3 subscribers
2026-07-15 10:41:31 DEBUG   [BROKER] Routed message on topic 'patient_vitals' from 'data_generator' to 3 subscribers
2026-07-15 10:41:31 DEBUG   [BROKER] Routed message on topic 'robot_telemetry' from 'data_generator' to 3 subscribers
2026-07-15 10:41:32 DEBUG   [BROKER] Routed message on topic 'robot_telemetry' from 'data_generator' to 3 subscribers
2026-07-15 10:41:32 DEBUG   [BROKER] Routed message on topic 'patient_vitals' from 'data_generator' to 3 subscribers
2026-07-15 10:41:33 DEBUG   [BROKER] Routed message on topic 'robot_telemetry' from 'data_generator' to 3 subscribers
2026-07-15 10:41:33 DEBUG   [BROKER] Routed message on topic 'patient_vitals' from 'data_generator' to 3 subscribers
2026-07-15 10:41:33 DEBUG   [BROKER] Routed message on topic 'robot_telemetry' from 'data_generator' to 3 subscribers
2026-07-15 10:41:34 DEBUG   [BROKER] Routed message on topic 'robot_telemetry' from 'data_generator' to 3 subscribers
2026-07-15 10:41:34 DEBUG   [BROKER] Routed message on topic 'patient_vitals' from 'data_generator' to 3 subscribers
2026-07-15 10:41:34 DEBUG   [BROKER] Routed message on topic 'robot_telemetry' from 'data_generator' to 3 subscribers
2026-07-15 10:41:35 DEBUG   [BROKER] Routed message on topic 'robot_telemetry' from 'data_generator' to 3 subscribers
2026-07-15 10:41:35 DEBUG   [BROKER] Routed message on topic 'patient_vitals' from 'data_generator' to 3 subscribers
2026-07-15 10:41:36 DEBUG   [BROKER] Routed message on topic 'robot_telemetry' from 'data_generator' to 3 subscribers
2026-07-15 10:41:36 DEBUG   [BROKER] Routed message on topic 'patient_vitals' from 'data_generator' to 3 subscribers
2026-07-15 10:41:36 DEBUG   [BROKER] Routed message on topic 'robot_telemetry' from 'data_generator' to 3 subscribers
2026-07-15 10:41:37 DEBUG   [BROKER] Routed message on topic 'robot_telemetry' from 'data_generator' to 3 subscribers
2026-07-15 10:41:37 DEBUG   [BROKER] Routed message on topic 'patient_vitals' from 'data_generator' to 3 subscribers
2026-07-15 10:41:37 DEBUG   [BROKER] Routed message on topic 'robot_telemetry' from 'data_generator' to 3 subscribers
2026-07-15 10:41:38 DEBUG   [BROKER] Routed message on topic 'patient_vitals' from 'data_generator' to 3 subscribers
2026-07-15 10:41:38 DEBUG   [BROKER] Routed message on topic 'robot_telemetry' from 'data_generator' to 3 subscribers
2026-07-15 10:41:39 DEBUG   [BROKER] Routed message on topic 'robot_telemetry' from 'data_generator' to 3 subscribers
2026-07-15 10:41:39 DEBUG   [BROKER] Routed message on topic 'patient_vitals' from 'data_generator' to 3 subscribers
2026-07-15 10:41:39 DEBUG   [BROKER] Routed message on topic 'robot_telemetry' from 'data_generator' to 3 subscribers
2026-07-15 10:41:40 DEBUG   [BROKER] Routed message on topic 'robot_telemetry' from 'data_generator' to 3 subscribers
2026-07-15 10:41:40 DEBUG   [BROKER] Routed message on topic 'patient_vitals' from 'data_generator' to 3 subscribers
2026-07-15 10:41:41 DEBUG   [BROKER] Routed message on topic 'robot_telemetry' from 'data_generator' to 3 subscribers
2026-07-15 10:41:41 DEBUG   [BROKER] Routed message on topic 'patient_vitals' from 'data_generator' to 3 subscribers
2026-07-15 10:41:41 DEBUG   [BROKER] Routed message on topic 'robot_telemetry' from 'data_generator' to 3 subscribers
2026-07-15 10:41:42 DEBUG   [BROKER] Routed message on topic 'robot_telemetry' from 'data_generator' to 3 subscribers
2026-07-15 10:41:42 DEBUG   [BROKER] Routed message on topic 'patient_vitals' from 'data_generator' to 3 subscribers
2026-07-15 10:41:42 DEBUG   [BROKER] Routed message on topic 'robot_telemetry' from 'data_generator' to 3 subscribers
2026-07-15 10:41:43 DEBUG   [BROKER] Routed message on topic 'robot_telemetry' from 'data_generator' to 3 subscribers
2026-07-15 10:41:43 DEBUG   [BROKER] Routed message on topic 'patient_vitals' from 'data_generator' to 3 subscribers
2026-07-15 10:41:44 DEBUG   [BROKER] Routed message on topic 'robot_telemetry' from 'data_generator' to 3 subscribers
2026-07-15 10:41:44 DEBUG   [BROKER] Routed message on topic 'patient_vitals' from 'data_generator' to 3 subscribers
2026-07-15 10:41:44 DEBUG   [BROKER] Routed message on topic 'robot_telemetry' from 'data_generator' to 3 subscribers
2026-07-15 10:41:45 DEBUG   [BROKER] Routed message on topic 'robot_telemetry' from 'data_generator' to 3 subscribers
2026-07-15 10:41:45 DEBUG   [BROKER] Routed message on topic 'patient_vitals' from 'data_generator' to 3 subscribers
2026-07-15 10:41:45 DEBUG   [BROKER] Routed message on topic 'robot_telemetry' from 'data_generator' to 3 subscribers
2026-07-15 10:41:46 DEBUG   [BROKER] Routed message on topic 'robot_telemetry' from 'data_generator' to 3 subscribers
2026-07-15 10:41:46 DEBUG   [BROKER] Routed message on topic 'patient_vitals' from 'data_generator' to 3 subscribers
2026-07-15 10:41:47 DEBUG   [BROKER] Routed message on topic 'robot_telemetry' from 'data_generator' to 3 subscribers
2026-07-15 10:41:47 DEBUG   [BROKER] Routed message on topic 'patient_vitals' from 'data_generator' to 3 subscribers
2026-07-15 10:41:47 DEBUG   [BROKER] Routed message on topic 'robot_telemetry' from 'data_generator' to 3 subscribers
2026-07-15 10:41:48 DEBUG   [BROKER] Routed message on topic 'robot_telemetry' from 'data_generator' to 3 subscribers
2026-07-15 10:41:48 DEBUG   [BROKER] Routed message on topic 'patient_vitals' from 'data_generator' to 3 subscribers
2026-07-15 10:41:48 DEBUG   [BROKER] Routed message on topic 'robot_telemetry' from 'data_generator' to 3 subscribers
2026-07-15 10:41:49 DEBUG   [BROKER] Routed message on topic 'robot_telemetry' from 'data_generator' to 3 subscribers
2026-07-15 10:41:49 DEBUG   [BROKER] Routed message on topic 'patient_vitals' from 'data_generator' to 3 subscribers
2026-07-15 10:41:50 DEBUG   [BROKER] Routed message on topic 'robot_telemetry' from 'data_generator' to 3 subscribers
2026-07-15 10:41:50 DEBUG   [BROKER] Routed message on topic 'patient_vitals' from 'data_generator' to 3 subscribers
2026-07-15 10:41:50 DEBUG   [BROKER] Routed message on topic 'robot_telemetry' from 'data_generator' to 3 subscribers
2026-07-15 10:41:51 DEBUG   [BROKER] Routed message on topic 'robot_telemetry' from 'data_generator' to 3 subscribers
2026-07-15 10:41:51 DEBUG   [BROKER] Routed message on topic 'patient_vitals' from 'data_generator' to 3 subscribers
2026-07-15 10:41:51 DEBUG   [BROKER] Routed message on topic 'robot_telemetry' from 'data_generator' to 3 subscribers
2026-07-15 10:41:52 DEBUG   [BROKER] Routed message on topic 'robot_telemetry' from 'data_generator' to 3 subscribers
2026-07-15 10:41:52 DEBUG   [BROKER] Routed message on topic 'patient_vitals' from 'data_generator' to 3 subscribers
2026-07-15 10:41:53 DEBUG   [BROKER] Routed message on topic 'alerts' from 'data_generator' to 3 subscribers
2026-07-15 10:41:53 DEBUG   [BROKER] Routed message on topic 'robot_telemetry' from 'data_generator' to 3 subscribers
2026-07-15 10:41:53 DEBUG   [BROKER] Routed message on topic 'patient_vitals' from 'data_generator' to 3 subscribers
2026-07-15 10:41:53 DEBUG   [BROKER] Routed message on topic 'robot_telemetry' from 'data_generator' to 3 subscribers
2026-07-15 10:41:54 DEBUG   [BROKER] Routed message on topic 'robot_telemetry' from 'data_generator' to 3 subscribers
2026-07-15 10:41:54 DEBUG   [BROKER] Routed message on topic 'patient_vitals' from 'data_generator' to 3 subscribers
2026-07-15 10:41:55 DEBUG   [BROKER] Routed message on topic 'robot_telemetry' from 'data_generator' to 3 subscribers
2026-07-15 10:41:55 DEBUG   [BROKER] Routed message on topic 'patient_vitals' from 'data_generator' to 3 subscribers
2026-07-15 10:41:55 DEBUG   [BROKER] Routed message on topic 'robot_telemetry' from 'data_generator' to 3 subscribers
2026-07-15 10:41:56 DEBUG   [BROKER] Routed message on topic 'robot_telemetry' from 'data_generator' to 3 subscribers
2026-07-15 10:41:56 DEBUG   [BROKER] Routed message on topic 'patient_vitals' from 'data_generator' to 3 subscribers
2026-07-15 10:41:56 DEBUG   [BROKER] Routed message on topic 'robot_telemetry' from 'data_generator' to 3 subscribers
2026-07-15 10:41:57 DEBUG   [BROKER] Routed message on topic 'robot_telemetry' from 'data_generator' to 3 subscribers
2026-07-15 10:41:57 DEBUG   [BROKER] Routed message on topic 'patient_vitals' from 'data_generator' to 3 subscribers
2026-07-15 10:41:58 DEBUG   [BROKER] Routed message on topic 'robot_telemetry' from 'data_generator' to 3 subscribers
2026-07-15 10:41:58 DEBUG   [BROKER] Routed message on topic 'patient_vitals' from 'data_generator' to 3 subscribers
2026-07-15 10:41:58 DEBUG   [BROKER] Routed message on topic 'robot_telemetry' from 'data_generator' to 3 subscribers
2026-07-15 10:41:59 DEBUG   [BROKER] Routed message on topic 'robot_telemetry' from 'data_generator' to 3 subscribers
2026-07-15 10:41:59 DEBUG   [BROKER] Routed message on topic 'patient_vitals' from 'data_generator' to 3 subscribers
2026-07-15 10:41:59 DEBUG   [BROKER] Routed message on topic 'robot_telemetry' from 'data_generator' to 3 subscribers
2026-07-15 10:42:00 DEBUG   [BROKER] Routed message on topic 'robot_telemetry' from 'data_generator' to 3 subscribers
2026-07-15 10:42:00 DEBUG   [BROKER] Routed message on topic 'patient_vitals' from 'data_generator' to 3 subscribers
2026-07-15 10:42:01 DEBUG   [BROKER] Routed message on topic 'robot_telemetry' from 'data_generator' to 3 subscribers
2026-07-15 10:42:01 DEBUG   [BROKER] Routed message on topic 'patient_vitals' from 'data_generator' to 3 subscribers
2026-07-15 10:42:01 DEBUG   [BROKER] Routed message on topic 'robot_telemetry' from 'data_generator' to 3 subscribers
2026-07-15 10:42:02 DEBUG   [BROKER] Routed message on topic 'robot_telemetry' from 'data_generator' to 3 subscribers
2026-07-15 10:42:02 DEBUG   [BROKER] Routed message on topic 'patient_vitals' from 'data_generator' to 3 subscribers
2026-07-15 10:42:02 DEBUG   [BROKER] Routed message on topic 'robot_telemetry' from 'data_generator' to 3 subscribers
2026-07-15 10:42:03 DEBUG   [BROKER] Routed message on topic 'robot_telemetry' from 'data_generator' to 3 subscribers
2026-07-15 10:42:03 DEBUG   [BROKER] Routed message on topic 'patient_vitals' from 'data_generator' to 3 subscribers
2026-07-15 10:42:04 DEBUG   [BROKER] Routed message on topic 'robot_telemetry' from 'data_generator' to 3 subscribers
2026-07-15 10:42:04 DEBUG   [BROKER] Routed message on topic 'patient_vitals' from 'data_generator' to 3 subscribers
2026-07-15 10:42:04 DEBUG   [BROKER] Routed message on topic 'robot_telemetry' from 'data_generator' to 3 subscribers
2026-07-15 10:42:05 DEBUG   [BROKER] Routed message on topic 'robot_telemetry' from 'data_generator' to 3 subscribers
2026-07-15 10:42:05 DEBUG   [BROKER] Routed message on topic 'patient_vitals' from 'data_generator' to 3 subscribers
2026-07-15 10:42:06 DEBUG   [BROKER] Routed message on topic 'robot_telemetry' from 'data_generator' to 3 subscribers
2026-07-15 10:42:06 DEBUG   [BROKER] Routed message on topic 'robot_telemetry' from 'data_generator' to 3 subscribers
2026-07-15 10:42:06 DEBUG   [BROKER] Routed message on topic 'patient_vitals' from 'data_generator' to 3 subscribers
2026-07-15 10:42:07 DEBUG   [BROKER] Routed message on topic 'robot_telemetry' from 'data_generator' to 3 subscribers
2026-07-15 10:42:07 DEBUG   [BROKER] Routed message on topic 'patient_vitals' from 'data_generator' to 3 subscribers
2026-07-15 10:42:07 DEBUG   [BROKER] Routed message on topic 'robot_telemetry' from 'data_generator' to 3 subscribers
2026-07-15 10:42:08 DEBUG   [BROKER] Routed message on topic 'robot_telemetry' from 'data_generator' to 3 subscribers
2026-07-15 10:42:08 DEBUG   [BROKER] Routed message on topic 'patient_vitals' from 'data_generator' to 3 subscribers
2026-07-15 10:42:09 DEBUG   [BROKER] Routed message on topic 'robot_telemetry' from 'data_generator' to 3 subscribers
2026-07-15 10:42:09 DEBUG   [BROKER] Routed message on topic 'patient_vitals' from 'data_generator' to 3 subscribers
2026-07-15 10:42:09 DEBUG   [BROKER] Routed message on topic 'robot_telemetry' from 'data_generator' to 3 subscribers
2026-07-15 10:42:10 DEBUG   [BROKER] Routed message on topic 'robot_telemetry' from 'data_generator' to 3 subscribers
2026-07-15 10:42:10 DEBUG   [BROKER] Routed message on topic 'patient_vitals' from 'data_generator' to 3 subscribers
2026-07-15 10:42:10 DEBUG   [BROKER] Routed message on topic 'robot_telemetry' from 'data_generator' to 3 subscribers
2026-07-15 10:42:11 DEBUG   [BROKER] Routed message on topic 'robot_telemetry' from 'data_generator' to 3 subscribers
2026-07-15 10:42:11 DEBUG   [BROKER] Routed message on topic 'patient_vitals' from 'data_generator' to 3 subscribers
2026-07-15 10:42:12 DEBUG   [BROKER] Routed message on topic 'robot_telemetry' from 'data_generator' to 3 subscribers
2026-07-15 10:42:12 DEBUG   [BROKER] Routed message on topic 'patient_vitals' from 'data_generator' to 3 subscribers
2026-07-15 10:42:12 DEBUG   [BROKER] Routed message on topic 'robot_telemetry' from 'data_generator' to 3 subscribers
2026-07-15 10:42:13 DEBUG   [BROKER] Routed message on topic 'robot_telemetry' from 'data_generator' to 3 subscribers
2026-07-15 10:42:13 DEBUG   [BROKER] Routed message on topic 'patient_vitals' from 'data_generator' to 3 subscribers
2026-07-15 10:42:13 DEBUG   [BROKER] Routed message on topic 'robot_telemetry' from 'data_generator' to 3 subscribers
2026-07-15 10:42:14 DEBUG   [BROKER] Routed message on topic 'robot_telemetry' from 'data_generator' to 3 subscribers
2026-07-15 10:42:14 DEBUG   [BROKER] Routed message on topic 'patient_vitals' from 'data_generator' to 3 subscribers
2026-07-15 10:42:15 DEBUG   [BROKER] Routed message on topic 'robot_telemetry' from 'data_generator' to 3 subscribers
2026-07-15 10:42:15 DEBUG   [BROKER] Routed message on topic 'patient_vitals' from 'data_generator' to 3 subscribers
2026-07-15 10:42:15 DEBUG   [BROKER] Routed message on topic 'robot_telemetry' from 'data_generator' to 3 subscribers
2026-07-15 10:42:16 DEBUG   [BROKER] Routed message on topic 'robot_telemetry' from 'data_generator' to 3 subscribers
2026-07-15 10:42:16 DEBUG   [BROKER] Routed message on topic 'patient_vitals' from 'data_generator' to 3 subscribers
2026-07-15 10:42:17 DEBUG   [BROKER] Routed message on topic 'robot_telemetry' from 'data_generator' to 3 subscribers
2026-07-15 10:42:17 DEBUG   [BROKER] Routed message on topic 'robot_telemetry' from 'data_generator' to 3 subscribers
2026-07-15 10:42:17 DEBUG   [BROKER] Routed message on topic 'patient_vitals' from 'data_generator' to 3 subscribers
2026-07-15 10:42:18 DEBUG   [BROKER] Routed message on topic 'robot_telemetry' from 'data_generator' to 3 subscribers
2026-07-15 10:42:18 DEBUG   [BROKER] Routed message on topic 'patient_vitals' from 'data_generator' to 3 subscribers
2026-07-15 10:42:18 DEBUG   [BROKER] Routed message on topic 'robot_telemetry' from 'data_generator' to 3 subscribers
2026-07-15 10:42:19 DEBUG   [BROKER] Routed message on topic 'robot_telemetry' from 'data_generator' to 3 subscribers
2026-07-15 10:42:19 DEBUG   [BROKER] Routed message on topic 'patient_vitals' from 'data_generator' to 3 subscribers
2026-07-15 10:42:20 DEBUG   [BROKER] Routed message on topic 'robot_telemetry' from 'data_generator' to 3 subscribers
2026-07-15 10:42:20 DEBUG   [BROKER] Routed message on topic 'robot_telemetry' from 'data_generator' to 3 subscribers
2026-07-15 10:42:20 DEBUG   [BROKER] Routed message on topic 'patient_vitals' from 'data_generator' to 3 subscribers
2026-07-15 10:42:21 DEBUG   [BROKER] Routed message on topic 'robot_telemetry' from 'data_generator' to 3 subscribers
2026-07-15 10:42:21 DEBUG   [BROKER] Routed message on topic 'patient_vitals' from 'data_generator' to 3 subscribers
2026-07-15 10:42:21 DEBUG   [BROKER] Routed message on topic 'robot_telemetry' from 'data_generator' to 3 subscribers
2026-07-15 10:42:22 DEBUG   [BROKER] Routed message on topic 'robot_telemetry' from 'data_generator' to 3 subscribers
2026-07-15 10:42:22 DEBUG   [BROKER] Routed message on topic 'patient_vitals' from 'data_generator' to 3 subscribers
2026-07-15 10:42:23 DEBUG   [BROKER] Routed message on topic 'robot_telemetry' from 'data_generator' to 3 subscribers
2026-07-15 10:42:23 DEBUG   [BROKER] Routed message on topic 'robot_telemetry' from 'data_generator' to 3 subscribers
2026-07-15 10:42:23 DEBUG   [BROKER] Routed message on topic 'patient_vitals' from 'data_generator' to 3 subscribers
2026-07-15 10:42:24 DEBUG   [BROKER] Routed message on topic 'robot_telemetry' from 'data_generator' to 3 subscribers
2026-07-15 10:42:24 DEBUG   [BROKER] Routed message on topic 'patient_vitals' from 'data_generator' to 3 subscribers
2026-07-15 10:42:24 DEBUG   [BROKER] Routed message on topic 'robot_telemetry' from 'data_generator' to 3 subscribers
2026-07-15 10:42:25 DEBUG   [BROKER] Routed message on topic 'robot_telemetry' from 'data_generator' to 3 subscribers
2026-07-15 10:42:25 DEBUG   [BROKER] Routed message on topic 'patient_vitals' from 'data_generator' to 3 subscribers
2026-07-15 10:42:26 DEBUG   [BROKER] Routed message on topic 'robot_telemetry' from 'data_generator' to 3 subscribers
2026-07-15 10:42:26 DEBUG   [BROKER] Routed message on topic 'patient_vitals' from 'data_generator' to 3 subscribers
2026-07-15 10:42:26 DEBUG   [BROKER] Routed message on topic 'robot_telemetry' from 'data_generator' to 3 subscribers
2026-07-15 10:42:27 DEBUG   [BROKER] Routed message on topic 'robot_telemetry' from 'data_generator' to 3 subscribers
2026-07-15 10:42:27 DEBUG   [BROKER] Routed message on topic 'patient_vitals' from 'data_generator' to 3 subscribers
2026-07-15 10:42:28 DEBUG   [BROKER] Routed message on topic 'robot_telemetry' from 'data_generator' to 3 subscribers
2026-07-15 10:42:28 DEBUG   [BROKER] Routed message on topic 'robot_telemetry' from 'data_generator' to 3 subscribers
2026-07-15 10:42:28 DEBUG   [BROKER] Routed message on topic 'patient_vitals' from 'data_generator' to 3 subscribers
2026-07-15 10:42:29 DEBUG   [BROKER] Routed message on topic 'robot_telemetry' from 'data_generator' to 3 subscribers
2026-07-15 10:42:29 DEBUG   [BROKER] Routed message on topic 'patient_vitals' from 'data_generator' to 3 subscribers
2026-07-15 10:42:29 DEBUG   [BROKER] Routed message on topic 'robot_telemetry' from 'data_generator' to 3 subscribers
2026-07-15 10:42:30 DEBUG   [BROKER] Routed message on topic 'robot_telemetry' from 'data_generator' to 3 subscribers
2026-07-15 10:42:30 DEBUG   [BROKER] Routed message on topic 'patient_vitals' from 'data_generator' to 3 subscribers
2026-07-15 10:42:31 DEBUG   [BROKER] Routed message on topic 'robot_telemetry' from 'data_generator' to 3 subscribers
2026-07-15 10:42:31 DEBUG   [BROKER] Routed message on topic 'robot_telemetry' from 'data_generator' to 3 subscribers
2026-07-15 10:42:31 DEBUG   [BROKER] Routed message on topic 'patient_vitals' from 'data_generator' to 3 subscribers
2026-07-15 10:42:32 DEBUG   [BROKER] Routed message on topic 'robot_telemetry' from 'data_generator' to 3 subscribers
2026-07-15 10:42:32 DEBUG   [BROKER] Routed message on topic 'patient_vitals' from 'data_generator' to 3 subscribers
2026-07-15 10:42:32 DEBUG   [BROKER] Routed message on topic 'robot_telemetry' from 'data_generator' to 3 subscribers
2026-07-15 10:42:33 DEBUG   [BROKER] Routed message on topic 'robot_telemetry' from 'data_generator' to 3 subscribers
2026-07-15 10:42:33 DEBUG   [BROKER] Routed message on topic 'patient_vitals' from 'data_generator' to 3 subscribers
2026-07-15 10:42:34 DEBUG   [BROKER] Routed message on topic 'robot_telemetry' from 'data_generator' to 3 subscribers
2026-07-15 10:42:34 DEBUG   [BROKER] Routed message on topic 'robot_telemetry' from 'data_generator' to 3 subscribers
2026-07-15 10:42:34 DEBUG   [BROKER] Routed message on topic 'patient_vitals' from 'data_generator' to 3 subscribers
2026-07-15 10:42:35 DEBUG   [BROKER] Routed message on topic 'robot_telemetry' from 'data_generator' to 3 subscribers
2026-07-15 10:42:35 DEBUG   [BROKER] Routed message on topic 'patient_vitals' from 'data_generator' to 3 subscribers
2026-07-15 10:42:35 DEBUG   [BROKER] Routed message on topic 'robot_telemetry' from 'data_generator' to 3 subscribers
2026-07-15 10:42:36 DEBUG   [BROKER] Routed message on topic 'robot_telemetry' from 'data_generator' to 3 subscribers
2026-07-15 10:42:36 DEBUG   [BROKER] Routed message on topic 'patient_vitals' from 'data_generator' to 3 subscribers
2026-07-15 10:42:37 DEBUG   [BROKER] Routed message on topic 'robot_telemetry' from 'data_generator' to 3 subscribers
2026-07-15 10:42:37 DEBUG   [BROKER] Routed message on topic 'robot_telemetry' from 'data_generator' to 3 subscribers
2026-07-15 10:42:37 DEBUG   [BROKER] Routed message on topic 'patient_vitals' from 'data_generator' to 3 subscribers
2026-07-15 10:42:38 DEBUG   [BROKER] Routed message on topic 'robot_telemetry' from 'data_generator' to 3 subscribers
2026-07-15 10:42:38 DEBUG   [BROKER] Routed message on topic 'patient_vitals' from 'data_generator' to 3 subscribers
2026-07-15 10:42:39 DEBUG   [BROKER] Routed message on topic 'robot_telemetry' from 'data_generator' to 3 subscribers
2026-07-15 10:42:39 DEBUG   [BROKER] Routed message on topic 'robot_telemetry' from 'data_generator' to 3 subscribers
2026-07-15 10:42:39 DEBUG   [BROKER] Routed message on topic 'patient_vitals' from 'data_generator' to 3 subscribers
2026-07-15 10:42:40 DEBUG   [BROKER] Routed message on topic 'robot_telemetry' from 'data_generator' to 3 subscribers
2026-07-15 10:42:40 DEBUG   [BROKER] Routed message on topic 'patient_vitals' from 'data_generator' to 3 subscribers
2026-07-15 10:42:40 DEBUG   [BROKER] Routed message on topic 'robot_telemetry' from 'data_generator' to 3 subscribers
2026-07-15 10:42:41 DEBUG   [BROKER] Routed message on topic 'robot_telemetry' from 'data_generator' to 3 subscribers
2026-07-15 10:42:41 DEBUG   [BROKER] Routed message on topic 'patient_vitals' from 'data_generator' to 3 subscribers
2026-07-15 10:42:42 DEBUG   [BROKER] Routed message on topic 'robot_telemetry' from 'data_generator' to 3 subscribers
2026-07-15 10:42:42 DEBUG   [BROKER] Routed message on topic 'robot_telemetry' from 'data_generator' to 3 subscribers
2026-07-15 10:42:42 DEBUG   [BROKER] Routed message on topic 'patient_vitals' from 'data_generator' to 3 subscribers
2026-07-15 10:42:43 DEBUG   [BROKER] Routed message on topic 'robot_telemetry' from 'data_generator' to 3 subscribers
2026-07-15 10:42:43 DEBUG   [BROKER] Routed message on topic 'patient_vitals' from 'data_generator' to 3 subscribers
2026-07-15 10:42:43 DEBUG   [BROKER] Routed message on topic 'robot_telemetry' from 'data_generator' to 3 subscribers
2026-07-15 10:42:44 DEBUG   [BROKER] Routed message on topic 'robot_telemetry' from 'data_generator' to 3 subscribers
2026-07-15 10:42:44 DEBUG   [BROKER] Routed message on topic 'patient_vitals' from 'data_generator' to 3 subscribers
2026-07-15 10:42:45 DEBUG   [BROKER] Routed message on topic 'robot_telemetry' from 'data_generator' to 3 subscribers
2026-07-15 10:42:45 DEBUG   [BROKER] Routed message on topic 'robot_telemetry' from 'data_generator' to 3 subscribers
2026-07-15 10:42:45 DEBUG   [BROKER] Routed message on topic 'patient_vitals' from 'data_generator' to 3 subscribers
2026-07-15 10:42:46 DEBUG   [BROKER] Routed message on topic 'robot_telemetry' from 'data_generator' to 3 subscribers
2026-07-15 10:42:46 DEBUG   [BROKER] Routed message on topic 'patient_vitals' from 'data_generator' to 3 subscribers
2026-07-15 10:42:46 DEBUG   [BROKER] Routed message on topic 'robot_telemetry' from 'data_generator' to 3 subscribers
2026-07-15 10:42:47 DEBUG   [BROKER] Routed message on topic 'robot_telemetry' from 'data_generator' to 3 subscribers
2026-07-15 10:42:47 DEBUG   [BROKER] Routed message on topic 'patient_vitals' from 'data_generator' to 3 subscribers
2026-07-15 10:42:48 DEBUG   [BROKER] Routed message on topic 'robot_telemetry' from 'data_generator' to 3 subscribers
2026-07-15 10:42:48 DEBUG   [BROKER] Routed message on topic 'robot_telemetry' from 'data_generator' to 3 subscribers
2026-07-15 10:42:48 DEBUG   [BROKER] Routed message on topic 'patient_vitals' from 'data_generator' to 3 subscribers
2026-07-15 10:42:49 DEBUG   [BROKER] Routed message on topic 'robot_telemetry' from 'data_generator' to 3 subscribers
2026-07-15 10:42:49 DEBUG   [BROKER] Routed message on topic 'patient_vitals' from 'data_generator' to 3 subscribers
2026-07-15 10:42:50 DEBUG   [BROKER] Routed message on topic 'robot_telemetry' from 'data_generator' to 3 subscribers
2026-07-15 10:42:50 DEBUG   [BROKER] Routed message on topic 'robot_telemetry' from 'data_generator' to 3 subscribers
2026-07-15 10:42:50 DEBUG   [BROKER] Routed message on topic 'patient_vitals' from 'data_generator' to 3 subscribers
2026-07-15 10:42:51 DEBUG   [BROKER] Routed message on topic 'robot_telemetry' from 'data_generator' to 3 subscribers
2026-07-15 10:42:51 DEBUG   [BROKER] Routed message on topic 'robot_telemetry' from 'data_generator' to 3 subscribers
2026-07-15 10:42:51 DEBUG   [BROKER] Routed message on topic 'patient_vitals' from 'data_generator' to 3 subscribers
2026-07-15 10:42:52 DEBUG   [BROKER] Routed message on topic 'robot_telemetry' from 'data_generator' to 3 subscribers
2026-07-15 10:42:52 DEBUG   [BROKER] Routed message on topic 'patient_vitals' from 'data_generator' to 3 subscribers
2026-07-15 10:42:53 DEBUG   [BROKER] Routed message on topic 'alerts' from 'data_generator' to 3 subscribers
2026-07-15 10:42:53 DEBUG   [BROKER] Routed message on topic 'robot_telemetry' from 'data_generator' to 3 subscribers
2026-07-15 10:42:53 DEBUG   [BROKER] Routed message on topic 'robot_telemetry' from 'data_generator' to 3 subscribers
2026-07-15 10:42:53 DEBUG   [BROKER] Routed message on topic 'patient_vitals' from 'data_generator' to 3 subscribers
2026-07-15 10:42:54 DEBUG   [BROKER] Routed message on topic 'robot_telemetry' from 'data_generator' to 3 subscribers
2026-07-15 10:42:54 DEBUG   [BROKER] Routed message on topic 'patient_vitals' from 'data_generator' to 3 subscribers
2026-07-15 10:42:54 DEBUG   [BROKER] Routed message on topic 'robot_telemetry' from 'data_generator' to 3 subscribers
2026-07-15 10:42:55 DEBUG   [BROKER] Routed message on topic 'robot_telemetry' from 'data_generator' to 3 subscribers
2026-07-15 10:42:55 DEBUG   [BROKER] Routed message on topic 'patient_vitals' from 'data_generator' to 3 subscribers
2026-07-15 10:42:56 DEBUG   [BROKER] Routed message on topic 'robot_telemetry' from 'data_generator' to 3 subscribers
2026-07-15 10:42:56 DEBUG   [BROKER] Routed message on topic 'robot_telemetry' from 'data_generator' to 3 subscribers
2026-07-15 10:42:56 DEBUG   [BROKER] Routed message on topic 'patient_vitals' from 'data_generator' to 3 subscribers
2026-07-15 10:42:57 DEBUG   [BROKER] Routed message on topic 'robot_telemetry' from 'data_generator' to 3 subscribers
2026-07-15 10:42:57 DEBUG   [BROKER] Routed message on topic 'patient_vitals' from 'data_generator' to 3 subscribers
2026-07-15 10:42:57 DEBUG   [BROKER] Routed message on topic 'robot_telemetry' from 'data_generator' to 3 subscribers
2026-07-15 10:42:58 DEBUG   [BROKER] Routed message on topic 'robot_telemetry' from 'data_generator' to 3 subscribers
2026-07-15 10:42:58 DEBUG   [BROKER] Routed message on topic 'patient_vitals' from 'data_generator' to 3 subscribers
2026-07-15 10:42:59 DEBUG   [BROKER] Routed message on topic 'robot_telemetry' from 'data_generator' to 3 subscribers
2026-07-15 10:42:59 DEBUG   [BROKER] Routed message on topic 'robot_telemetry' from 'data_generator' to 3 subscribers
2026-07-15 10:42:59 DEBUG   [BROKER] Routed message on topic 'patient_vitals' from 'data_generator' to 3 subscribers
2026-07-15 10:43:00 DEBUG   [BROKER] Routed message on topic 'robot_telemetry' from 'data_generator' to 3 subscribers
2026-07-15 10:43:00 DEBUG   [BROKER] Routed message on topic 'patient_vitals' from 'data_generator' to 3 subscribers
2026-07-15 10:43:01 DEBUG   [BROKER] Routed message on topic 'robot_telemetry' from 'data_generator' to 3 subscribers
2026-07-15 10:43:01 DEBUG   [BROKER] Routed message on topic 'robot_telemetry' from 'data_generator' to 3 subscribers
2026-07-15 10:43:01 DEBUG   [BROKER] Routed message on topic 'patient_vitals' from 'data_generator' to 3 subscribers
2026-07-15 10:43:02 DEBUG   [BROKER] Routed message on topic 'robot_telemetry' from 'data_generator' to 3 subscribers
2026-07-15 10:43:02 DEBUG   [BROKER] Routed message on topic 'robot_telemetry' from 'data_generator' to 3 subscribers
2026-07-15 10:43:02 DEBUG   [BROKER] Routed message on topic 'patient_vitals' from 'data_generator' to 3 subscribers
2026-07-15 10:43:03 DEBUG   [BROKER] Routed message on topic 'robot_telemetry' from 'data_generator' to 3 subscribers
2026-07-15 10:43:03 DEBUG   [BROKER] Routed message on topic 'patient_vitals' from 'data_generator' to 3 subscribers
2026-07-15 10:43:04 DEBUG   [BROKER] Routed message on topic 'robot_telemetry' from 'data_generator' to 3 subscribers
2026-07-15 10:43:04 DEBUG   [BROKER] Routed message on topic 'robot_telemetry' from 'data_generator' to 3 subscribers
2026-07-15 10:43:04 DEBUG   [BROKER] Routed message on topic 'patient_vitals' from 'data_generator' to 3 subscribers
2026-07-15 10:43:05 DEBUG   [BROKER] Routed message on topic 'robot_telemetry' from 'data_generator' to 3 subscribers
2026-07-15 10:43:05 DEBUG   [BROKER] Routed message on topic 'robot_telemetry' from 'data_generator' to 3 subscribers
2026-07-15 10:43:05 DEBUG   [BROKER] Routed message on topic 'patient_vitals' from 'data_generator' to 3 subscribers
2026-07-15 10:43:06 DEBUG   [BROKER] Routed message on topic 'robot_telemetry' from 'data_generator' to 3 subscribers
2026-07-15 10:43:06 DEBUG   [BROKER] Routed message on topic 'patient_vitals' from 'data_generator' to 3 subscribers
2026-07-15 10:43:07 DEBUG   [BROKER] Routed message on topic 'robot_telemetry' from 'data_generator' to 3 subscribers
2026-07-15 10:43:07 DEBUG   [BROKER] Routed message on topic 'robot_telemetry' from 'data_generator' to 3 subscribers
2026-07-15 10:43:07 DEBUG   [BROKER] Routed message on topic 'patient_vitals' from 'data_generator' to 3 subscribers
2026-07-15 10:43:08 DEBUG   [BROKER] Routed message on topic 'robot_telemetry' from 'data_generator' to 3 subscribers
2026-07-15 10:43:08 DEBUG   [BROKER] Routed message on topic 'robot_telemetry' from 'data_generator' to 3 subscribers
2026-07-15 10:43:08 DEBUG   [BROKER] Routed message on topic 'patient_vitals' from 'data_generator' to 3 subscribers
2026-07-15 10:43:09 DEBUG   [BROKER] Routed message on topic 'robot_telemetry' from 'data_generator' to 3 subscribers
2026-07-15 10:43:09 DEBUG   [BROKER] Routed message on topic 'patient_vitals' from 'data_generator' to 3 subscribers
2026-07-15 10:43:10 DEBUG   [BROKER] Routed message on topic 'robot_telemetry' from 'data_generator' to 3 subscribers
2026-07-15 10:43:10 DEBUG   [BROKER] Routed message on topic 'robot_telemetry' from 'data_generator' to 3 subscribers
2026-07-15 10:43:10 DEBUG   [BROKER] Routed message on topic 'patient_vitals' from 'data_generator' to 3 subscribers
2026-07-15 10:43:11 DEBUG   [BROKER] Routed message on topic 'robot_telemetry' from 'data_generator' to 3 subscribers
2026-07-15 10:43:11 DEBUG   [BROKER] Routed message on topic 'patient_vitals' from 'data_generator' to 3 subscribers
2026-07-15 10:43:11 DEBUG   [BROKER] Routed message on topic 'robot_telemetry' from 'data_generator' to 3 subscribers
2026-07-15 10:43:12 DEBUG   [BROKER] Routed message on topic 'robot_telemetry' from 'data_generator' to 3 subscribers
2026-07-15 10:43:12 DEBUG   [BROKER] Routed message on topic 'patient_vitals' from 'data_generator' to 3 subscribers
2026-07-15 10:43:13 DEBUG   [BROKER] Routed message on topic 'robot_telemetry' from 'data_generator' to 3 subscribers
2026-07-15 10:43:13 DEBUG   [BROKER] Routed message on topic 'robot_telemetry' from 'data_generator' to 3 subscribers
2026-07-15 10:43:13 DEBUG   [BROKER] Routed message on topic 'patient_vitals' from 'data_generator' to 3 subscribers
2026-07-15 10:43:14 DEBUG   [BROKER] Routed message on topic 'robot_telemetry' from 'data_generator' to 3 subscribers
2026-07-15 10:43:14 DEBUG   [BROKER] Routed message on topic 'patient_vitals' from 'data_generator' to 3 subscribers
2026-07-15 10:43:15 DEBUG   [BROKER] Routed message on topic 'robot_telemetry' from 'data_generator' to 3 subscribers
2026-07-15 10:43:15 DEBUG   [BROKER] Routed message on topic 'robot_telemetry' from 'data_generator' to 3 subscribers
2026-07-15 10:43:15 DEBUG   [BROKER] Routed message on topic 'patient_vitals' from 'data_generator' to 3 subscribers
2026-07-15 10:43:16 DEBUG   [BROKER] Routed message on topic 'robot_telemetry' from 'data_generator' to 3 subscribers
2026-07-15 10:43:16 DEBUG   [BROKER] Routed message on topic 'robot_telemetry' from 'data_generator' to 3 subscribers
2026-07-15 10:43:16 DEBUG   [BROKER] Routed message on topic 'patient_vitals' from 'data_generator' to 3 subscribers
2026-07-15 10:43:17 DEBUG   [BROKER] Routed message on topic 'robot_telemetry' from 'data_generator' to 3 subscribers
2026-07-15 10:43:17 DEBUG   [BROKER] Routed message on topic 'patient_vitals' from 'data_generator' to 3 subscribers
2026-07-15 10:43:18 DEBUG   [BROKER] Routed message on topic 'robot_telemetry' from 'data_generator' to 3 subscribers
2026-07-15 10:43:18 DEBUG   [BROKER] Routed message on topic 'robot_telemetry' from 'data_generator' to 3 subscribers
2026-07-15 10:43:19 DEBUG   [BROKER] Routed message on topic 'patient_vitals' from 'data_generator' to 3 subscribers
2026-07-15 10:43:19 DEBUG   [BROKER] Routed message on topic 'robot_telemetry' from 'data_generator' to 3 subscribers
2026-07-15 10:43:19 DEBUG   [BROKER] Routed message on topic 'robot_telemetry' from 'data_generator' to 3 subscribers
2026-07-15 10:43:20 DEBUG   [BROKER] Routed message on topic 'patient_vitals' from 'data_generator' to 3 subscribers
2026-07-15 10:43:20 DEBUG   [BROKER] Routed message on topic 'robot_telemetry' from 'data_generator' to 3 subscribers
2026-07-15 10:43:21 DEBUG   [BROKER] Routed message on topic 'patient_vitals' from 'data_generator' to 3 subscribers
2026-07-15 10:43:21 DEBUG   [BROKER] Routed message on topic 'robot_telemetry' from 'data_generator' to 3 subscribers
2026-07-15 10:43:21 DEBUG   [BROKER] Routed message on topic 'robot_telemetry' from 'data_generator' to 3 subscribers
2026-07-15 10:43:22 DEBUG   [BROKER] Routed message on topic 'patient_vitals' from 'data_generator' to 3 subscribers
2026-07-15 10:43:22 DEBUG   [BROKER] Routed message on topic 'robot_telemetry' from 'data_generator' to 3 subscribers
2026-07-15 10:43:22 DEBUG   [BROKER] Routed message on topic 'robot_telemetry' from 'data_generator' to 3 subscribers
2026-07-15 10:43:23 DEBUG   [BROKER] Routed message on topic 'patient_vitals' from 'data_generator' to 3 subscribers
2026-07-15 10:43:23 DEBUG   [BROKER] Routed message on topic 'robot_telemetry' from 'data_generator' to 3 subscribers
2026-07-15 10:43:24 DEBUG   [BROKER] Routed message on topic 'patient_vitals' from 'data_generator' to 3 subscribers
2026-07-15 10:43:24 DEBUG   [BROKER] Routed message on topic 'robot_telemetry' from 'data_generator' to 3 subscribers
2026-07-15 10:43:24 DEBUG   [BROKER] Routed message on topic 'robot_telemetry' from 'data_generator' to 3 subscribers
2026-07-15 10:43:25 DEBUG   [BROKER] Routed message on topic 'patient_vitals' from 'data_generator' to 3 subscribers
2026-07-15 10:43:25 DEBUG   [BROKER] Routed message on topic 'robot_telemetry' from 'data_generator' to 3 subscribers
2026-07-15 10:43:26 DEBUG   [BROKER] Routed message on topic 'robot_telemetry' from 'data_generator' to 3 subscribers
2026-07-15 10:43:26 DEBUG   [BROKER] Routed message on topic 'patient_vitals' from 'data_generator' to 3 subscribers
2026-07-15 10:43:26 DEBUG   [BROKER] Routed message on topic 'robot_telemetry' from 'data_generator' to 3 subscribers
2026-07-15 10:43:27 DEBUG   [BROKER] Routed message on topic 'patient_vitals' from 'data_generator' to 3 subscribers
2026-07-15 10:43:27 DEBUG   [BROKER] Routed message on topic 'robot_telemetry' from 'data_generator' to 3 subscribers
2026-07-15 10:43:27 DEBUG   [BROKER] Routed message on topic 'robot_telemetry' from 'data_generator' to 3 subscribers
2026-07-15 10:43:28 DEBUG   [BROKER] Routed message on topic 'patient_vitals' from 'data_generator' to 3 subscribers
2026-07-15 10:43:28 DEBUG   [BROKER] Routed message on topic 'robot_telemetry' from 'data_generator' to 3 subscribers
2026-07-15 10:43:29 DEBUG   [BROKER] Routed message on topic 'patient_vitals' from 'data_generator' to 3 subscribers
2026-07-15 10:43:29 DEBUG   [BROKER] Routed message on topic 'robot_telemetry' from 'data_generator' to 3 subscribers
2026-07-15 10:43:29 DEBUG   [BROKER] Routed message on topic 'robot_telemetry' from 'data_generator' to 3 subscribers
2026-07-15 10:43:30 DEBUG   [BROKER] Routed message on topic 'patient_vitals' from 'data_generator' to 3 subscribers
2026-07-15 10:43:30 DEBUG   [BROKER] Routed message on topic 'robot_telemetry' from 'data_generator' to 3 subscribers
2026-07-15 10:43:30 DEBUG   [BROKER] Routed message on topic 'robot_telemetry' from 'data_generator' to 3 subscribers
2026-07-15 10:43:31 DEBUG   [BROKER] Routed message on topic 'patient_vitals' from 'data_generator' to 3 subscribers
2026-07-15 10:43:31 DEBUG   [BROKER] Routed message on topic 'robot_telemetry' from 'data_generator' to 3 subscribers
2026-07-15 10:43:32 DEBUG   [BROKER] Routed message on topic 'patient_vitals' from 'data_generator' to 3 subscribers
2026-07-15 10:43:32 DEBUG   [BROKER] Routed message on topic 'robot_telemetry' from 'data_generator' to 3 subscribers
2026-07-15 10:43:32 DEBUG   [BROKER] Routed message on topic 'robot_telemetry' from 'data_generator' to 3 subscribers
2026-07-15 10:43:33 DEBUG   [BROKER] Routed message on topic 'patient_vitals' from 'data_generator' to 3 subscribers
2026-07-15 10:43:33 DEBUG   [BROKER] Routed message on topic 'robot_telemetry' from 'data_generator' to 3 subscribers
2026-07-15 10:43:33 DEBUG   [BROKER] Routed message on topic 'robot_telemetry' from 'data_generator' to 3 subscribers
2026-07-15 10:43:34 DEBUG   [BROKER] Routed message on topic 'patient_vitals' from 'data_generator' to 3 subscribers
2026-07-15 10:43:34 DEBUG   [BROKER] Routed message on topic 'robot_telemetry' from 'data_generator' to 3 subscribers
2026-07-15 10:43:35 DEBUG   [BROKER] Routed message on topic 'patient_vitals' from 'data_generator' to 3 subscribers
2026-07-15 10:43:35 DEBUG   [BROKER] Routed message on topic 'robot_telemetry' from 'data_generator' to 3 subscribers
2026-07-15 10:43:35 DEBUG   [BROKER] Routed message on topic 'robot_telemetry' from 'data_generator' to 3 subscribers
2026-07-15 10:43:36 DEBUG   [BROKER] Routed message on topic 'patient_vitals' from 'data_generator' to 3 subscribers
2026-07-15 10:43:36 DEBUG   [BROKER] Routed message on topic 'robot_telemetry' from 'data_generator' to 3 subscribers
2026-07-15 10:43:36 DEBUG   [BROKER] Routed message on topic 'robot_telemetry' from 'data_generator' to 3 subscribers
2026-07-15 10:43:37 DEBUG   [BROKER] Routed message on topic 'patient_vitals' from 'data_generator' to 3 subscribers
2026-07-15 10:43:37 DEBUG   [BROKER] Routed message on topic 'robot_telemetry' from 'data_generator' to 3 subscribers
2026-07-15 10:43:38 DEBUG   [BROKER] Routed message on topic 'patient_vitals' from 'data_generator' to 3 subscribers
2026-07-15 10:43:38 DEBUG   [BROKER] Routed message on topic 'robot_telemetry' from 'data_generator' to 3 subscribers
2026-07-15 10:43:38 DEBUG   [BROKER] Routed message on topic 'robot_telemetry' from 'data_generator' to 3 subscribers
2026-07-15 10:43:39 DEBUG   [BROKER] Routed message on topic 'patient_vitals' from 'data_generator' to 3 subscribers
2026-07-15 10:43:39 DEBUG   [BROKER] Routed message on topic 'robot_telemetry' from 'data_generator' to 3 subscribers
2026-07-15 10:43:40 DEBUG   [BROKER] Routed message on topic 'robot_telemetry' from 'data_generator' to 3 subscribers
2026-07-15 10:43:40 DEBUG   [BROKER] Routed message on topic 'patient_vitals' from 'data_generator' to 3 subscribers
2026-07-15 10:43:40 DEBUG   [BROKER] Routed message on topic 'robot_telemetry' from 'data_generator' to 3 subscribers
2026-07-15 10:43:41 DEBUG   [BROKER] Routed message on topic 'patient_vitals' from 'data_generator' to 3 subscribers
2026-07-15 10:43:41 DEBUG   [BROKER] Routed message on topic 'robot_telemetry' from 'data_generator' to 3 subscribers
2026-07-15 10:43:41 DEBUG   [BROKER] Routed message on topic 'robot_telemetry' from 'data_generator' to 3 subscribers
2026-07-15 10:43:42 DEBUG   [BROKER] Routed message on topic 'patient_vitals' from 'data_generator' to 3 subscribers
2026-07-15 10:43:42 DEBUG   [BROKER] Routed message on topic 'robot_telemetry' from 'data_generator' to 3 subscribers
2026-07-15 10:43:43 DEBUG   [BROKER] Routed message on topic 'robot_telemetry' from 'data_generator' to 3 subscribers
2026-07-15 10:43:43 DEBUG   [BROKER] Routed message on topic 'patient_vitals' from 'data_generator' to 3 subscribers
2026-07-15 10:43:43 DEBUG   [BROKER] Routed message on topic 'robot_telemetry' from 'data_generator' to 3 subscribers
2026-07-15 10:43:44 DEBUG   [BROKER] Routed message on topic 'patient_vitals' from 'data_generator' to 3 subscribers
2026-07-15 10:43:44 DEBUG   [BROKER] Routed message on topic 'robot_telemetry' from 'data_generator' to 3 subscribers
2026-07-15 10:43:44 DEBUG   [BROKER] Routed message on topic 'robot_telemetry' from 'data_generator' to 3 subscribers
2026-07-15 10:43:45 DEBUG   [BROKER] Routed message on topic 'patient_vitals' from 'data_generator' to 3 subscribers
2026-07-15 10:43:45 DEBUG   [BROKER] Routed message on topic 'robot_telemetry' from 'data_generator' to 3 subscribers
2026-07-15 10:43:46 DEBUG   [BROKER] Routed message on topic 'patient_vitals' from 'data_generator' to 3 subscribers
2026-07-15 10:43:46 DEBUG   [BROKER] Routed message on topic 'robot_telemetry' from 'data_generator' to 3 subscribers
2026-07-15 10:43:46 DEBUG   [BROKER] Routed message on topic 'robot_telemetry' from 'data_generator' to 3 subscribers
2026-07-15 10:43:47 DEBUG   [BROKER] Routed message on topic 'patient_vitals' from 'data_generator' to 3 subscribers
2026-07-15 10:43:47 DEBUG   [BROKER] Routed message on topic 'robot_telemetry' from 'data_generator' to 3 subscribers
2026-07-15 10:43:47 DEBUG   [BROKER] Routed message on topic 'robot_telemetry' from 'data_generator' to 3 subscribers
2026-07-15 10:43:48 DEBUG   [BROKER] Routed message on topic 'patient_vitals' from 'data_generator' to 3 subscribers
2026-07-15 10:43:48 DEBUG   [BROKER] Routed message on topic 'robot_telemetry' from 'data_generator' to 3 subscribers
2026-07-15 10:43:49 DEBUG   [BROKER] Routed message on topic 'patient_vitals' from 'data_generator' to 3 subscribers
2026-07-15 10:43:49 DEBUG   [BROKER] Routed message on topic 'robot_telemetry' from 'data_generator' to 3 subscribers
2026-07-15 10:43:49 DEBUG   [BROKER] Routed message on topic 'robot_telemetry' from 'data_generator' to 3 subscribers
2026-07-15 10:43:50 DEBUG   [BROKER] Routed message on topic 'patient_vitals' from 'data_generator' to 3 subscribers
2026-07-15 10:43:50 DEBUG   [BROKER] Routed message on topic 'robot_telemetry' from 'data_generator' to 3 subscribers
2026-07-15 10:43:50 DEBUG   [BROKER] Routed message on topic 'robot_telemetry' from 'data_generator' to 3 subscribers
2026-07-15 10:43:51 DEBUG   [BROKER] Routed message on topic 'patient_vitals' from 'data_generator' to 3 subscribers
2026-07-15 10:43:51 DEBUG   [BROKER] Routed message on topic 'robot_telemetry' from 'data_generator' to 3 subscribers
2026-07-15 10:43:52 DEBUG   [BROKER] Routed message on topic 'patient_vitals' from 'data_generator' to 3 subscribers
2026-07-15 10:43:52 DEBUG   [BROKER] Routed message on topic 'robot_telemetry' from 'data_generator' to 3 subscribers
2026-07-15 10:43:52 DEBUG   [BROKER] Routed message on topic 'robot_telemetry' from 'data_generator' to 3 subscribers
2026-07-15 10:43:53 DEBUG   [BROKER] Routed message on topic 'alerts' from 'data_generator' to 3 subscribers
2026-07-15 10:43:53 DEBUG   [BROKER] Routed message on topic 'patient_vitals' from 'data_generator' to 3 subscribers
2026-07-15 10:43:53 DEBUG   [BROKER] Routed message on topic 'robot_telemetry' from 'data_generator' to 3 subscribers
2026-07-15 10:43:54 DEBUG   [BROKER] Routed message on topic 'robot_telemetry' from 'data_generator' to 3 subscribers
2026-07-15 10:43:54 DEBUG   [BROKER] Routed message on topic 'patient_vitals' from 'data_generator' to 3 subscribers
2026-07-15 10:43:54 DEBUG   [BROKER] Routed message on topic 'robot_telemetry' from 'data_generator' to 3 subscribers
2026-07-15 10:43:55 DEBUG   [BROKER] Routed message on topic 'patient_vitals' from 'data_generator' to 3 subscribers
2026-07-15 10:43:55 DEBUG   [BROKER] Routed message on topic 'robot_telemetry' from 'data_generator' to 3 subscribers
2026-07-15 10:43:55 DEBUG   [BROKER] Routed message on topic 'robot_telemetry' from 'data_generator' to 3 subscribers
2026-07-15 10:43:56 DEBUG   [BROKER] Routed message on topic 'patient_vitals' from 'data_generator' to 3 subscribers
2026-07-15 10:43:56 DEBUG   [BROKER] Routed message on topic 'robot_telemetry' from 'data_generator' to 3 subscribers
2026-07-15 10:43:57 DEBUG   [BROKER] Routed message on topic 'robot_telemetry' from 'data_generator' to 3 subscribers
2026-07-15 10:43:57 DEBUG   [BROKER] Routed message on topic 'patient_vitals' from 'data_generator' to 3 subscribers
2026-07-15 10:43:57 DEBUG   [BROKER] Routed message on topic 'robot_telemetry' from 'data_generator' to 3 subscribers
2026-07-15 10:43:58 DEBUG   [BROKER] Routed message on topic 'patient_vitals' from 'data_generator' to 3 subscribers
2026-07-15 10:43:58 DEBUG   [BROKER] Routed message on topic 'robot_telemetry' from 'data_generator' to 3 subscribers
2026-07-15 10:43:58 DEBUG   [BROKER] Routed message on topic 'robot_telemetry' from 'data_generator' to 3 subscribers
2026-07-15 10:43:59 DEBUG   [BROKER] Routed message on topic 'patient_vitals' from 'data_generator' to 3 subscribers
2026-07-15 10:43:59 DEBUG   [BROKER] Routed message on topic 'robot_telemetry' from 'data_generator' to 3 subscribers
2026-07-15 10:44:00 DEBUG   [BROKER] Routed message on topic 'robot_telemetry' from 'data_generator' to 3 subscribers
2026-07-15 10:44:00 DEBUG   [BROKER] Routed message on topic 'patient_vitals' from 'data_generator' to 3 subscribers
2026-07-15 10:44:00 DEBUG   [BROKER] Routed message on topic 'robot_telemetry' from 'data_generator' to 3 subscribers
2026-07-15 10:44:01 DEBUG   [BROKER] Routed message on topic 'patient_vitals' from 'data_generator' to 3 subscribers
2026-07-15 10:44:01 DEBUG   [BROKER] Routed message on topic 'robot_telemetry' from 'data_generator' to 3 subscribers
2026-07-15 10:44:01 DEBUG   [BROKER] Routed message on topic 'robot_telemetry' from 'data_generator' to 3 subscribers
2026-07-15 10:44:02 DEBUG   [BROKER] Routed message on topic 'patient_vitals' from 'data_generator' to 3 subscribers
2026-07-15 10:44:02 DEBUG   [BROKER] Routed message on topic 'robot_telemetry' from 'data_generator' to 3 subscribers
2026-07-15 10:44:03 DEBUG   [BROKER] Routed message on topic 'patient_vitals' from 'data_generator' to 3 subscribers
2026-07-15 10:44:03 DEBUG   [BROKER] Routed message on topic 'robot_telemetry' from 'data_generator' to 3 subscribers
2026-07-15 10:44:03 DEBUG   [BROKER] Routed message on topic 'robot_telemetry' from 'data_generator' to 3 subscribers
2026-07-15 10:44:04 DEBUG   [BROKER] Routed message on topic 'patient_vitals' from 'data_generator' to 3 subscribers
2026-07-15 10:44:04 DEBUG   [BROKER] Routed message on topic 'robot_telemetry' from 'data_generator' to 3 subscribers
2026-07-15 10:44:05 DEBUG   [BROKER] Routed message on topic 'robot_telemetry' from 'data_generator' to 3 subscribers
2026-07-15 10:44:05 DEBUG   [BROKER] Routed message on topic 'patient_vitals' from 'data_generator' to 3 subscribers
2026-07-15 10:44:05 DEBUG   [BROKER] Routed message on topic 'robot_telemetry' from 'data_generator' to 3 subscribers
2026-07-15 10:44:06 DEBUG   [BROKER] Routed message on topic 'patient_vitals' from 'data_generator' to 3 subscribers
2026-07-15 10:44:06 DEBUG   [BROKER] Routed message on topic 'robot_telemetry' from 'data_generator' to 3 subscribers
2026-07-15 10:44:06 DEBUG   [BROKER] Routed message on topic 'robot_telemetry' from 'data_generator' to 3 subscribers
2026-07-15 10:44:07 DEBUG   [BROKER] Routed message on topic 'patient_vitals' from 'data_generator' to 3 subscribers
2026-07-15 10:44:07 DEBUG   [BROKER] Routed message on topic 'robot_telemetry' from 'data_generator' to 3 subscribers
2026-07-15 10:44:08 DEBUG   [BROKER] Routed message on topic 'robot_telemetry' from 'data_generator' to 3 subscribers
2026-07-15 10:44:08 DEBUG   [BROKER] Routed message on topic 'patient_vitals' from 'data_generator' to 3 subscribers
2026-07-15 10:44:08 DEBUG   [BROKER] Routed message on topic 'robot_telemetry' from 'data_generator' to 3 subscribers
2026-07-15 10:44:09 DEBUG   [BROKER] Routed message on topic 'patient_vitals' from 'data_generator' to 3 subscribers
2026-07-15 10:44:09 DEBUG   [BROKER] Routed message on topic 'robot_telemetry' from 'data_generator' to 3 subscribers
2026-07-15 10:44:09 DEBUG   [BROKER] Routed message on topic 'robot_telemetry' from 'data_generator' to 3 subscribers
2026-07-15 10:44:10 DEBUG   [BROKER] Routed message on topic 'patient_vitals' from 'data_generator' to 3 subscribers
2026-07-15 10:44:10 DEBUG   [BROKER] Routed message on topic 'robot_telemetry' from 'data_generator' to 3 subscribers
2026-07-15 10:44:11 DEBUG   [BROKER] Routed message on topic 'robot_telemetry' from 'data_generator' to 3 subscribers
2026-07-15 10:44:11 DEBUG   [BROKER] Routed message on topic 'patient_vitals' from 'data_generator' to 3 subscribers
2026-07-15 10:44:11 DEBUG   [BROKER] Routed message on topic 'robot_telemetry' from 'data_generator' to 3 subscribers
2026-07-15 10:44:12 DEBUG   [BROKER] Routed message on topic 'patient_vitals' from 'data_generator' to 3 subscribers
2026-07-15 10:44:12 DEBUG   [BROKER] Routed message on topic 'robot_telemetry' from 'data_generator' to 3 subscribers
2026-07-15 10:44:12 DEBUG   [BROKER] Routed message on topic 'robot_telemetry' from 'data_generator' to 3 subscribers
2026-07-15 10:44:13 DEBUG   [BROKER] Routed message on topic 'patient_vitals' from 'data_generator' to 3 subscribers
2026-07-15 10:44:13 DEBUG   [BROKER] Routed message on topic 'robot_telemetry' from 'data_generator' to 3 subscribers
2026-07-15 10:44:14 DEBUG   [BROKER] Routed message on topic 'robot_telemetry' from 'data_generator' to 3 subscribers
2026-07-15 10:44:14 DEBUG   [BROKER] Routed message on topic 'patient_vitals' from 'data_generator' to 3 subscribers
2026-07-15 10:44:14 DEBUG   [BROKER] Routed message on topic 'robot_telemetry' from 'data_generator' to 3 subscribers
2026-07-15 10:44:15 DEBUG   [BROKER] Routed message on topic 'patient_vitals' from 'data_generator' to 3 subscribers
2026-07-15 10:44:15 DEBUG   [BROKER] Routed message on topic 'robot_telemetry' from 'data_generator' to 3 subscribers
2026-07-15 10:44:16 DEBUG   [BROKER] Routed message on topic 'robot_telemetry' from 'data_generator' to 3 subscribers
2026-07-15 10:44:16 DEBUG   [BROKER] Routed message on topic 'patient_vitals' from 'data_generator' to 3 subscribers
2026-07-15 10:44:16 DEBUG   [BROKER] Routed message on topic 'robot_telemetry' from 'data_generator' to 3 subscribers
2026-07-15 10:44:17 DEBUG   [BROKER] Routed message on topic 'robot_telemetry' from 'data_generator' to 3 subscribers
2026-07-15 10:44:17 DEBUG   [BROKER] Routed message on topic 'patient_vitals' from 'data_generator' to 3 subscribers
2026-07-15 10:44:17 DEBUG   [BROKER] Routed message on topic 'robot_telemetry' from 'data_generator' to 3 subscribers
2026-07-15 10:44:18 DEBUG   [BROKER] Routed message on topic 'patient_vitals' from 'data_generator' to 3 subscribers
2026-07-15 10:44:18 DEBUG   [BROKER] Routed message on topic 'robot_telemetry' from 'data_generator' to 3 subscribers
2026-07-15 10:44:19 DEBUG   [BROKER] Routed message on topic 'robot_telemetry' from 'data_generator' to 3 subscribers
2026-07-15 10:44:19 DEBUG   [BROKER] Routed message on topic 'patient_vitals' from 'data_generator' to 3 subscribers
2026-07-15 10:44:19 DEBUG   [BROKER] Routed message on topic 'robot_telemetry' from 'data_generator' to 3 subscribers
2026-07-15 10:44:20 DEBUG   [BROKER] Routed message on topic 'patient_vitals' from 'data_generator' to 3 subscribers
2026-07-15 10:44:20 DEBUG   [BROKER] Routed message on topic 'robot_telemetry' from 'data_generator' to 3 subscribers
2026-07-15 10:44:20 DEBUG   [BROKER] Routed message on topic 'robot_telemetry' from 'data_generator' to 3 subscribers
2026-07-15 10:44:21 DEBUG   [BROKER] Routed message on topic 'patient_vitals' from 'data_generator' to 3 subscribers
2026-07-15 10:44:21 DEBUG   [BROKER] Routed message on topic 'robot_telemetry' from 'data_generator' to 3 subscribers
2026-07-15 10:44:22 DEBUG   [BROKER] Routed message on topic 'robot_telemetry' from 'data_generator' to 3 subscribers
2026-07-15 10:44:22 DEBUG   [BROKER] Routed message on topic 'patient_vitals' from 'data_generator' to 3 subscribers
2026-07-15 10:44:22 DEBUG   [BROKER] Routed message on topic 'robot_telemetry' from 'data_generator' to 3 subscribers
2026-07-15 10:44:23 DEBUG   [BROKER] Routed message on topic 'patient_vitals' from 'data_generator' to 3 subscribers
2026-07-15 10:44:23 DEBUG   [BROKER] Routed message on topic 'robot_telemetry' from 'data_generator' to 3 subscribers
2026-07-15 10:44:23 DEBUG   [BROKER] Routed message on topic 'robot_telemetry' from 'data_generator' to 3 subscribers
2026-07-15 10:44:24 DEBUG   [BROKER] Routed message on topic 'patient_vitals' from 'data_generator' to 3 subscribers
2026-07-15 10:44:24 DEBUG   [BROKER] Routed message on topic 'robot_telemetry' from 'data_generator' to 3 subscribers
2026-07-15 10:44:25 DEBUG   [BROKER] Routed message on topic 'robot_telemetry' from 'data_generator' to 3 subscribers
2026-07-15 10:44:25 DEBUG   [BROKER] Routed message on topic 'patient_vitals' from 'data_generator' to 3 subscribers
2026-07-15 10:44:25 DEBUG   [BROKER] Routed message on topic 'robot_telemetry' from 'data_generator' to 3 subscribers
2026-07-15 10:44:26 DEBUG   [BROKER] Routed message on topic 'patient_vitals' from 'data_generator' to 3 subscribers
2026-07-15 10:44:26 DEBUG   [BROKER] Routed message on topic 'robot_telemetry' from 'data_generator' to 3 subscribers
2026-07-15 10:44:27 DEBUG   [BROKER] Routed message on topic 'robot_telemetry' from 'data_generator' to 3 subscribers
2026-07-15 10:44:27 DEBUG   [BROKER] Routed message on topic 'patient_vitals' from 'data_generator' to 3 subscribers
2026-07-15 10:44:27 DEBUG   [BROKER] Routed message on topic 'robot_telemetry' from 'data_generator' to 3 subscribers
2026-07-15 10:44:28 DEBUG   [BROKER] Routed message on topic 'robot_telemetry' from 'data_generator' to 3 subscribers
2026-07-15 10:44:28 DEBUG   [BROKER] Routed message on topic 'patient_vitals' from 'data_generator' to 3 subscribers
2026-07-15 10:44:28 DEBUG   [BROKER] Routed message on topic 'robot_telemetry' from 'data_generator' to 3 subscribers
2026-07-15 10:44:29 DEBUG   [BROKER] Routed message on topic 'patient_vitals' from 'data_generator' to 3 subscribers
2026-07-15 10:44:29 DEBUG   [BROKER] Routed message on topic 'robot_telemetry' from 'data_generator' to 3 subscribers
2026-07-15 10:44:30 DEBUG   [BROKER] Routed message on topic 'robot_telemetry' from 'data_generator' to 3 subscribers
2026-07-15 10:44:30 DEBUG   [BROKER] Routed message on topic 'patient_vitals' from 'data_generator' to 3 subscribers
2026-07-15 10:44:30 DEBUG   [BROKER] Routed message on topic 'robot_telemetry' from 'data_generator' to 3 subscribers
2026-07-15 10:44:31 DEBUG   [BROKER] Routed message on topic 'robot_telemetry' from 'data_generator' to 3 subscribers
2026-07-15 10:44:31 DEBUG   [BROKER] Routed message on topic 'patient_vitals' from 'data_generator' to 3 subscribers
2026-07-15 10:44:31 DEBUG   [BROKER] Routed message on topic 'robot_telemetry' from 'data_generator' to 3 subscribers
2026-07-15 10:44:32 DEBUG   [BROKER] Routed message on topic 'patient_vitals' from 'data_generator' to 3 subscribers
2026-07-15 10:44:32 DEBUG   [BROKER] Routed message on topic 'robot_telemetry' from 'data_generator' to 3 subscribers
2026-07-15 10:44:33 DEBUG   [BROKER] Routed message on topic 'robot_telemetry' from 'data_generator' to 3 subscribers
2026-07-15 10:44:33 DEBUG   [BROKER] Routed message on topic 'patient_vitals' from 'data_generator' to 3 subscribers
2026-07-15 10:44:33 DEBUG   [BROKER] Routed message on topic 'robot_telemetry' from 'data_generator' to 3 subscribers
2026-07-15 10:44:34 DEBUG   [BROKER] Routed message on topic 'patient_vitals' from 'data_generator' to 3 subscribers
2026-07-15 10:44:34 DEBUG   [BROKER] Routed message on topic 'robot_telemetry' from 'data_generator' to 3 subscribers
2026-07-15 10:44:34 DEBUG   [BROKER] Routed message on topic 'robot_telemetry' from 'data_generator' to 3 subscribers
2026-07-15 10:44:35 DEBUG   [BROKER] Routed message on topic 'patient_vitals' from 'data_generator' to 3 subscribers
2026-07-15 10:44:35 DEBUG   [BROKER] Routed message on topic 'robot_telemetry' from 'data_generator' to 3 subscribers
2026-07-15 10:44:36 DEBUG   [BROKER] Routed message on topic 'robot_telemetry' from 'data_generator' to 3 subscribers
2026-07-15 10:44:36 DEBUG   [BROKER] Routed message on topic 'patient_vitals' from 'data_generator' to 3 subscribers
2026-07-15 10:44:36 DEBUG   [BROKER] Routed message on topic 'robot_telemetry' from 'data_generator' to 3 subscribers
2026-07-15 10:44:37 DEBUG   [BROKER] Routed message on topic 'patient_vitals' from 'data_generator' to 3 subscribers
2026-07-15 10:44:37 DEBUG   [BROKER] Routed message on topic 'robot_telemetry' from 'data_generator' to 3 subscribers
2026-07-15 10:44:38 DEBUG   [BROKER] Routed message on topic 'robot_telemetry' from 'data_generator' to 3 subscribers
2026-07-15 10:44:38 DEBUG   [BROKER] Routed message on topic 'patient_vitals' from 'data_generator' to 3 subscribers
2026-07-15 10:44:38 DEBUG   [BROKER] Routed message on topic 'robot_telemetry' from 'data_generator' to 3 subscribers
2026-07-15 10:44:39 DEBUG   [BROKER] Routed message on topic 'robot_telemetry' from 'data_generator' to 3 subscribers
2026-07-15 10:44:39 DEBUG   [BROKER] Routed message on topic 'patient_vitals' from 'data_generator' to 3 subscribers
2026-07-15 10:44:39 DEBUG   [BROKER] Routed message on topic 'robot_telemetry' from 'data_generator' to 3 subscribers
2026-07-15 10:44:40 DEBUG   [BROKER] Routed message on topic 'patient_vitals' from 'data_generator' to 3 subscribers
2026-07-15 10:44:40 DEBUG   [BROKER] Routed message on topic 'robot_telemetry' from 'data_generator' to 3 subscribers
2026-07-15 10:44:41 DEBUG   [BROKER] Routed message on topic 'robot_telemetry' from 'data_generator' to 3 subscribers
2026-07-15 10:44:41 DEBUG   [BROKER] Routed message on topic 'patient_vitals' from 'data_generator' to 3 subscribers
2026-07-15 10:44:41 DEBUG   [BROKER] Routed message on topic 'robot_telemetry' from 'data_generator' to 3 subscribers
2026-07-15 10:44:42 DEBUG   [BROKER] Routed message on topic 'robot_telemetry' from 'data_generator' to 3 subscribers
2026-07-15 10:44:42 DEBUG   [BROKER] Routed message on topic 'patient_vitals' from 'data_generator' to 3 subscribers
2026-07-15 10:44:42 DEBUG   [BROKER] Routed message on topic 'robot_telemetry' from 'data_generator' to 3 subscribers
2026-07-15 10:44:43 DEBUG   [BROKER] Routed message on topic 'patient_vitals' from 'data_generator' to 3 subscribers
2026-07-15 10:44:43 DEBUG   [BROKER] Routed message on topic 'robot_telemetry' from 'data_generator' to 3 subscribers
2026-07-15 10:44:44 DEBUG   [BROKER] Routed message on topic 'robot_telemetry' from 'data_generator' to 3 subscribers
2026-07-15 10:44:44 DEBUG   [BROKER] Routed message on topic 'patient_vitals' from 'data_generator' to 3 subscribers
2026-07-15 10:44:44 DEBUG   [BROKER] Routed message on topic 'robot_telemetry' from 'data_generator' to 3 subscribers
2026-07-15 10:44:45 DEBUG   [BROKER] Routed message on topic 'robot_telemetry' from 'data_generator' to 3 subscribers
2026-07-15 10:44:45 DEBUG   [BROKER] Routed message on topic 'patient_vitals' from 'data_generator' to 3 subscribers
2026-07-15 10:44:45 DEBUG   [BROKER] Routed message on topic 'robot_telemetry' from 'data_generator' to 3 subscribers
2026-07-15 10:44:46 DEBUG   [BROKER] Routed message on topic 'patient_vitals' from 'data_generator' to 3 subscribers
2026-07-15 10:44:46 DEBUG   [BROKER] Routed message on topic 'robot_telemetry' from 'data_generator' to 3 subscribers
2026-07-15 10:44:47 DEBUG   [BROKER] Routed message on topic 'robot_telemetry' from 'data_generator' to 3 subscribers
2026-07-15 10:44:47 DEBUG   [BROKER] Routed message on topic 'patient_vitals' from 'data_generator' to 3 subscribers
2026-07-15 10:44:47 DEBUG   [BROKER] Routed message on topic 'robot_telemetry' from 'data_generator' to 3 subscribers
2026-07-15 10:44:48 DEBUG   [BROKER] Routed message on topic 'robot_telemetry' from 'data_generator' to 3 subscribers
2026-07-15 10:44:48 DEBUG   [BROKER] Routed message on topic 'patient_vitals' from 'data_generator' to 3 subscribers
2026-07-15 10:44:49 DEBUG   [BROKER] Routed message on topic 'robot_telemetry' from 'data_generator' to 3 subscribers
2026-07-15 10:44:49 DEBUG   [BROKER] Routed message on topic 'patient_vitals' from 'data_generator' to 3 subscribers
2026-07-15 10:44:49 DEBUG   [BROKER] Routed message on topic 'robot_telemetry' from 'data_generator' to 3 subscribers
2026-07-15 10:44:50 DEBUG   [BROKER] Routed message on topic 'robot_telemetry' from 'data_generator' to 3 subscribers
2026-07-15 10:44:50 DEBUG   [BROKER] Routed message on topic 'patient_vitals' from 'data_generator' to 3 subscribers
2026-07-15 10:44:50 DEBUG   [BROKER] Routed message on topic 'robot_telemetry' from 'data_generator' to 3 subscribers
2026-07-15 10:44:51 DEBUG   [BROKER] Routed message on topic 'robot_telemetry' from 'data_generator' to 3 subscribers
2026-07-15 10:44:51 DEBUG   [BROKER] Routed message on topic 'patient_vitals' from 'data_generator' to 3 subscribers
2026-07-15 10:44:52 DEBUG   [BROKER] Routed message on topic 'robot_telemetry' from 'data_generator' to 3 subscribers
2026-07-15 10:44:52 DEBUG   [BROKER] Routed message on topic 'patient_vitals' from 'data_generator' to 3 subscribers
2026-07-15 10:44:52 DEBUG   [BROKER] Routed message on topic 'robot_telemetry' from 'data_generator' to 3 subscribers
2026-07-15 10:44:53 DEBUG   [BROKER] Routed message on topic 'alerts' from 'data_generator' to 3 subscribers
2026-07-15 10:44:53 DEBUG   [BROKER] Routed message on topic 'robot_telemetry' from 'data_generator' to 3 subscribers
2026-07-15 10:44:53 DEBUG   [BROKER] Routed message on topic 'patient_vitals' from 'data_generator' to 3 subscribers
2026-07-15 10:44:53 DEBUG   [BROKER] Routed message on topic 'robot_telemetry' from 'data_generator' to 3 subscribers
2026-07-15 10:44:54 DEBUG   [BROKER] Routed message on topic 'robot_telemetry' from 'data_generator' to 3 subscribers
2026-07-15 10:44:54 DEBUG   [BROKER] Routed message on topic 'patient_vitals' from 'data_generator' to 3 subscribers
2026-07-15 10:44:55 DEBUG   [BROKER] Routed message on topic 'robot_telemetry' from 'data_generator' to 3 subscribers
2026-07-15 10:44:55 DEBUG   [BROKER] Routed message on topic 'patient_vitals' from 'data_generator' to 3 subscribers
2026-07-15 10:44:55 DEBUG   [BROKER] Routed message on topic 'robot_telemetry' from 'data_generator' to 3 subscribers
2026-07-15 10:44:56 DEBUG   [BROKER] Routed message on topic 'robot_telemetry' from 'data_generator' to 3 subscribers
2026-07-15 10:44:56 DEBUG   [BROKER] Routed message on topic 'patient_vitals' from 'data_generator' to 3 subscribers
2026-07-15 10:44:56 DEBUG   [BROKER] Routed message on topic 'robot_telemetry' from 'data_generator' to 3 subscribers
2026-07-15 10:44:57 DEBUG   [BROKER] Routed message on topic 'patient_vitals' from 'data_generator' to 3 subscribers
2026-07-15 10:44:57 DEBUG   [BROKER] Routed message on topic 'robot_telemetry' from 'data_generator' to 3 subscribers
2026-07-15 10:44:58 DEBUG   [BROKER] Routed message on topic 'robot_telemetry' from 'data_generator' to 3 subscribers
2026-07-15 10:44:58 DEBUG   [BROKER] Routed message on topic 'patient_vitals' from 'data_generator' to 3 subscribers
2026-07-15 10:44:58 DEBUG   [BROKER] Routed message on topic 'robot_telemetry' from 'data_generator' to 3 subscribers
2026-07-15 10:44:59 DEBUG   [BROKER] Routed message on topic 'robot_telemetry' from 'data_generator' to 3 subscribers
2026-07-15 10:44:59 DEBUG   [BROKER] Routed message on topic 'patient_vitals' from 'data_generator' to 3 subscribers
2026-07-15 10:44:59 DEBUG   [BROKER] Routed message on topic 'robot_telemetry' from 'data_generator' to 3 subscribers
2026-07-15 10:45:00 DEBUG   [BROKER] Routed message on topic 'patient_vitals' from 'data_generator' to 3 subscribers
2026-07-15 10:45:00 DEBUG   [BROKER] Routed message on topic 'robot_telemetry' from 'data_generator' to 3 subscribers
2026-07-15 10:45:01 DEBUG   [BROKER] Routed message on topic 'robot_telemetry' from 'data_generator' to 3 subscribers
2026-07-15 10:45:01 DEBUG   [BROKER] Routed message on topic 'patient_vitals' from 'data_generator' to 3 subscribers
2026-07-15 10:45:01 DEBUG   [BROKER] Routed message on topic 'robot_telemetry' from 'data_generator' to 3 subscribers
2026-07-15 10:45:02 DEBUG   [BROKER] Routed message on topic 'robot_telemetry' from 'data_generator' to 3 subscribers
2026-07-15 10:45:02 DEBUG   [BROKER] Routed message on topic 'patient_vitals' from 'data_generator' to 3 subscribers
2026-07-15 10:45:03 DEBUG   [BROKER] Routed message on topic 'robot_telemetry' from 'data_generator' to 3 subscribers
2026-07-15 10:45:03 DEBUG   [BROKER] Routed message on topic 'patient_vitals' from 'data_generator' to 3 subscribers
2026-07-15 10:45:03 DEBUG   [BROKER] Routed message on topic 'robot_telemetry' from 'data_generator' to 3 subscribers
2026-07-15 10:45:04 DEBUG   [BROKER] Routed message on topic 'robot_telemetry' from 'data_generator' to 3 subscribers
2026-07-15 10:45:04 DEBUG   [BROKER] Routed message on topic 'patient_vitals' from 'data_generator' to 3 subscribers
2026-07-15 10:45:04 DEBUG   [BROKER] Routed message on topic 'robot_telemetry' from 'data_generator' to 3 subscribers
2026-07-15 10:45:05 DEBUG   [BROKER] Routed message on topic 'robot_telemetry' from 'data_generator' to 3 subscribers
2026-07-15 10:45:05 DEBUG   [BROKER] Routed message on topic 'patient_vitals' from 'data_generator' to 3 subscribers
2026-07-15 10:45:06 DEBUG   [BROKER] Routed message on topic 'robot_telemetry' from 'data_generator' to 3 subscribers
2026-07-15 10:45:06 DEBUG   [BROKER] Routed message on topic 'patient_vitals' from 'data_generator' to 3 subscribers
2026-07-15 10:45:06 DEBUG   [BROKER] Routed message on topic 'robot_telemetry' from 'data_generator' to 3 subscribers
2026-07-15 10:45:07 DEBUG   [BROKER] Routed message on topic 'robot_telemetry' from 'data_generator' to 3 subscribers
2026-07-15 10:45:07 DEBUG   [BROKER] Routed message on topic 'patient_vitals' from 'data_generator' to 3 subscribers
2026-07-15 10:45:07 DEBUG   [BROKER] Routed message on topic 'robot_telemetry' from 'data_generator' to 3 subscribers
2026-07-15 10:45:08 DEBUG   [BROKER] Routed message on topic 'robot_telemetry' from 'data_generator' to 3 subscribers
2026-07-15 10:45:08 DEBUG   [BROKER] Routed message on topic 'patient_vitals' from 'data_generator' to 3 subscribers
2026-07-15 10:45:09 DEBUG   [BROKER] Routed message on topic 'robot_telemetry' from 'data_generator' to 3 subscribers
2026-07-15 10:45:09 DEBUG   [BROKER] Routed message on topic 'patient_vitals' from 'data_generator' to 3 subscribers
2026-07-15 10:45:09 DEBUG   [BROKER] Routed message on topic 'robot_telemetry' from 'data_generator' to 3 subscribers
2026-07-15 10:45:10 DEBUG   [BROKER] Routed message on topic 'robot_telemetry' from 'data_generator' to 3 subscribers
2026-07-15 10:45:10 DEBUG   [BROKER] Routed message on topic 'patient_vitals' from 'data_generator' to 3 subscribers
2026-07-15 10:45:10 DEBUG   [BROKER] Routed message on topic 'robot_telemetry' from 'data_generator' to 3 subscribers
2026-07-15 10:45:11 DEBUG   [BROKER] Routed message on topic 'robot_telemetry' from 'data_generator' to 3 subscribers
2026-07-15 10:45:11 DEBUG   [BROKER] Routed message on topic 'patient_vitals' from 'data_generator' to 3 subscribers
2026-07-15 10:45:12 DEBUG   [BROKER] Routed message on topic 'robot_telemetry' from 'data_generator' to 3 subscribers
2026-07-15 10:45:12 DEBUG   [BROKER] Routed message on topic 'patient_vitals' from 'data_generator' to 3 subscribers
2026-07-15 10:45:12 DEBUG   [BROKER] Routed message on topic 'robot_telemetry' from 'data_generator' to 3 subscribers
2026-07-15 10:45:13 DEBUG   [BROKER] Routed message on topic 'robot_telemetry' from 'data_generator' to 3 subscribers
2026-07-15 10:45:13 DEBUG   [BROKER] Routed message on topic 'patient_vitals' from 'data_generator' to 3 subscribers
2026-07-15 10:45:14 DEBUG   [BROKER] Routed message on topic 'robot_telemetry' from 'data_generator' to 3 subscribers
2026-07-15 10:45:14 DEBUG   [BROKER] Routed message on topic 'robot_telemetry' from 'data_generator' to 3 subscribers
2026-07-15 10:45:14 DEBUG   [BROKER] Routed message on topic 'patient_vitals' from 'data_generator' to 3 subscribers
2026-07-15 10:45:15 DEBUG   [BROKER] Routed message on topic 'robot_telemetry' from 'data_generator' to 3 subscribers
2026-07-15 10:45:15 DEBUG   [BROKER] Routed message on topic 'patient_vitals' from 'data_generator' to 3 subscribers
2026-07-15 10:45:15 DEBUG   [BROKER] Routed message on topic 'robot_telemetry' from 'data_generator' to 3 subscribers
2026-07-15 10:45:16 DEBUG   [BROKER] Routed message on topic 'robot_telemetry' from 'data_generator' to 3 subscribers
2026-07-15 10:45:16 DEBUG   [BROKER] Routed message on topic 'patient_vitals' from 'data_generator' to 3 subscribers
2026-07-15 10:45:17 DEBUG   [BROKER] Routed message on topic 'robot_telemetry' from 'data_generator' to 3 subscribers
2026-07-15 10:45:17 DEBUG   [BROKER] Routed message on topic 'patient_vitals' from 'data_generator' to 3 subscribers
2026-07-15 10:45:17 DEBUG   [BROKER] Routed message on topic 'robot_telemetry' from 'data_generator' to 3 subscribers
2026-07-15 10:45:18 DEBUG   [BROKER] Routed message on topic 'robot_telemetry' from 'data_generator' to 3 subscribers
2026-07-15 10:45:18 DEBUG   [BROKER] Routed message on topic 'patient_vitals' from 'data_generator' to 3 subscribers
2026-07-15 10:45:18 DEBUG   [BROKER] Routed message on topic 'robot_telemetry' from 'data_generator' to 3 subscribers
2026-07-15 10:45:19 DEBUG   [BROKER] Routed message on topic 'robot_telemetry' from 'data_generator' to 3 subscribers
2026-07-15 10:45:19 DEBUG   [BROKER] Routed message on topic 'patient_vitals' from 'data_generator' to 3 subscribers
2026-07-15 10:45:20 DEBUG   [BROKER] Routed message on topic 'robot_telemetry' from 'data_generator' to 3 subscribers
2026-07-15 10:45:20 DEBUG   [BROKER] Routed message on topic 'patient_vitals' from 'data_generator' to 3 subscribers
2026-07-15 10:45:20 DEBUG   [BROKER] Routed message on topic 'robot_telemetry' from 'data_generator' to 3 subscribers
2026-07-15 10:45:21 DEBUG   [BROKER] Routed message on topic 'robot_telemetry' from 'data_generator' to 3 subscribers
2026-07-15 10:45:21 DEBUG   [BROKER] Routed message on topic 'patient_vitals' from 'data_generator' to 3 subscribers
2026-07-15 10:45:21 DEBUG   [BROKER] Routed message on topic 'robot_telemetry' from 'data_generator' to 3 subscribers
2026-07-15 10:45:22 DEBUG   [BROKER] Routed message on topic 'robot_telemetry' from 'data_generator' to 3 subscribers
2026-07-15 10:45:22 DEBUG   [BROKER] Routed message on topic 'patient_vitals' from 'data_generator' to 3 subscribers
2026-07-15 10:45:23 DEBUG   [BROKER] Routed message on topic 'robot_telemetry' from 'data_generator' to 3 subscribers
2026-07-15 10:45:23 DEBUG   [BROKER] Routed message on topic 'patient_vitals' from 'data_generator' to 3 subscribers
2026-07-15 10:45:23 DEBUG   [BROKER] Routed message on topic 'robot_telemetry' from 'data_generator' to 3 subscribers
2026-07-15 10:45:24 DEBUG   [BROKER] Routed message on topic 'robot_telemetry' from 'data_generator' to 3 subscribers
2026-07-15 10:45:24 DEBUG   [BROKER] Routed message on topic 'patient_vitals' from 'data_generator' to 3 subscribers
2026-07-15 10:45:25 DEBUG   [BROKER] Routed message on topic 'robot_telemetry' from 'data_generator' to 3 subscribers
2026-07-15 10:45:25 DEBUG   [BROKER] Routed message on topic 'robot_telemetry' from 'data_generator' to 3 subscribers
2026-07-15 10:45:25 DEBUG   [BROKER] Routed message on topic 'patient_vitals' from 'data_generator' to 3 subscribers
2026-07-15 10:45:26 DEBUG   [BROKER] Routed message on topic 'robot_telemetry' from 'data_generator' to 3 subscribers
2026-07-15 10:45:26 DEBUG   [BROKER] Routed message on topic 'patient_vitals' from 'data_generator' to 3 subscribers
2026-07-15 10:45:26 DEBUG   [BROKER] Routed message on topic 'robot_telemetry' from 'data_generator' to 3 subscribers
2026-07-15 10:45:27 DEBUG   [BROKER] Routed message on topic 'robot_telemetry' from 'data_generator' to 3 subscribers
2026-07-15 10:45:27 DEBUG   [BROKER] Routed message on topic 'patient_vitals' from 'data_generator' to 3 subscribers
2026-07-15 10:45:28 DEBUG   [BROKER] Routed message on topic 'robot_telemetry' from 'data_generator' to 3 subscribers
2026-07-15 10:45:28 DEBUG   [BROKER] Routed message on topic 'robot_telemetry' from 'data_generator' to 3 subscribers
2026-07-15 10:45:28 DEBUG   [BROKER] Routed message on topic 'patient_vitals' from 'data_generator' to 3 subscribers
2026-07-15 10:45:29 DEBUG   [BROKER] Routed message on topic 'robot_telemetry' from 'data_generator' to 3 subscribers
2026-07-15 10:45:29 DEBUG   [BROKER] Routed message on topic 'patient_vitals' from 'data_generator' to 3 subscribers
2026-07-15 10:45:29 DEBUG   [BROKER] Routed message on topic 'robot_telemetry' from 'data_generator' to 3 subscribers
2026-07-15 10:45:30 DEBUG   [BROKER] Routed message on topic 'robot_telemetry' from 'data_generator' to 3 subscribers
2026-07-15 10:45:30 DEBUG   [BROKER] Routed message on topic 'patient_vitals' from 'data_generator' to 3 subscribers
2026-07-15 10:45:31 DEBUG   [BROKER] Routed message on topic 'robot_telemetry' from 'data_generator' to 3 subscribers
2026-07-15 10:45:31 DEBUG   [BROKER] Routed message on topic 'robot_telemetry' from 'data_generator' to 3 subscribers
2026-07-15 10:45:31 DEBUG   [BROKER] Routed message on topic 'patient_vitals' from 'data_generator' to 3 subscribers
2026-07-15 10:45:32 DEBUG   [BROKER] Routed message on topic 'robot_telemetry' from 'data_generator' to 3 subscribers
2026-07-15 10:45:32 DEBUG   [BROKER] Routed message on topic 'patient_vitals' from 'data_generator' to 3 subscribers
2026-07-15 10:45:32 DEBUG   [BROKER] Routed message on topic 'robot_telemetry' from 'data_generator' to 3 subscribers
2026-07-15 10:45:33 DEBUG   [BROKER] Routed message on topic 'robot_telemetry' from 'data_generator' to 3 subscribers
2026-07-15 10:45:33 DEBUG   [BROKER] Routed message on topic 'patient_vitals' from 'data_generator' to 3 subscribers
2026-07-15 10:45:34 DEBUG   [BROKER] Routed message on topic 'robot_telemetry' from 'data_generator' to 3 subscribers
2026-07-15 10:45:34 DEBUG   [BROKER] Routed message on topic 'patient_vitals' from 'data_generator' to 3 subscribers
2026-07-15 10:45:34 DEBUG   [BROKER] Routed message on topic 'robot_telemetry' from 'data_generator' to 3 subscribers
2026-07-15 10:45:35 DEBUG   [BROKER] Routed message on topic 'robot_telemetry' from 'data_generator' to 3 subscribers
2026-07-15 10:45:35 DEBUG   [BROKER] Routed message on topic 'patient_vitals' from 'data_generator' to 3 subscribers
2026-07-15 10:45:35 DEBUG   [BROKER] Routed message on topic 'robot_telemetry' from 'data_generator' to 3 subscribers
2026-07-15 10:45:36 DEBUG   [BROKER] Routed message on topic 'robot_telemetry' from 'data_generator' to 3 subscribers
2026-07-15 10:45:36 DEBUG   [BROKER] Routed message on topic 'patient_vitals' from 'data_generator' to 3 subscribers
2026-07-15 10:45:37 DEBUG   [BROKER] Routed message on topic 'robot_telemetry' from 'data_generator' to 3 subscribers
2026-07-15 10:45:37 DEBUG   [BROKER] Routed message on topic 'patient_vitals' from 'data_generator' to 3 subscribers
2026-07-15 10:45:37 DEBUG   [BROKER] Routed message on topic 'robot_telemetry' from 'data_generator' to 3 subscribers
2026-07-15 10:45:38 DEBUG   [BROKER] Routed message on topic 'robot_telemetry' from 'data_generator' to 3 subscribers
2026-07-15 10:45:38 DEBUG   [BROKER] Routed message on topic 'patient_vitals' from 'data_generator' to 3 subscribers
2026-07-15 10:45:39 DEBUG   [BROKER] Routed message on topic 'robot_telemetry' from 'data_generator' to 3 subscribers
2026-07-15 10:45:39 DEBUG   [BROKER] Routed message on topic 'robot_telemetry' from 'data_generator' to 3 subscribers
2026-07-15 10:45:39 DEBUG   [BROKER] Routed message on topic 'patient_vitals' from 'data_generator' to 3 subscribers
2026-07-15 10:45:40 DEBUG   [BROKER] Routed message on topic 'robot_telemetry' from 'data_generator' to 3 subscribers
2026-07-15 10:45:40 DEBUG   [BROKER] Routed message on topic 'patient_vitals' from 'data_generator' to 3 subscribers
2026-07-15 10:45:40 DEBUG   [BROKER] Routed message on topic 'robot_telemetry' from 'data_generator' to 3 subscribers
2026-07-15 10:45:41 DEBUG   [BROKER] Routed message on topic 'robot_telemetry' from 'data_generator' to 3 subscribers
2026-07-15 10:45:41 DEBUG   [BROKER] Routed message on topic 'patient_vitals' from 'data_generator' to 3 subscribers
2026-07-15 10:45:42 DEBUG   [BROKER] Routed message on topic 'robot_telemetry' from 'data_generator' to 3 subscribers
2026-07-15 10:45:42 DEBUG   [BROKER] Routed message on topic 'robot_telemetry' from 'data_generator' to 3 subscribers
2026-07-15 10:45:42 DEBUG   [BROKER] Routed message on topic 'patient_vitals' from 'data_generator' to 3 subscribers
2026-07-15 10:45:43 DEBUG   [BROKER] Routed message on topic 'robot_telemetry' from 'data_generator' to 3 subscribers
2026-07-15 10:45:43 DEBUG   [BROKER] Routed message on topic 'patient_vitals' from 'data_generator' to 3 subscribers
2026-07-15 10:45:43 DEBUG   [BROKER] Routed message on topic 'robot_telemetry' from 'data_generator' to 3 subscribers
2026-07-15 10:45:44 DEBUG   [BROKER] Routed message on topic 'robot_telemetry' from 'data_generator' to 3 subscribers
2026-07-15 10:45:44 DEBUG   [BROKER] Routed message on topic 'patient_vitals' from 'data_generator' to 3 subscribers
2026-07-15 10:45:45 DEBUG   [BROKER] Routed message on topic 'robot_telemetry' from 'data_generator' to 3 subscribers
2026-07-15 10:45:45 DEBUG   [BROKER] Routed message on topic 'robot_telemetry' from 'data_generator' to 3 subscribers
2026-07-15 10:45:45 DEBUG   [BROKER] Routed message on topic 'patient_vitals' from 'data_generator' to 3 subscribers
2026-07-15 10:45:46 DEBUG   [BROKER] Routed message on topic 'robot_telemetry' from 'data_generator' to 3 subscribers
2026-07-15 10:45:46 DEBUG   [BROKER] Routed message on topic 'patient_vitals' from 'data_generator' to 3 subscribers
2026-07-15 10:45:46 DEBUG   [BROKER] Routed message on topic 'robot_telemetry' from 'data_generator' to 3 subscribers
2026-07-15 10:45:47 DEBUG   [BROKER] Routed message on topic 'robot_telemetry' from 'data_generator' to 3 subscribers
2026-07-15 10:45:47 DEBUG   [BROKER] Routed message on topic 'patient_vitals' from 'data_generator' to 3 subscribers
2026-07-15 10:45:48 DEBUG   [BROKER] Routed message on topic 'robot_telemetry' from 'data_generator' to 3 subscribers
2026-07-15 10:45:48 DEBUG   [BROKER] Routed message on topic 'patient_vitals' from 'data_generator' to 3 subscribers
2026-07-15 10:45:48 DEBUG   [BROKER] Routed message on topic 'robot_telemetry' from 'data_generator' to 3 subscribers
2026-07-15 10:45:49 DEBUG   [BROKER] Routed message on topic 'robot_telemetry' from 'data_generator' to 3 subscribers
2026-07-15 10:45:49 DEBUG   [BROKER] Routed message on topic 'patient_vitals' from 'data_generator' to 3 subscribers
2026-07-15 10:45:50 DEBUG   [BROKER] Routed message on topic 'robot_telemetry' from 'data_generator' to 3 subscribers
2026-07-15 10:45:50 DEBUG   [BROKER] Routed message on topic 'robot_telemetry' from 'data_generator' to 3 subscribers
2026-07-15 10:45:50 DEBUG   [BROKER] Routed message on topic 'patient_vitals' from 'data_generator' to 3 subscribers
2026-07-15 10:45:51 DEBUG   [BROKER] Routed message on topic 'robot_telemetry' from 'data_generator' to 3 subscribers
2026-07-15 10:45:51 DEBUG   [BROKER] Routed message on topic 'patient_vitals' from 'data_generator' to 3 subscribers
2026-07-15 10:45:51 DEBUG   [BROKER] Routed message on topic 'robot_telemetry' from 'data_generator' to 3 subscribers
2026-07-15 10:45:52 DEBUG   [BROKER] Routed message on topic 'robot_telemetry' from 'data_generator' to 3 subscribers
2026-07-15 10:45:52 DEBUG   [BROKER] Routed message on topic 'patient_vitals' from 'data_generator' to 3 subscribers
2026-07-15 10:45:53 DEBUG   [BROKER] Routed message on topic 'alerts' from 'data_generator' to 3 subscribers
2026-07-15 10:45:53 DEBUG   [BROKER] Routed message on topic 'robot_telemetry' from 'data_generator' to 3 subscribers
2026-07-15 10:45:53 DEBUG   [BROKER] Routed message on topic 'robot_telemetry' from 'data_generator' to 3 subscribers
2026-07-15 10:45:53 DEBUG   [BROKER] Routed message on topic 'patient_vitals' from 'data_generator' to 3 subscribers
2026-07-15 10:45:54 DEBUG   [BROKER] Routed message on topic 'robot_telemetry' from 'data_generator' to 3 subscribers
2026-07-15 10:45:54 DEBUG   [BROKER] Routed message on topic 'patient_vitals' from 'data_generator' to 3 subscribers
2026-07-15 10:45:54 DEBUG   [BROKER] Routed message on topic 'robot_telemetry' from 'data_generator' to 3 subscribers
2026-07-15 10:45:55 DEBUG   [BROKER] Routed message on topic 'robot_telemetry' from 'data_generator' to 3 subscribers
2026-07-15 10:45:55 DEBUG   [BROKER] Routed message on topic 'patient_vitals' from 'data_generator' to 3 subscribers
2026-07-15 10:45:56 DEBUG   [BROKER] Routed message on topic 'robot_telemetry' from 'data_generator' to 3 subscribers
2026-07-15 10:45:56 DEBUG   [BROKER] Routed message on topic 'robot_telemetry' from 'data_generator' to 3 subscribers
2026-07-15 10:45:56 DEBUG   [BROKER] Routed message on topic 'patient_vitals' from 'data_generator' to 3 subscribers
2026-07-15 10:45:57 DEBUG   [BROKER] Routed message on topic 'robot_telemetry' from 'data_generator' to 3 subscribers
2026-07-15 10:45:57 DEBUG   [BROKER] Routed message on topic 'patient_vitals' from 'data_generator' to 3 subscribers
2026-07-15 10:45:57 DEBUG   [BROKER] Routed message on topic 'robot_telemetry' from 'data_generator' to 3 subscribers
2026-07-15 10:45:58 DEBUG   [BROKER] Routed message on topic 'robot_telemetry' from 'data_generator' to 3 subscribers
2026-07-15 10:45:58 DEBUG   [BROKER] Routed message on topic 'patient_vitals' from 'data_generator' to 3 subscribers
2026-07-15 10:45:59 DEBUG   [BROKER] Routed message on topic 'robot_telemetry' from 'data_generator' to 3 subscribers
2026-07-15 10:45:59 DEBUG   [BROKER] Routed message on topic 'robot_telemetry' from 'data_generator' to 3 subscribers
2026-07-15 10:45:59 DEBUG   [BROKER] Routed message on topic 'patient_vitals' from 'data_generator' to 3 subscribers
2026-07-15 10:46:00 DEBUG   [BROKER] Routed message on topic 'robot_telemetry' from 'data_generator' to 3 subscribers
2026-07-15 10:46:00 DEBUG   [BROKER] Routed message on topic 'patient_vitals' from 'data_generator' to 3 subscribers
2026-07-15 10:46:01 DEBUG   [BROKER] Routed message on topic 'robot_telemetry' from 'data_generator' to 3 subscribers
2026-07-15 10:46:01 DEBUG   [BROKER] Routed message on topic 'robot_telemetry' from 'data_generator' to 3 subscribers
2026-07-15 10:46:01 DEBUG   [BROKER] Routed message on topic 'patient_vitals' from 'data_generator' to 3 subscribers
2026-07-15 10:46:02 DEBUG   [BROKER] Routed message on topic 'robot_telemetry' from 'data_generator' to 3 subscribers
2026-07-15 10:46:02 DEBUG   [BROKER] Routed message on topic 'patient_vitals' from 'data_generator' to 3 subscribers
2026-07-15 10:46:02 DEBUG   [BROKER] Routed message on topic 'robot_telemetry' from 'data_generator' to 3 subscribers
2026-07-15 10:46:03 DEBUG   [BROKER] Routed message on topic 'robot_telemetry' from 'data_generator' to 3 subscribers
2026-07-15 10:46:03 DEBUG   [BROKER] Routed message on topic 'patient_vitals' from 'data_generator' to 3 subscribers
2026-07-15 10:46:04 DEBUG   [BROKER] Routed message on topic 'robot_telemetry' from 'data_generator' to 3 subscribers
2026-07-15 10:46:04 DEBUG   [BROKER] Routed message on topic 'robot_telemetry' from 'data_generator' to 3 subscribers
2026-07-15 10:46:04 DEBUG   [BROKER] Routed message on topic 'patient_vitals' from 'data_generator' to 3 subscribers
2026-07-15 10:46:05 DEBUG   [BROKER] Routed message on topic 'robot_telemetry' from 'data_generator' to 3 subscribers
2026-07-15 10:46:05 DEBUG   [BROKER] Routed message on topic 'patient_vitals' from 'data_generator' to 3 subscribers
2026-07-15 10:46:05 DEBUG   [BROKER] Routed message on topic 'robot_telemetry' from 'data_generator' to 3 subscribers
2026-07-15 10:46:06 DEBUG   [BROKER] Routed message on topic 'robot_telemetry' from 'data_generator' to 3 subscribers
2026-07-15 10:46:06 DEBUG   [BROKER] Routed message on topic 'patient_vitals' from 'data_generator' to 3 subscribers
2026-07-15 10:46:07 DEBUG   [BROKER] Routed message on topic 'robot_telemetry' from 'data_generator' to 3 subscribers
2026-07-15 10:46:07 DEBUG   [BROKER] Routed message on topic 'robot_telemetry' from 'data_generator' to 3 subscribers
2026-07-15 10:46:07 DEBUG   [BROKER] Routed message on topic 'patient_vitals' from 'data_generator' to 3 subscribers
2026-07-15 10:46:08 DEBUG   [BROKER] Routed message on topic 'robot_telemetry' from 'data_generator' to 3 subscribers
2026-07-15 10:46:08 DEBUG   [BROKER] Routed message on topic 'patient_vitals' from 'data_generator' to 3 subscribers
2026-07-15 10:46:09 DEBUG   [BROKER] Routed message on topic 'robot_telemetry' from 'data_generator' to 3 subscribers
2026-07-15 10:46:09 DEBUG   [BROKER] Routed message on topic 'robot_telemetry' from 'data_generator' to 3 subscribers
2026-07-15 10:46:09 DEBUG   [BROKER] Routed message on topic 'patient_vitals' from 'data_generator' to 3 subscribers
2026-07-15 10:46:10 DEBUG   [BROKER] Routed message on topic 'robot_telemetry' from 'data_generator' to 3 subscribers
2026-07-15 10:46:10 DEBUG   [BROKER] Routed message on topic 'robot_telemetry' from 'data_generator' to 3 subscribers
2026-07-15 10:46:10 DEBUG   [BROKER] Routed message on topic 'patient_vitals' from 'data_generator' to 3 subscribers
2026-07-15 10:46:11 DEBUG   [BROKER] Routed message on topic 'robot_telemetry' from 'data_generator' to 3 subscribers
2026-07-15 10:46:11 DEBUG   [BROKER] Routed message on topic 'patient_vitals' from 'data_generator' to 3 subscribers
2026-07-15 10:46:12 DEBUG   [BROKER] Routed message on topic 'robot_telemetry' from 'data_generator' to 3 subscribers
2026-07-15 10:46:12 DEBUG   [BROKER] Routed message on topic 'robot_telemetry' from 'data_generator' to 3 subscribers
2026-07-15 10:46:12 DEBUG   [BROKER] Routed message on topic 'patient_vitals' from 'data_generator' to 3 subscribers
2026-07-15 10:46:13 DEBUG   [BROKER] Routed message on topic 'robot_telemetry' from 'data_generator' to 3 subscribers
2026-07-15 10:46:13 DEBUG   [BROKER] Routed message on topic 'patient_vitals' from 'data_generator' to 3 subscribers
2026-07-15 10:46:13 DEBUG   [BROKER] Routed message on topic 'robot_telemetry' from 'data_generator' to 3 subscribers
2026-07-15 10:46:14 DEBUG   [BROKER] Routed message on topic 'robot_telemetry' from 'data_generator' to 3 subscribers
2026-07-15 10:46:14 DEBUG   [BROKER] Routed message on topic 'patient_vitals' from 'data_generator' to 3 subscribers
2026-07-15 10:46:15 DEBUG   [BROKER] Routed message on topic 'robot_telemetry' from 'data_generator' to 3 subscribers
2026-07-15 10:46:15 DEBUG   [BROKER] Routed message on topic 'robot_telemetry' from 'data_generator' to 3 subscribers
2026-07-15 10:46:15 DEBUG   [BROKER] Routed message on topic 'patient_vitals' from 'data_generator' to 3 subscribers
2026-07-15 10:46:16 DEBUG   [BROKER] Routed message on topic 'robot_telemetry' from 'data_generator' to 3 subscribers
2026-07-15 10:46:16 DEBUG   [BROKER] Routed message on topic 'patient_vitals' from 'data_generator' to 3 subscribers
2026-07-15 10:46:16 DEBUG   [BROKER] Routed message on topic 'robot_telemetry' from 'data_generator' to 3 subscribers
2026-07-15 10:46:17 DEBUG   [BROKER] Routed message on topic 'robot_telemetry' from 'data_generator' to 3 subscribers
2026-07-15 10:46:17 DEBUG   [BROKER] Routed message on topic 'patient_vitals' from 'data_generator' to 3 subscribers
2026-07-15 10:46:18 DEBUG   [BROKER] Routed message on topic 'robot_telemetry' from 'data_generator' to 3 subscribers
2026-07-15 10:46:18 DEBUG   [BROKER] Routed message on topic 'robot_telemetry' from 'data_generator' to 3 subscribers
2026-07-15 10:46:18 DEBUG   [BROKER] Routed message on topic 'patient_vitals' from 'data_generator' to 3 subscribers
2026-07-15 10:46:19 DEBUG   [BROKER] Routed message on topic 'robot_telemetry' from 'data_generator' to 3 subscribers
2026-07-15 10:46:19 DEBUG   [BROKER] Routed message on topic 'patient_vitals' from 'data_generator' to 3 subscribers
2026-07-15 10:46:20 DEBUG   [BROKER] Routed message on topic 'robot_telemetry' from 'data_generator' to 3 subscribers
2026-07-15 10:46:20 DEBUG   [BROKER] Routed message on topic 'robot_telemetry' from 'data_generator' to 3 subscribers
2026-07-15 10:46:20 DEBUG   [BROKER] Routed message on topic 'patient_vitals' from 'data_generator' to 3 subscribers
2026-07-15 10:46:21 DEBUG   [BROKER] Routed message on topic 'robot_telemetry' from 'data_generator' to 3 subscribers
2026-07-15 10:46:21 DEBUG   [BROKER] Routed message on topic 'robot_telemetry' from 'data_generator' to 3 subscribers
2026-07-15 10:46:21 DEBUG   [BROKER] Routed message on topic 'patient_vitals' from 'data_generator' to 3 subscribers
2026-07-15 10:46:22 DEBUG   [BROKER] Routed message on topic 'robot_telemetry' from 'data_generator' to 3 subscribers
2026-07-15 10:46:22 DEBUG   [BROKER] Routed message on topic 'patient_vitals' from 'data_generator' to 3 subscribers
2026-07-15 10:46:23 DEBUG   [BROKER] Routed message on topic 'robot_telemetry' from 'data_generator' to 3 subscribers
2026-07-15 10:46:23 DEBUG   [BROKER] Routed message on topic 'robot_telemetry' from 'data_generator' to 3 subscribers
2026-07-15 10:46:23 DEBUG   [BROKER] Routed message on topic 'patient_vitals' from 'data_generator' to 3 subscribers
2026-07-15 10:46:24 DEBUG   [BROKER] Routed message on topic 'robot_telemetry' from 'data_generator' to 3 subscribers
2026-07-15 10:46:24 DEBUG   [BROKER] Routed message on topic 'robot_telemetry' from 'data_generator' to 3 subscribers
2026-07-15 10:46:24 DEBUG   [BROKER] Routed message on topic 'patient_vitals' from 'data_generator' to 3 subscribers
2026-07-15 10:46:25 DEBUG   [BROKER] Routed message on topic 'robot_telemetry' from 'data_generator' to 3 subscribers
2026-07-15 10:46:25 DEBUG   [BROKER] Routed message on topic 'patient_vitals' from 'data_generator' to 3 subscribers
2026-07-15 10:46:26 DEBUG   [BROKER] Routed message on topic 'robot_telemetry' from 'data_generator' to 3 subscribers
2026-07-15 10:46:26 DEBUG   [BROKER] Routed message on topic 'robot_telemetry' from 'data_generator' to 3 subscribers
2026-07-15 10:46:26 DEBUG   [BROKER] Routed message on topic 'patient_vitals' from 'data_generator' to 3 subscribers
2026-07-15 10:46:27 DEBUG   [BROKER] Routed message on topic 'robot_telemetry' from 'data_generator' to 3 subscribers
2026-07-15 10:46:27 DEBUG   [BROKER] Routed message on topic 'patient_vitals' from 'data_generator' to 3 subscribers
2026-07-15 10:46:27 DEBUG   [BROKER] Routed message on topic 'robot_telemetry' from 'data_generator' to 3 subscribers
2026-07-15 10:46:28 DEBUG   [BROKER] Routed message on topic 'robot_telemetry' from 'data_generator' to 3 subscribers
2026-07-15 10:46:28 DEBUG   [BROKER] Routed message on topic 'patient_vitals' from 'data_generator' to 3 subscribers
2026-07-15 10:46:29 DEBUG   [BROKER] Routed message on topic 'robot_telemetry' from 'data_generator' to 3 subscribers
2026-07-15 10:46:29 DEBUG   [BROKER] Routed message on topic 'robot_telemetry' from 'data_generator' to 3 subscribers
2026-07-15 10:46:29 DEBUG   [BROKER] Routed message on topic 'patient_vitals' from 'data_generator' to 3 subscribers
2026-07-15 10:46:30 DEBUG   [BROKER] Routed message on topic 'robot_telemetry' from 'data_generator' to 3 subscribers
2026-07-15 10:46:30 DEBUG   [BROKER] Routed message on topic 'patient_vitals' from 'data_generator' to 3 subscribers
2026-07-15 10:46:31 DEBUG   [BROKER] Routed message on topic 'robot_telemetry' from 'data_generator' to 3 subscribers
2026-07-15 10:46:31 DEBUG   [BROKER] Routed message on topic 'robot_telemetry' from 'data_generator' to 3 subscribers
2026-07-15 10:46:31 DEBUG   [BROKER] Routed message on topic 'patient_vitals' from 'data_generator' to 3 subscribers
2026-07-15 10:46:32 DEBUG   [BROKER] Routed message on topic 'robot_telemetry' from 'data_generator' to 3 subscribers
2026-07-15 10:46:32 DEBUG   [BROKER] Routed message on topic 'robot_telemetry' from 'data_generator' to 3 subscribers
2026-07-15 10:46:32 DEBUG   [BROKER] Routed message on topic 'patient_vitals' from 'data_generator' to 3 subscribers
2026-07-15 10:46:33 DEBUG   [BROKER] Routed message on topic 'robot_telemetry' from 'data_generator' to 3 subscribers
2026-07-15 10:46:33 DEBUG   [BROKER] Routed message on topic 'patient_vitals' from 'data_generator' to 3 subscribers
2026-07-15 10:46:34 DEBUG   [BROKER] Routed message on topic 'robot_telemetry' from 'data_generator' to 3 subscribers
2026-07-15 10:46:34 DEBUG   [BROKER] Routed message on topic 'robot_telemetry' from 'data_generator' to 3 subscribers
2026-07-15 10:46:34 DEBUG   [BROKER] Routed message on topic 'patient_vitals' from 'data_generator' to 3 subscribers
2026-07-15 10:46:35 DEBUG   [BROKER] Routed message on topic 'robot_telemetry' from 'data_generator' to 3 subscribers
2026-07-15 10:46:35 DEBUG   [BROKER] Routed message on topic 'robot_telemetry' from 'data_generator' to 3 subscribers
2026-07-15 10:46:35 DEBUG   [BROKER] Routed message on topic 'patient_vitals' from 'data_generator' to 3 subscribers
2026-07-15 10:46:36 DEBUG   [BROKER] Routed message on topic 'robot_telemetry' from 'data_generator' to 3 subscribers
2026-07-15 10:46:36 DEBUG   [BROKER] Routed message on topic 'patient_vitals' from 'data_generator' to 3 subscribers
2026-07-15 10:46:37 DEBUG   [BROKER] Routed message on topic 'robot_telemetry' from 'data_generator' to 3 subscribers
2026-07-15 10:46:37 DEBUG   [BROKER] Routed message on topic 'robot_telemetry' from 'data_generator' to 3 subscribers
2026-07-15 10:46:37 DEBUG   [BROKER] Routed message on topic 'patient_vitals' from 'data_generator' to 3 subscribers
2026-07-15 10:46:38 DEBUG   [BROKER] Routed message on topic 'robot_telemetry' from 'data_generator' to 3 subscribers
2026-07-15 10:46:38 DEBUG   [BROKER] Routed message on topic 'robot_telemetry' from 'data_generator' to 3 subscribers
2026-07-15 10:46:38 DEBUG   [BROKER] Routed message on topic 'patient_vitals' from 'data_generator' to 3 subscribers
2026-07-15 10:46:39 DEBUG   [BROKER] Routed message on topic 'robot_telemetry' from 'data_generator' to 3 subscribers
2026-07-15 10:46:39 DEBUG   [BROKER] Routed message on topic 'patient_vitals' from 'data_generator' to 3 subscribers
2026-07-15 10:46:40 DEBUG   [BROKER] Routed message on topic 'robot_telemetry' from 'data_generator' to 3 subscribers
2026-07-15 10:46:40 DEBUG   [BROKER] Routed message on topic 'robot_telemetry' from 'data_generator' to 3 subscribers
2026-07-15 10:46:40 DEBUG   [BROKER] Routed message on topic 'patient_vitals' from 'data_generator' to 3 subscribers
2026-07-15 10:46:41 DEBUG   [BROKER] Routed message on topic 'robot_telemetry' from 'data_generator' to 3 subscribers
2026-07-15 10:46:41 DEBUG   [BROKER] Routed message on topic 'patient_vitals' from 'data_generator' to 3 subscribers
2026-07-15 10:46:42 DEBUG   [BROKER] Routed message on topic 'robot_telemetry' from 'data_generator' to 3 subscribers
2026-07-15 10:46:42 DEBUG   [BROKER] Routed message on topic 'robot_telemetry' from 'data_generator' to 3 subscribers
2026-07-15 10:46:42 DEBUG   [BROKER] Routed message on topic 'patient_vitals' from 'data_generator' to 3 subscribers
2026-07-15 10:46:43 DEBUG   [BROKER] Routed message on topic 'robot_telemetry' from 'data_generator' to 3 subscribers
2026-07-15 10:46:43 DEBUG   [BROKER] Routed message on topic 'robot_telemetry' from 'data_generator' to 3 subscribers
2026-07-15 10:46:43 DEBUG   [BROKER] Routed message on topic 'patient_vitals' from 'data_generator' to 3 subscribers
2026-07-15 10:46:44 DEBUG   [BROKER] Routed message on topic 'robot_telemetry' from 'data_generator' to 3 subscribers
2026-07-15 10:46:45 DEBUG   [BROKER] Routed message on topic 'patient_vitals' from 'data_generator' to 3 subscribers
2026-07-15 10:46:45 DEBUG   [BROKER] Routed message on topic 'robot_telemetry' from 'data_generator' to 3 subscribers
2026-07-15 10:46:45 DEBUG   [BROKER] Routed message on topic 'robot_telemetry' from 'data_generator' to 3 subscribers
2026-07-15 10:46:46 DEBUG   [BROKER] Routed message on topic 'patient_vitals' from 'data_generator' to 3 subscribers
2026-07-15 10:46:46 DEBUG   [BROKER] Routed message on topic 'robot_telemetry' from 'data_generator' to 3 subscribers
2026-07-15 10:46:46 DEBUG   [BROKER] Routed message on topic 'robot_telemetry' from 'data_generator' to 3 subscribers
2026-07-15 10:46:47 DEBUG   [BROKER] Routed message on topic 'patient_vitals' from 'data_generator' to 3 subscribers
2026-07-15 10:46:47 DEBUG   [BROKER] Routed message on topic 'robot_telemetry' from 'data_generator' to 3 subscribers
2026-07-15 10:46:48 DEBUG   [BROKER] Routed message on topic 'patient_vitals' from 'data_generator' to 3 subscribers
2026-07-15 10:46:48 DEBUG   [BROKER] Routed message on topic 'robot_telemetry' from 'data_generator' to 3 subscribers
2026-07-15 10:46:48 DEBUG   [BROKER] Routed message on topic 'robot_telemetry' from 'data_generator' to 3 subscribers
2026-07-15 10:46:49 DEBUG   [BROKER] Routed message on topic 'patient_vitals' from 'data_generator' to 3 subscribers
2026-07-15 10:46:49 DEBUG   [BROKER] Routed message on topic 'robot_telemetry' from 'data_generator' to 3 subscribers
2026-07-15 10:46:49 DEBUG   [BROKER] Routed message on topic 'robot_telemetry' from 'data_generator' to 3 subscribers
2026-07-15 10:46:50 DEBUG   [BROKER] Routed message on topic 'patient_vitals' from 'data_generator' to 3 subscribers
2026-07-15 10:46:50 DEBUG   [BROKER] Routed message on topic 'robot_telemetry' from 'data_generator' to 3 subscribers
2026-07-15 10:46:51 DEBUG   [BROKER] Routed message on topic 'patient_vitals' from 'data_generator' to 3 subscribers
2026-07-15 10:46:51 DEBUG   [BROKER] Routed message on topic 'robot_telemetry' from 'data_generator' to 3 subscribers
2026-07-15 10:46:51 DEBUG   [BROKER] Routed message on topic 'robot_telemetry' from 'data_generator' to 3 subscribers
2026-07-15 10:46:52 DEBUG   [BROKER] Routed message on topic 'patient_vitals' from 'data_generator' to 3 subscribers
2026-07-15 10:46:52 DEBUG   [BROKER] Routed message on topic 'robot_telemetry' from 'data_generator' to 3 subscribers
2026-07-15 10:46:53 DEBUG   [BROKER] Routed message on topic 'patient_vitals' from 'data_generator' to 3 subscribers
2026-07-15 10:46:53 DEBUG   [BROKER] Routed message on topic 'robot_telemetry' from 'data_generator' to 3 subscribers
2026-07-15 10:46:53 DEBUG   [BROKER] Routed message on topic 'alerts' from 'data_generator' to 3 subscribers
2026-07-15 10:46:53 DEBUG   [BROKER] Routed message on topic 'robot_telemetry' from 'data_generator' to 3 subscribers
2026-07-15 10:46:54 DEBUG   [BROKER] Routed message on topic 'patient_vitals' from 'data_generator' to 3 subscribers
2026-07-15 10:46:54 DEBUG   [BROKER] Routed message on topic 'robot_telemetry' from 'data_generator' to 3 subscribers
2026-07-15 10:46:54 DEBUG   [BROKER] Routed message on topic 'robot_telemetry' from 'data_generator' to 3 subscribers
2026-07-15 10:46:55 DEBUG   [BROKER] Routed message on topic 'patient_vitals' from 'data_generator' to 3 subscribers
2026-07-15 10:46:55 DEBUG   [BROKER] Routed message on topic 'robot_telemetry' from 'data_generator' to 3 subscribers
2026-07-15 10:46:56 DEBUG   [BROKER] Routed message on topic 'patient_vitals' from 'data_generator' to 3 subscribers
2026-07-15 10:46:56 DEBUG   [BROKER] Routed message on topic 'robot_telemetry' from 'data_generator' to 3 subscribers
2026-07-15 10:46:56 DEBUG   [BROKER] Routed message on topic 'robot_telemetry' from 'data_generator' to 3 subscribers
2026-07-15 10:46:57 DEBUG   [BROKER] Routed message on topic 'patient_vitals' from 'data_generator' to 3 subscribers
2026-07-15 10:46:57 DEBUG   [BROKER] Routed message on topic 'robot_telemetry' from 'data_generator' to 3 subscribers
2026-07-15 10:46:57 DEBUG   [BROKER] Routed message on topic 'robot_telemetry' from 'data_generator' to 3 subscribers
2026-07-15 10:46:58 DEBUG   [BROKER] Routed message on topic 'patient_vitals' from 'data_generator' to 3 subscribers
2026-07-15 10:46:58 DEBUG   [BROKER] Routed message on topic 'robot_telemetry' from 'data_generator' to 3 subscribers
2026-07-15 10:46:59 DEBUG   [BROKER] Routed message on topic 'patient_vitals' from 'data_generator' to 3 subscribers
2026-07-15 10:46:59 DEBUG   [BROKER] Routed message on topic 'robot_telemetry' from 'data_generator' to 3 subscribers
2026-07-15 10:46:59 DEBUG   [BROKER] Routed message on topic 'robot_telemetry' from 'data_generator' to 3 subscribers
2026-07-15 10:47:00 DEBUG   [BROKER] Routed message on topic 'patient_vitals' from 'data_generator' to 3 subscribers
2026-07-15 10:47:00 DEBUG   [BROKER] Routed message on topic 'robot_telemetry' from 'data_generator' to 3 subscribers
2026-07-15 10:47:00 DEBUG   [BROKER] Routed message on topic 'robot_telemetry' from 'data_generator' to 3 subscribers
2026-07-15 10:47:01 DEBUG   [BROKER] Routed message on topic 'patient_vitals' from 'data_generator' to 3 subscribers
2026-07-15 10:47:01 DEBUG   [BROKER] Routed message on topic 'robot_telemetry' from 'data_generator' to 3 subscribers
2026-07-15 10:47:02 DEBUG   [BROKER] Routed message on topic 'patient_vitals' from 'data_generator' to 3 subscribers
2026-07-15 10:47:02 DEBUG   [BROKER] Routed message on topic 'robot_telemetry' from 'data_generator' to 3 subscribers
2026-07-15 10:47:02 DEBUG   [BROKER] Routed message on topic 'robot_telemetry' from 'data_generator' to 3 subscribers
2026-07-15 10:47:03 DEBUG   [BROKER] Routed message on topic 'patient_vitals' from 'data_generator' to 3 subscribers
2026-07-15 10:47:03 DEBUG   [BROKER] Routed message on topic 'robot_telemetry' from 'data_generator' to 3 subscribers
2026-07-15 10:47:04 DEBUG   [BROKER] Routed message on topic 'robot_telemetry' from 'data_generator' to 3 subscribers
2026-07-15 10:47:04 DEBUG   [BROKER] Routed message on topic 'patient_vitals' from 'data_generator' to 3 subscribers
2026-07-15 10:47:04 DEBUG   [BROKER] Routed message on topic 'robot_telemetry' from 'data_generator' to 3 subscribers
2026-07-15 10:47:05 DEBUG   [BROKER] Routed message on topic 'patient_vitals' from 'data_generator' to 3 subscribers
2026-07-15 10:47:05 DEBUG   [BROKER] Routed message on topic 'robot_telemetry' from 'data_generator' to 3 subscribers
2026-07-15 10:47:05 DEBUG   [BROKER] Routed message on topic 'robot_telemetry' from 'data_generator' to 3 subscribers
2026-07-15 10:47:06 DEBUG   [BROKER] Routed message on topic 'patient_vitals' from 'data_generator' to 3 subscribers
2026-07-15 10:47:06 DEBUG   [BROKER] Routed message on topic 'robot_telemetry' from 'data_generator' to 3 subscribers
2026-07-15 10:47:07 DEBUG   [BROKER] Routed message on topic 'robot_telemetry' from 'data_generator' to 3 subscribers
2026-07-15 10:47:07 DEBUG   [BROKER] Routed message on topic 'patient_vitals' from 'data_generator' to 3 subscribers
2026-07-15 10:47:07 DEBUG   [BROKER] Routed message on topic 'robot_telemetry' from 'data_generator' to 3 subscribers
2026-07-15 10:47:08 DEBUG   [BROKER] Routed message on topic 'patient_vitals' from 'data_generator' to 3 subscribers
2026-07-15 10:47:08 DEBUG   [BROKER] Routed message on topic 'robot_telemetry' from 'data_generator' to 3 subscribers
2026-07-15 10:47:08 DEBUG   [BROKER] Routed message on topic 'robot_telemetry' from 'data_generator' to 3 subscribers
2026-07-15 10:47:09 DEBUG   [BROKER] Routed message on topic 'patient_vitals' from 'data_generator' to 3 subscribers
2026-07-15 10:47:09 DEBUG   [BROKER] Routed message on topic 'robot_telemetry' from 'data_generator' to 3 subscribers
2026-07-15 10:47:10 DEBUG   [BROKER] Routed message on topic 'patient_vitals' from 'data_generator' to 3 subscribers
2026-07-15 10:47:10 DEBUG   [BROKER] Routed message on topic 'robot_telemetry' from 'data_generator' to 3 subscribers
2026-07-15 10:47:10 DEBUG   [BROKER] Routed message on topic 'robot_telemetry' from 'data_generator' to 3 subscribers
2026-07-15 10:47:11 DEBUG   [BROKER] Routed message on topic 'patient_vitals' from 'data_generator' to 3 subscribers
2026-07-15 10:47:11 DEBUG   [BROKER] Routed message on topic 'robot_telemetry' from 'data_generator' to 3 subscribers
2026-07-15 10:47:11 DEBUG   [BROKER] Routed message on topic 'robot_telemetry' from 'data_generator' to 3 subscribers
2026-07-15 10:47:12 DEBUG   [BROKER] Routed message on topic 'patient_vitals' from 'data_generator' to 3 subscribers
2026-07-15 10:47:12 DEBUG   [BROKER] Routed message on topic 'robot_telemetry' from 'data_generator' to 3 subscribers
2026-07-15 10:47:13 DEBUG   [BROKER] Routed message on topic 'patient_vitals' from 'data_generator' to 3 subscribers
2026-07-15 10:47:13 DEBUG   [BROKER] Routed message on topic 'robot_telemetry' from 'data_generator' to 3 subscribers
2026-07-15 10:47:13 DEBUG   [BROKER] Routed message on topic 'robot_telemetry' from 'data_generator' to 3 subscribers
2026-07-15 10:47:14 DEBUG   [BROKER] Routed message on topic 'patient_vitals' from 'data_generator' to 3 subscribers
2026-07-15 10:47:14 DEBUG   [BROKER] Routed message on topic 'robot_telemetry' from 'data_generator' to 3 subscribers
2026-07-15 10:47:14 DEBUG   [BROKER] Routed message on topic 'robot_telemetry' from 'data_generator' to 3 subscribers
2026-07-15 10:47:15 DEBUG   [BROKER] Routed message on topic 'patient_vitals' from 'data_generator' to 3 subscribers
2026-07-15 10:47:15 DEBUG   [BROKER] Routed message on topic 'robot_telemetry' from 'data_generator' to 3 subscribers
2026-07-15 10:47:16 DEBUG   [BROKER] Routed message on topic 'patient_vitals' from 'data_generator' to 3 subscribers
2026-07-15 10:47:16 DEBUG   [BROKER] Routed message on topic 'robot_telemetry' from 'data_generator' to 3 subscribers
2026-07-15 10:47:16 DEBUG   [BROKER] Routed message on topic 'robot_telemetry' from 'data_generator' to 3 subscribers
2026-07-15 10:47:17 DEBUG   [BROKER] Routed message on topic 'patient_vitals' from 'data_generator' to 3 subscribers
2026-07-15 10:47:17 DEBUG   [BROKER] Routed message on topic 'robot_telemetry' from 'data_generator' to 3 subscribers
2026-07-15 10:47:18 DEBUG   [BROKER] Routed message on topic 'robot_telemetry' from 'data_generator' to 3 subscribers
2026-07-15 10:47:18 DEBUG   [BROKER] Routed message on topic 'patient_vitals' from 'data_generator' to 3 subscribers
2026-07-15 10:47:18 DEBUG   [BROKER] Routed message on topic 'robot_telemetry' from 'data_generator' to 3 subscribers
2026-07-15 10:47:19 DEBUG   [BROKER] Routed message on topic 'patient_vitals' from 'data_generator' to 3 subscribers
2026-07-15 10:47:19 DEBUG   [BROKER] Routed message on topic 'robot_telemetry' from 'data_generator' to 3 subscribers
2026-07-15 10:47:19 DEBUG   [BROKER] Routed message on topic 'robot_telemetry' from 'data_generator' to 3 subscribers
2026-07-15 10:47:20 DEBUG   [BROKER] Routed message on topic 'patient_vitals' from 'data_generator' to 3 subscribers
2026-07-15 10:47:20 DEBUG   [BROKER] Routed message on topic 'robot_telemetry' from 'data_generator' to 3 subscribers
2026-07-15 10:47:21 DEBUG   [BROKER] Routed message on topic 'robot_telemetry' from 'data_generator' to 3 subscribers
2026-07-15 10:47:21 DEBUG   [BROKER] Routed message on topic 'patient_vitals' from 'data_generator' to 3 subscribers
2026-07-15 10:47:21 DEBUG   [BROKER] Routed message on topic 'robot_telemetry' from 'data_generator' to 3 subscribers
2026-07-15 10:47:22 DEBUG   [BROKER] Routed message on topic 'patient_vitals' from 'data_generator' to 3 subscribers
2026-07-15 10:47:22 DEBUG   [BROKER] Routed message on topic 'robot_telemetry' from 'data_generator' to 3 subscribers
2026-07-15 10:47:22 DEBUG   [BROKER] Routed message on topic 'robot_telemetry' from 'data_generator' to 3 subscribers
2026-07-15 10:47:23 DEBUG   [BROKER] Routed message on topic 'patient_vitals' from 'data_generator' to 3 subscribers
2026-07-15 10:47:23 DEBUG   [BROKER] Routed message on topic 'robot_telemetry' from 'data_generator' to 3 subscribers
2026-07-15 10:47:24 DEBUG   [BROKER] Routed message on topic 'robot_telemetry' from 'data_generator' to 3 subscribers
2026-07-15 10:47:24 DEBUG   [BROKER] Routed message on topic 'patient_vitals' from 'data_generator' to 3 subscribers
2026-07-15 10:47:24 DEBUG   [BROKER] Routed message on topic 'robot_telemetry' from 'data_generator' to 3 subscribers
2026-07-15 10:47:25 DEBUG   [BROKER] Routed message on topic 'patient_vitals' from 'data_generator' to 3 subscribers
2026-07-15 10:47:25 DEBUG   [BROKER] Routed message on topic 'robot_telemetry' from 'data_generator' to 3 subscribers
2026-07-15 10:47:25 DEBUG   [BROKER] Routed message on topic 'robot_telemetry' from 'data_generator' to 3 subscribers
2026-07-15 10:47:26 DEBUG   [BROKER] Routed message on topic 'patient_vitals' from 'data_generator' to 3 subscribers
2026-07-15 10:47:26 DEBUG   [BROKER] Routed message on topic 'robot_telemetry' from 'data_generator' to 3 subscribers
2026-07-15 10:47:27 DEBUG   [BROKER] Routed message on topic 'patient_vitals' from 'data_generator' to 3 subscribers
2026-07-15 10:47:27 DEBUG   [BROKER] Routed message on topic 'robot_telemetry' from 'data_generator' to 3 subscribers
2026-07-15 10:47:27 DEBUG   [BROKER] Routed message on topic 'robot_telemetry' from 'data_generator' to 3 subscribers
2026-07-15 10:47:28 DEBUG   [BROKER] Routed message on topic 'patient_vitals' from 'data_generator' to 3 subscribers
2026-07-15 10:47:28 DEBUG   [BROKER] Routed message on topic 'robot_telemetry' from 'data_generator' to 3 subscribers
2026-07-15 10:47:29 DEBUG   [BROKER] Routed message on topic 'robot_telemetry' from 'data_generator' to 3 subscribers
2026-07-15 10:47:29 DEBUG   [BROKER] Routed message on topic 'patient_vitals' from 'data_generator' to 3 subscribers
2026-07-15 10:47:29 DEBUG   [BROKER] Routed message on topic 'robot_telemetry' from 'data_generator' to 3 subscribers
2026-07-15 10:47:30 DEBUG   [BROKER] Routed message on topic 'patient_vitals' from 'data_generator' to 3 subscribers
2026-07-15 10:47:30 DEBUG   [BROKER] Routed message on topic 'robot_telemetry' from 'data_generator' to 3 subscribers
2026-07-15 10:47:30 DEBUG   [BROKER] Routed message on topic 'robot_telemetry' from 'data_generator' to 3 subscribers
2026-07-15 10:47:31 DEBUG   [BROKER] Routed message on topic 'patient_vitals' from 'data_generator' to 3 subscribers
2026-07-15 10:47:31 DEBUG   [BROKER] Routed message on topic 'robot_telemetry' from 'data_generator' to 3 subscribers
2026-07-15 10:47:32 DEBUG   [BROKER] Routed message on topic 'robot_telemetry' from 'data_generator' to 3 subscribers
2026-07-15 10:47:32 DEBUG   [BROKER] Routed message on topic 'patient_vitals' from 'data_generator' to 3 subscribers
2026-07-15 10:47:32 DEBUG   [BROKER] Routed message on topic 'robot_telemetry' from 'data_generator' to 3 subscribers
2026-07-15 10:47:33 DEBUG   [BROKER] Routed message on topic 'patient_vitals' from 'data_generator' to 3 subscribers
2026-07-15 10:47:33 DEBUG   [BROKER] Routed message on topic 'robot_telemetry' from 'data_generator' to 3 subscribers
2026-07-15 10:47:33 DEBUG   [BROKER] Routed message on topic 'robot_telemetry' from 'data_generator' to 3 subscribers
2026-07-15 10:47:34 DEBUG   [BROKER] Routed message on topic 'patient_vitals' from 'data_generator' to 3 subscribers
2026-07-15 10:47:34 DEBUG   [BROKER] Routed message on topic 'robot_telemetry' from 'data_generator' to 3 subscribers
2026-07-15 10:47:35 DEBUG   [BROKER] Routed message on topic 'robot_telemetry' from 'data_generator' to 3 subscribers
2026-07-15 10:47:35 DEBUG   [BROKER] Routed message on topic 'patient_vitals' from 'data_generator' to 3 subscribers
2026-07-15 10:47:35 DEBUG   [BROKER] Routed message on topic 'robot_telemetry' from 'data_generator' to 3 subscribers
2026-07-15 10:47:36 DEBUG   [BROKER] Routed message on topic 'patient_vitals' from 'data_generator' to 3 subscribers
2026-07-15 10:47:36 DEBUG   [BROKER] Routed message on topic 'robot_telemetry' from 'data_generator' to 3 subscribers
2026-07-15 10:47:36 DEBUG   [BROKER] Routed message on topic 'robot_telemetry' from 'data_generator' to 3 subscribers
2026-07-15 10:47:37 DEBUG   [BROKER] Routed message on topic 'patient_vitals' from 'data_generator' to 3 subscribers
2026-07-15 10:47:37 DEBUG   [BROKER] Routed message on topic 'robot_telemetry' from 'data_generator' to 3 subscribers
2026-07-15 10:47:38 DEBUG   [BROKER] Routed message on topic 'robot_telemetry' from 'data_generator' to 3 subscribers
2026-07-15 10:47:38 DEBUG   [BROKER] Routed message on topic 'patient_vitals' from 'data_generator' to 3 subscribers
2026-07-15 10:47:38 DEBUG   [BROKER] Routed message on topic 'robot_telemetry' from 'data_generator' to 3 subscribers
2026-07-15 10:47:39 DEBUG   [BROKER] Routed message on topic 'patient_vitals' from 'data_generator' to 3 subscribers
2026-07-15 10:47:39 DEBUG   [BROKER] Routed message on topic 'robot_telemetry' from 'data_generator' to 3 subscribers
2026-07-15 10:47:40 DEBUG   [BROKER] Routed message on topic 'robot_telemetry' from 'data_generator' to 3 subscribers
2026-07-15 10:47:40 DEBUG   [BROKER] Routed message on topic 'patient_vitals' from 'data_generator' to 3 subscribers
2026-07-15 10:47:40 DEBUG   [BROKER] Routed message on topic 'robot_telemetry' from 'data_generator' to 3 subscribers
2026-07-15 10:47:41 DEBUG   [BROKER] Routed message on topic 'robot_telemetry' from 'data_generator' to 3 subscribers
2026-07-15 10:47:41 DEBUG   [BROKER] Routed message on topic 'patient_vitals' from 'data_generator' to 3 subscribers
2026-07-15 10:47:41 DEBUG   [BROKER] Routed message on topic 'robot_telemetry' from 'data_generator' to 3 subscribers
2026-07-15 10:47:42 DEBUG   [BROKER] Routed message on topic 'patient_vitals' from 'data_generator' to 3 subscribers
2026-07-15 10:47:42 DEBUG   [BROKER] Routed message on topic 'robot_telemetry' from 'data_generator' to 3 subscribers
2026-07-15 10:47:43 DEBUG   [BROKER] Routed message on topic 'robot_telemetry' from 'data_generator' to 3 subscribers
2026-07-15 10:47:43 DEBUG   [BROKER] Routed message on topic 'patient_vitals' from 'data_generator' to 3 subscribers
2026-07-15 10:47:43 DEBUG   [BROKER] Routed message on topic 'robot_telemetry' from 'data_generator' to 3 subscribers
2026-07-15 10:47:44 DEBUG   [BROKER] Routed message on topic 'patient_vitals' from 'data_generator' to 3 subscribers
2026-07-15 10:47:44 DEBUG   [BROKER] Routed message on topic 'robot_telemetry' from 'data_generator' to 3 subscribers
2026-07-15 10:47:44 DEBUG   [BROKER] Routed message on topic 'robot_telemetry' from 'data_generator' to 3 subscribers
2026-07-15 10:47:45 DEBUG   [BROKER] Routed message on topic 'patient_vitals' from 'data_generator' to 3 subscribers
2026-07-15 10:47:45 DEBUG   [BROKER] Routed message on topic 'robot_telemetry' from 'data_generator' to 3 subscribers
2026-07-15 10:47:46 DEBUG   [BROKER] Routed message on topic 'robot_telemetry' from 'data_generator' to 3 subscribers
2026-07-15 10:47:46 DEBUG   [BROKER] Routed message on topic 'patient_vitals' from 'data_generator' to 3 subscribers
2026-07-15 10:47:46 DEBUG   [BROKER] Routed message on topic 'robot_telemetry' from 'data_generator' to 3 subscribers
2026-07-15 10:47:47 DEBUG   [BROKER] Routed message on topic 'patient_vitals' from 'data_generator' to 3 subscribers
2026-07-15 10:47:47 DEBUG   [BROKER] Routed message on topic 'robot_telemetry' from 'data_generator' to 3 subscribers
2026-07-15 10:47:48 DEBUG   [BROKER] Routed message on topic 'robot_telemetry' from 'data_generator' to 3 subscribers
2026-07-15 10:47:48 DEBUG   [BROKER] Routed message on topic 'patient_vitals' from 'data_generator' to 3 subscribers
2026-07-15 10:47:48 DEBUG   [BROKER] Routed message on topic 'robot_telemetry' from 'data_generator' to 3 subscribers
2026-07-15 10:47:49 DEBUG   [BROKER] Routed message on topic 'robot_telemetry' from 'data_generator' to 3 subscribers
2026-07-15 10:47:49 DEBUG   [BROKER] Routed message on topic 'patient_vitals' from 'data_generator' to 3 subscribers
2026-07-15 10:47:49 DEBUG   [BROKER] Routed message on topic 'robot_telemetry' from 'data_generator' to 3 subscribers
2026-07-15 10:47:50 DEBUG   [BROKER] Routed message on topic 'patient_vitals' from 'data_generator' to 3 subscribers
2026-07-15 10:47:50 DEBUG   [BROKER] Routed message on topic 'robot_telemetry' from 'data_generator' to 3 subscribers
2026-07-15 10:47:51 DEBUG   [BROKER] Routed message on topic 'robot_telemetry' from 'data_generator' to 3 subscribers
2026-07-15 10:47:51 DEBUG   [BROKER] Routed message on topic 'patient_vitals' from 'data_generator' to 3 subscribers
2026-07-15 10:47:51 DEBUG   [BROKER] Routed message on topic 'robot_telemetry' from 'data_generator' to 3 subscribers
2026-07-15 10:47:52 DEBUG   [BROKER] Routed message on topic 'robot_telemetry' from 'data_generator' to 3 subscribers
2026-07-15 10:47:52 DEBUG   [BROKER] Routed message on topic 'patient_vitals' from 'data_generator' to 3 subscribers
2026-07-15 10:47:52 DEBUG   [BROKER] Routed message on topic 'robot_telemetry' from 'data_generator' to 3 subscribers
2026-07-15 10:47:53 DEBUG   [BROKER] Routed message on topic 'alerts' from 'data_generator' to 3 subscribers
2026-07-15 10:47:53 DEBUG   [BROKER] Routed message on topic 'patient_vitals' from 'data_generator' to 3 subscribers
2026-07-15 10:47:53 DEBUG   [BROKER] Routed message on topic 'robot_telemetry' from 'data_generator' to 3 subscribers
2026-07-15 10:47:54 DEBUG   [BROKER] Routed message on topic 'robot_telemetry' from 'data_generator' to 3 subscribers
2026-07-15 10:47:54 DEBUG   [BROKER] Routed message on topic 'patient_vitals' from 'data_generator' to 3 subscribers
2026-07-15 10:47:54 DEBUG   [BROKER] Routed message on topic 'robot_telemetry' from 'data_generator' to 3 subscribers
2026-07-15 10:47:55 DEBUG   [BROKER] Routed message on topic 'patient_vitals' from 'data_generator' to 3 subscribers
2026-07-15 10:47:55 DEBUG   [BROKER] Routed message on topic 'robot_telemetry' from 'data_generator' to 3 subscribers
2026-07-15 10:47:55 DEBUG   [BROKER] Routed message on topic 'robot_telemetry' from 'data_generator' to 3 subscribers
2026-07-15 10:47:56 DEBUG   [BROKER] Routed message on topic 'patient_vitals' from 'data_generator' to 3 subscribers
2026-07-15 10:47:56 DEBUG   [BROKER] Routed message on topic 'robot_telemetry' from 'data_generator' to 3 subscribers
2026-07-15 10:47:57 DEBUG   [BROKER] Routed message on topic 'robot_telemetry' from 'data_generator' to 3 subscribers
2026-07-15 10:47:57 DEBUG   [BROKER] Routed message on topic 'patient_vitals' from 'data_generator' to 3 subscribers
2026-07-15 10:47:57 DEBUG   [BROKER] Routed message on topic 'robot_telemetry' from 'data_generator' to 3 subscribers
2026-07-15 10:47:58 DEBUG   [BROKER] Routed message on topic 'patient_vitals' from 'data_generator' to 3 subscribers
2026-07-15 10:47:58 DEBUG   [BROKER] Routed message on topic 'robot_telemetry' from 'data_generator' to 3 subscribers
2026-07-15 10:47:59 DEBUG   [BROKER] Routed message on topic 'robot_telemetry' from 'data_generator' to 3 subscribers
2026-07-15 10:47:59 DEBUG   [BROKER] Routed message on topic 'patient_vitals' from 'data_generator' to 3 subscribers
2026-07-15 10:47:59 DEBUG   [BROKER] Routed message on topic 'robot_telemetry' from 'data_generator' to 3 subscribers
2026-07-15 10:48:00 DEBUG   [BROKER] Routed message on topic 'robot_telemetry' from 'data_generator' to 3 subscribers
2026-07-15 10:48:00 DEBUG   [BROKER] Routed message on topic 'patient_vitals' from 'data_generator' to 3 subscribers
2026-07-15 10:48:00 DEBUG   [BROKER] Routed message on topic 'robot_telemetry' from 'data_generator' to 3 subscribers
2026-07-15 10:48:01 DEBUG   [BROKER] Routed message on topic 'patient_vitals' from 'data_generator' to 3 subscribers
2026-07-15 10:48:01 DEBUG   [BROKER] Routed message on topic 'robot_telemetry' from 'data_generator' to 3 subscribers
2026-07-15 10:48:02 DEBUG   [BROKER] Routed message on topic 'robot_telemetry' from 'data_generator' to 3 subscribers
2026-07-15 10:48:02 DEBUG   [BROKER] Routed message on topic 'patient_vitals' from 'data_generator' to 3 subscribers
2026-07-15 10:48:02 DEBUG   [BROKER] Routed message on topic 'robot_telemetry' from 'data_generator' to 3 subscribers
2026-07-15 10:48:03 DEBUG   [BROKER] Routed message on topic 'robot_telemetry' from 'data_generator' to 3 subscribers
2026-07-15 10:48:03 DEBUG   [BROKER] Routed message on topic 'patient_vitals' from 'data_generator' to 3 subscribers
2026-07-15 10:48:03 DEBUG   [BROKER] Routed message on topic 'robot_telemetry' from 'data_generator' to 3 subscribers
2026-07-15 10:48:04 DEBUG   [BROKER] Routed message on topic 'patient_vitals' from 'data_generator' to 3 subscribers
2026-07-15 10:48:04 DEBUG   [BROKER] Routed message on topic 'robot_telemetry' from 'data_generator' to 3 subscribers
2026-07-15 10:48:05 DEBUG   [BROKER] Routed message on topic 'robot_telemetry' from 'data_generator' to 3 subscribers
2026-07-15 10:48:05 DEBUG   [BROKER] Routed message on topic 'patient_vitals' from 'data_generator' to 3 subscribers
2026-07-15 10:48:05 DEBUG   [BROKER] Routed message on topic 'robot_telemetry' from 'data_generator' to 3 subscribers
2026-07-15 10:48:06 DEBUG   [BROKER] Routed message on topic 'robot_telemetry' from 'data_generator' to 3 subscribers
2026-07-15 10:48:06 DEBUG   [BROKER] Routed message on topic 'patient_vitals' from 'data_generator' to 3 subscribers
2026-07-15 10:48:06 DEBUG   [BROKER] Routed message on topic 'robot_telemetry' from 'data_generator' to 3 subscribers
2026-07-15 10:48:07 DEBUG   [BROKER] Routed message on topic 'patient_vitals' from 'data_generator' to 3 subscribers
2026-07-15 10:48:07 DEBUG   [BROKER] Routed message on topic 'robot_telemetry' from 'data_generator' to 3 subscribers
2026-07-15 10:48:08 DEBUG   [BROKER] Routed message on topic 'robot_telemetry' from 'data_generator' to 3 subscribers
2026-07-15 10:48:08 DEBUG   [BROKER] Routed message on topic 'patient_vitals' from 'data_generator' to 3 subscribers
2026-07-15 10:48:08 DEBUG   [BROKER] Routed message on topic 'robot_telemetry' from 'data_generator' to 3 subscribers
2026-07-15 10:48:09 DEBUG   [BROKER] Routed message on topic 'patient_vitals' from 'data_generator' to 3 subscribers
2026-07-15 10:48:09 DEBUG   [BROKER] Routed message on topic 'robot_telemetry' from 'data_generator' to 3 subscribers
2026-07-15 10:48:10 DEBUG   [BROKER] Routed message on topic 'robot_telemetry' from 'data_generator' to 3 subscribers
2026-07-15 10:48:10 DEBUG   [BROKER] Routed message on topic 'patient_vitals' from 'data_generator' to 3 subscribers
2026-07-15 10:48:10 DEBUG   [BROKER] Routed message on topic 'robot_telemetry' from 'data_generator' to 3 subscribers
2026-07-15 10:48:11 DEBUG   [BROKER] Routed message on topic 'robot_telemetry' from 'data_generator' to 3 subscribers
2026-07-15 10:48:11 DEBUG   [BROKER] Routed message on topic 'patient_vitals' from 'data_generator' to 3 subscribers
2026-07-15 10:48:11 DEBUG   [BROKER] Routed message on topic 'robot_telemetry' from 'data_generator' to 3 subscribers
2026-07-15 10:48:12 DEBUG   [BROKER] Routed message on topic 'patient_vitals' from 'data_generator' to 3 subscribers
2026-07-15 10:48:12 DEBUG   [BROKER] Routed message on topic 'robot_telemetry' from 'data_generator' to 3 subscribers
2026-07-15 10:48:13 DEBUG   [BROKER] Routed message on topic 'robot_telemetry' from 'data_generator' to 3 subscribers
2026-07-15 10:48:13 DEBUG   [BROKER] Routed message on topic 'patient_vitals' from 'data_generator' to 3 subscribers
2026-07-15 10:48:13 DEBUG   [BROKER] Routed message on topic 'robot_telemetry' from 'data_generator' to 3 subscribers
2026-07-15 10:48:14 DEBUG   [BROKER] Routed message on topic 'robot_telemetry' from 'data_generator' to 3 subscribers
2026-07-15 10:48:14 DEBUG   [BROKER] Routed message on topic 'patient_vitals' from 'data_generator' to 3 subscribers
2026-07-15 10:48:14 DEBUG   [BROKER] Routed message on topic 'robot_telemetry' from 'data_generator' to 3 subscribers
2026-07-15 10:48:15 DEBUG   [BROKER] Routed message on topic 'patient_vitals' from 'data_generator' to 3 subscribers
2026-07-15 10:48:15 DEBUG   [BROKER] Routed message on topic 'robot_telemetry' from 'data_generator' to 3 subscribers
2026-07-15 10:48:16 DEBUG   [BROKER] Routed message on topic 'robot_telemetry' from 'data_generator' to 3 subscribers
2026-07-15 10:48:16 DEBUG   [BROKER] Routed message on topic 'patient_vitals' from 'data_generator' to 3 subscribers
2026-07-15 10:48:16 DEBUG   [BROKER] Routed message on topic 'robot_telemetry' from 'data_generator' to 3 subscribers
2026-07-15 10:48:17 DEBUG   [BROKER] Routed message on topic 'robot_telemetry' from 'data_generator' to 3 subscribers
2026-07-15 10:48:17 DEBUG   [BROKER] Routed message on topic 'patient_vitals' from 'data_generator' to 3 subscribers
2026-07-15 10:48:18 DEBUG   [BROKER] Routed message on topic 'robot_telemetry' from 'data_generator' to 3 subscribers
2026-07-15 10:48:18 DEBUG   [BROKER] Routed message on topic 'patient_vitals' from 'data_generator' to 3 subscribers
2026-07-15 10:48:18 DEBUG   [BROKER] Routed message on topic 'robot_telemetry' from 'data_generator' to 3 subscribers
2026-07-15 10:48:19 DEBUG   [BROKER] Routed message on topic 'robot_telemetry' from 'data_generator' to 3 subscribers
2026-07-15 10:48:19 DEBUG   [BROKER] Routed message on topic 'patient_vitals' from 'data_generator' to 3 subscribers
2026-07-15 10:48:19 DEBUG   [BROKER] Routed message on topic 'robot_telemetry' from 'data_generator' to 3 subscribers
2026-07-15 10:48:20 DEBUG   [BROKER] Routed message on topic 'robot_telemetry' from 'data_generator' to 3 subscribers
2026-07-15 10:48:20 DEBUG   [BROKER] Routed message on topic 'patient_vitals' from 'data_generator' to 3 subscribers
2026-07-15 10:48:21 DEBUG   [BROKER] Routed message on topic 'robot_telemetry' from 'data_generator' to 3 subscribers
2026-07-15 10:48:21 DEBUG   [BROKER] Routed message on topic 'patient_vitals' from 'data_generator' to 3 subscribers
2026-07-15 10:48:21 DEBUG   [BROKER] Routed message on topic 'robot_telemetry' from 'data_generator' to 3 subscribers
2026-07-15 10:48:22 DEBUG   [BROKER] Routed message on topic 'robot_telemetry' from 'data_generator' to 3 subscribers
2026-07-15 10:48:22 DEBUG   [BROKER] Routed message on topic 'patient_vitals' from 'data_generator' to 3 subscribers
2026-07-15 10:48:22 DEBUG   [BROKER] Routed message on topic 'robot_telemetry' from 'data_generator' to 3 subscribers
2026-07-15 10:48:23 DEBUG   [BROKER] Routed message on topic 'patient_vitals' from 'data_generator' to 3 subscribers
2026-07-15 10:48:23 DEBUG   [BROKER] Routed message on topic 'robot_telemetry' from 'data_generator' to 3 subscribers
2026-07-15 10:48:24 DEBUG   [BROKER] Routed message on topic 'robot_telemetry' from 'data_generator' to 3 subscribers
2026-07-15 10:48:24 DEBUG   [BROKER] Routed message on topic 'patient_vitals' from 'data_generator' to 3 subscribers
2026-07-15 10:48:24 DEBUG   [BROKER] Routed message on topic 'robot_telemetry' from 'data_generator' to 3 subscribers
2026-07-15 10:48:25 DEBUG   [BROKER] Routed message on topic 'robot_telemetry' from 'data_generator' to 3 subscribers
2026-07-15 10:48:25 DEBUG   [BROKER] Routed message on topic 'patient_vitals' from 'data_generator' to 3 subscribers
2026-07-15 10:48:25 DEBUG   [BROKER] Routed message on topic 'robot_telemetry' from 'data_generator' to 3 subscribers
2026-07-15 10:48:26 DEBUG   [BROKER] Routed message on topic 'patient_vitals' from 'data_generator' to 3 subscribers
2026-07-15 10:48:26 DEBUG   [BROKER] Routed message on topic 'robot_telemetry' from 'data_generator' to 3 subscribers
2026-07-15 10:48:27 DEBUG   [BROKER] Routed message on topic 'robot_telemetry' from 'data_generator' to 3 subscribers
2026-07-15 10:48:27 DEBUG   [BROKER] Routed message on topic 'patient_vitals' from 'data_generator' to 3 subscribers
2026-07-15 10:48:27 DEBUG   [BROKER] Routed message on topic 'robot_telemetry' from 'data_generator' to 3 subscribers
2026-07-15 10:48:28 DEBUG   [BROKER] Routed message on topic 'robot_telemetry' from 'data_generator' to 3 subscribers
2026-07-15 10:48:28 DEBUG   [BROKER] Routed message on topic 'patient_vitals' from 'data_generator' to 3 subscribers
2026-07-15 10:48:29 DEBUG   [BROKER] Routed message on topic 'robot_telemetry' from 'data_generator' to 3 subscribers
2026-07-15 10:48:29 DEBUG   [BROKER] Routed message on topic 'patient_vitals' from 'data_generator' to 3 subscribers
2026-07-15 10:48:29 DEBUG   [BROKER] Routed message on topic 'robot_telemetry' from 'data_generator' to 3 subscribers
2026-07-15 10:48:30 DEBUG   [BROKER] Routed message on topic 'robot_telemetry' from 'data_generator' to 3 subscribers
2026-07-15 10:48:30 DEBUG   [BROKER] Routed message on topic 'patient_vitals' from 'data_generator' to 3 subscribers
2026-07-15 10:48:30 DEBUG   [BROKER] Routed message on topic 'robot_telemetry' from 'data_generator' to 3 subscribers
2026-07-15 10:48:31 DEBUG   [BROKER] Routed message on topic 'robot_telemetry' from 'data_generator' to 3 subscribers
2026-07-15 10:48:31 DEBUG   [BROKER] Routed message on topic 'patient_vitals' from 'data_generator' to 3 subscribers
2026-07-15 10:48:32 DEBUG   [BROKER] Routed message on topic 'robot_telemetry' from 'data_generator' to 3 subscribers
2026-07-15 10:48:32 DEBUG   [BROKER] Routed message on topic 'patient_vitals' from 'data_generator' to 3 subscribers
2026-07-15 10:48:32 DEBUG   [BROKER] Routed message on topic 'robot_telemetry' from 'data_generator' to 3 subscribers
2026-07-15 10:48:33 DEBUG   [BROKER] Routed message on topic 'robot_telemetry' from 'data_generator' to 3 subscribers
2026-07-15 10:48:33 DEBUG   [BROKER] Routed message on topic 'patient_vitals' from 'data_generator' to 3 subscribers
2026-07-15 10:48:33 DEBUG   [BROKER] Routed message on topic 'robot_telemetry' from 'data_generator' to 3 subscribers
2026-07-15 10:48:34 DEBUG   [BROKER] Routed message on topic 'patient_vitals' from 'data_generator' to 3 subscribers
2026-07-15 10:48:34 DEBUG   [BROKER] Routed message on topic 'robot_telemetry' from 'data_generator' to 3 subscribers
2026-07-15 10:48:35 DEBUG   [BROKER] Routed message on topic 'robot_telemetry' from 'data_generator' to 3 subscribers
2026-07-15 10:48:35 DEBUG   [BROKER] Routed message on topic 'patient_vitals' from 'data_generator' to 3 subscribers
2026-07-15 10:48:35 DEBUG   [BROKER] Routed message on topic 'robot_telemetry' from 'data_generator' to 3 subscribers
2026-07-15 10:48:36 DEBUG   [BROKER] Routed message on topic 'robot_telemetry' from 'data_generator' to 3 subscribers
2026-07-15 10:48:36 DEBUG   [BROKER] Routed message on topic 'patient_vitals' from 'data_generator' to 3 subscribers
2026-07-15 10:48:36 DEBUG   [BROKER] Routed message on topic 'robot_telemetry' from 'data_generator' to 3 subscribers
2026-07-15 10:48:37 DEBUG   [BROKER] Routed message on topic 'patient_vitals' from 'data_generator' to 3 subscribers
2026-07-15 10:48:37 DEBUG   [BROKER] Routed message on topic 'robot_telemetry' from 'data_generator' to 3 subscribers
2026-07-15 10:48:38 DEBUG   [BROKER] Routed message on topic 'robot_telemetry' from 'data_generator' to 3 subscribers
2026-07-15 10:48:38 DEBUG   [BROKER] Routed message on topic 'patient_vitals' from 'data_generator' to 3 subscribers
2026-07-15 10:48:38 DEBUG   [BROKER] Routed message on topic 'robot_telemetry' from 'data_generator' to 3 subscribers
2026-07-15 10:48:39 DEBUG   [BROKER] Routed message on topic 'robot_telemetry' from 'data_generator' to 3 subscribers
2026-07-15 10:48:39 DEBUG   [BROKER] Routed message on topic 'patient_vitals' from 'data_generator' to 3 subscribers
2026-07-15 10:48:40 DEBUG   [BROKER] Routed message on topic 'robot_telemetry' from 'data_generator' to 3 subscribers
2026-07-15 10:48:40 DEBUG   [BROKER] Routed message on topic 'patient_vitals' from 'data_generator' to 3 subscribers
2026-07-15 10:48:40 DEBUG   [BROKER] Routed message on topic 'robot_telemetry' from 'data_generator' to 3 subscribers
2026-07-15 10:48:41 DEBUG   [BROKER] Routed message on topic 'robot_telemetry' from 'data_generator' to 3 subscribers
2026-07-15 10:48:41 DEBUG   [BROKER] Routed message on topic 'patient_vitals' from 'data_generator' to 3 subscribers
2026-07-15 10:48:41 DEBUG   [BROKER] Routed message on topic 'robot_telemetry' from 'data_generator' to 3 subscribers
2026-07-15 10:48:42 DEBUG   [BROKER] Routed message on topic 'robot_telemetry' from 'data_generator' to 3 subscribers
2026-07-15 10:48:42 DEBUG   [BROKER] Routed message on topic 'patient_vitals' from 'data_generator' to 3 subscribers
2026-07-15 10:48:43 DEBUG   [BROKER] Routed message on topic 'robot_telemetry' from 'data_generator' to 3 subscribers
2026-07-15 10:48:43 DEBUG   [BROKER] Routed message on topic 'patient_vitals' from 'data_generator' to 3 subscribers
2026-07-15 10:48:43 DEBUG   [BROKER] Routed message on topic 'robot_telemetry' from 'data_generator' to 3 subscribers
2026-07-15 10:48:44 DEBUG   [BROKER] Routed message on topic 'robot_telemetry' from 'data_generator' to 3 subscribers
2026-07-15 10:48:44 DEBUG   [BROKER] Routed message on topic 'patient_vitals' from 'data_generator' to 3 subscribers
2026-07-15 10:48:44 DEBUG   [BROKER] Routed message on topic 'robot_telemetry' from 'data_generator' to 3 subscribers
2026-07-15 10:48:45 DEBUG   [BROKER] Routed message on topic 'robot_telemetry' from 'data_generator' to 3 subscribers
2026-07-15 10:48:45 DEBUG   [BROKER] Routed message on topic 'patient_vitals' from 'data_generator' to 3 subscribers
2026-07-15 10:48:46 DEBUG   [BROKER] Routed message on topic 'robot_telemetry' from 'data_generator' to 3 subscribers
2026-07-15 10:48:46 DEBUG   [BROKER] Routed message on topic 'patient_vitals' from 'data_generator' to 3 subscribers
2026-07-15 10:48:46 DEBUG   [BROKER] Routed message on topic 'robot_telemetry' from 'data_generator' to 3 subscribers
2026-07-15 10:48:47 DEBUG   [BROKER] Routed message on topic 'robot_telemetry' from 'data_generator' to 3 subscribers
2026-07-15 10:48:47 DEBUG   [BROKER] Routed message on topic 'patient_vitals' from 'data_generator' to 3 subscribers
2026-07-15 10:48:47 DEBUG   [BROKER] Routed message on topic 'robot_telemetry' from 'data_generator' to 3 subscribers
2026-07-15 10:48:48 DEBUG   [BROKER] Routed message on topic 'patient_vitals' from 'data_generator' to 3 subscribers
2026-07-15 10:48:48 DEBUG   [BROKER] Routed message on topic 'robot_telemetry' from 'data_generator' to 3 subscribers
2026-07-15 10:48:49 DEBUG   [BROKER] Routed message on topic 'robot_telemetry' from 'data_generator' to 3 subscribers
2026-07-15 10:48:49 DEBUG   [BROKER] Routed message on topic 'patient_vitals' from 'data_generator' to 3 subscribers
2026-07-15 10:48:49 DEBUG   [BROKER] Routed message on topic 'robot_telemetry' from 'data_generator' to 3 subscribers
2026-07-15 10:48:50 DEBUG   [BROKER] Routed message on topic 'robot_telemetry' from 'data_generator' to 3 subscribers
2026-07-15 10:48:50 DEBUG   [BROKER] Routed message on topic 'patient_vitals' from 'data_generator' to 3 subscribers
2026-07-15 10:48:51 DEBUG   [BROKER] Routed message on topic 'robot_telemetry' from 'data_generator' to 3 subscribers
2026-07-15 10:48:51 DEBUG   [BROKER] Routed message on topic 'patient_vitals' from 'data_generator' to 3 subscribers
2026-07-15 10:48:51 DEBUG   [BROKER] Routed message on topic 'robot_telemetry' from 'data_generator' to 3 subscribers
2026-07-15 10:48:52 DEBUG   [BROKER] Routed message on topic 'robot_telemetry' from 'data_generator' to 3 subscribers
2026-07-15 10:48:52 DEBUG   [BROKER] Routed message on topic 'patient_vitals' from 'data_generator' to 3 subscribers
2026-07-15 10:48:52 DEBUG   [BROKER] Routed message on topic 'robot_telemetry' from 'data_generator' to 3 subscribers
2026-07-15 10:48:53 DEBUG   [BROKER] Routed message on topic 'alerts' from 'data_generator' to 3 subscribers
2026-07-15 10:48:53 DEBUG   [BROKER] Routed message on topic 'robot_telemetry' from 'data_generator' to 3 subscribers
2026-07-15 10:48:53 DEBUG   [BROKER] Routed message on topic 'patient_vitals' from 'data_generator' to 3 subscribers
2026-07-15 10:48:54 DEBUG   [BROKER] Routed message on topic 'robot_telemetry' from 'data_generator' to 3 subscribers
2026-07-15 10:48:54 DEBUG   [BROKER] Routed message on topic 'patient_vitals' from 'data_generator' to 3 subscribers
2026-07-15 10:48:54 DEBUG   [BROKER] Routed message on topic 'robot_telemetry' from 'data_generator' to 3 subscribers
2026-07-15 10:48:55 DEBUG   [BROKER] Routed message on topic 'robot_telemetry' from 'data_generator' to 3 subscribers
2026-07-15 10:48:55 DEBUG   [BROKER] Routed message on topic 'patient_vitals' from 'data_generator' to 3 subscribers
2026-07-15 10:48:55 DEBUG   [BROKER] Routed message on topic 'robot_telemetry' from 'data_generator' to 3 subscribers
2026-07-15 10:48:56 DEBUG   [BROKER] Routed message on topic 'robot_telemetry' from 'data_generator' to 3 subscribers
2026-07-15 10:48:56 DEBUG   [BROKER] Routed message on topic 'patient_vitals' from 'data_generator' to 3 subscribers
2026-07-15 10:48:57 DEBUG   [BROKER] Routed message on topic 'robot_telemetry' from 'data_generator' to 3 subscribers
2026-07-15 10:48:57 DEBUG   [BROKER] Routed message on topic 'patient_vitals' from 'data_generator' to 3 subscribers
2026-07-15 10:48:57 DEBUG   [BROKER] Routed message on topic 'robot_telemetry' from 'data_generator' to 3 subscribers
2026-07-15 10:48:58 DEBUG   [BROKER] Routed message on topic 'robot_telemetry' from 'data_generator' to 3 subscribers
2026-07-15 10:48:58 DEBUG   [BROKER] Routed message on topic 'patient_vitals' from 'data_generator' to 3 subscribers
2026-07-15 10:48:58 DEBUG   [BROKER] Routed message on topic 'robot_telemetry' from 'data_generator' to 3 subscribers
2026-07-15 10:48:59 DEBUG   [BROKER] Routed message on topic 'robot_telemetry' from 'data_generator' to 3 subscribers
2026-07-15 10:48:59 DEBUG   [BROKER] Routed message on topic 'patient_vitals' from 'data_generator' to 3 subscribers
2026-07-15 10:49:00 DEBUG   [BROKER] Routed message on topic 'robot_telemetry' from 'data_generator' to 3 subscribers
2026-07-15 10:49:00 DEBUG   [BROKER] Routed message on topic 'patient_vitals' from 'data_generator' to 3 subscribers
2026-07-15 10:49:00 DEBUG   [BROKER] Routed message on topic 'robot_telemetry' from 'data_generator' to 3 subscribers
2026-07-15 10:49:01 DEBUG   [BROKER] Routed message on topic 'robot_telemetry' from 'data_generator' to 3 subscribers
2026-07-15 10:49:01 DEBUG   [BROKER] Routed message on topic 'patient_vitals' from 'data_generator' to 3 subscribers
2026-07-15 10:49:02 DEBUG   [BROKER] Routed message on topic 'robot_telemetry' from 'data_generator' to 3 subscribers
2026-07-15 10:49:02 DEBUG   [BROKER] Routed message on topic 'patient_vitals' from 'data_generator' to 3 subscribers
2026-07-15 10:49:02 DEBUG   [BROKER] Routed message on topic 'robot_telemetry' from 'data_generator' to 3 subscribers
2026-07-15 10:49:03 DEBUG   [BROKER] Routed message on topic 'robot_telemetry' from 'data_generator' to 3 subscribers
2026-07-15 10:49:03 DEBUG   [BROKER] Routed message on topic 'patient_vitals' from 'data_generator' to 3 subscribers
2026-07-15 10:49:03 DEBUG   [BROKER] Routed message on topic 'robot_telemetry' from 'data_generator' to 3 subscribers
2026-07-15 10:49:04 DEBUG   [BROKER] Routed message on topic 'robot_telemetry' from 'data_generator' to 3 subscribers
2026-07-15 10:49:04 DEBUG   [BROKER] Routed message on topic 'patient_vitals' from 'data_generator' to 3 subscribers
2026-07-15 10:49:05 DEBUG   [BROKER] Routed message on topic 'robot_telemetry' from 'data_generator' to 3 subscribers
2026-07-15 10:49:05 DEBUG   [BROKER] Routed message on topic 'patient_vitals' from 'data_generator' to 3 subscribers
2026-07-15 10:49:05 DEBUG   [BROKER] Routed message on topic 'robot_telemetry' from 'data_generator' to 3 subscribers
2026-07-15 10:49:06 DEBUG   [BROKER] Routed message on topic 'robot_telemetry' from 'data_generator' to 3 subscribers
2026-07-15 10:49:06 DEBUG   [BROKER] Routed message on topic 'patient_vitals' from 'data_generator' to 3 subscribers
2026-07-15 10:49:06 DEBUG   [BROKER] Routed message on topic 'robot_telemetry' from 'data_generator' to 3 subscribers
2026-07-15 10:49:07 DEBUG   [BROKER] Routed message on topic 'robot_telemetry' from 'data_generator' to 3 subscribers
2026-07-15 10:49:07 DEBUG   [BROKER] Routed message on topic 'patient_vitals' from 'data_generator' to 3 subscribers
2026-07-15 10:49:08 DEBUG   [BROKER] Routed message on topic 'robot_telemetry' from 'data_generator' to 3 subscribers
2026-07-15 10:49:08 DEBUG   [BROKER] Routed message on topic 'patient_vitals' from 'data_generator' to 3 subscribers
2026-07-15 10:49:08 DEBUG   [BROKER] Routed message on topic 'robot_telemetry' from 'data_generator' to 3 subscribers
2026-07-15 10:49:09 DEBUG   [BROKER] Routed message on topic 'robot_telemetry' from 'data_generator' to 3 subscribers
2026-07-15 10:49:09 DEBUG   [BROKER] Routed message on topic 'patient_vitals' from 'data_generator' to 3 subscribers
2026-07-15 10:49:09 DEBUG   [BROKER] Routed message on topic 'robot_telemetry' from 'data_generator' to 3 subscribers
2026-07-15 10:49:10 DEBUG   [BROKER] Routed message on topic 'robot_telemetry' from 'data_generator' to 3 subscribers
2026-07-15 10:49:10 DEBUG   [BROKER] Routed message on topic 'patient_vitals' from 'data_generator' to 3 subscribers
2026-07-15 10:49:11 DEBUG   [BROKER] Routed message on topic 'robot_telemetry' from 'data_generator' to 3 subscribers
2026-07-15 10:49:11 DEBUG   [BROKER] Routed message on topic 'patient_vitals' from 'data_generator' to 3 subscribers
2026-07-15 10:49:11 DEBUG   [BROKER] Routed message on topic 'robot_telemetry' from 'data_generator' to 3 subscribers
2026-07-15 10:49:12 DEBUG   [BROKER] Routed message on topic 'robot_telemetry' from 'data_generator' to 3 subscribers
2026-07-15 10:49:12 DEBUG   [BROKER] Routed message on topic 'patient_vitals' from 'data_generator' to 3 subscribers
2026-07-15 10:49:12 DEBUG   [BROKER] Routed message on topic 'robot_telemetry' from 'data_generator' to 3 subscribers
2026-07-15 10:49:13 DEBUG   [BROKER] Routed message on topic 'robot_telemetry' from 'data_generator' to 3 subscribers
2026-07-15 10:49:13 DEBUG   [BROKER] Routed message on topic 'patient_vitals' from 'data_generator' to 3 subscribers
2026-07-15 10:49:14 DEBUG   [BROKER] Routed message on topic 'robot_telemetry' from 'data_generator' to 3 subscribers
2026-07-15 10:49:14 DEBUG   [BROKER] Routed message on topic 'patient_vitals' from 'data_generator' to 3 subscribers
2026-07-15 10:49:14 DEBUG   [BROKER] Routed message on topic 'robot_telemetry' from 'data_generator' to 3 subscribers
2026-07-15 10:49:15 DEBUG   [BROKER] Routed message on topic 'robot_telemetry' from 'data_generator' to 3 subscribers
2026-07-15 10:49:15 DEBUG   [BROKER] Routed message on topic 'patient_vitals' from 'data_generator' to 3 subscribers
2026-07-15 10:49:16 DEBUG   [BROKER] Routed message on topic 'robot_telemetry' from 'data_generator' to 3 subscribers
2026-07-15 10:49:16 DEBUG   [BROKER] Routed message on topic 'robot_telemetry' from 'data_generator' to 3 subscribers
2026-07-15 10:49:16 DEBUG   [BROKER] Routed message on topic 'patient_vitals' from 'data_generator' to 3 subscribers
2026-07-15 10:49:17 DEBUG   [BROKER] Routed message on topic 'robot_telemetry' from 'data_generator' to 3 subscribers
2026-07-15 10:49:17 DEBUG   [BROKER] Routed message on topic 'patient_vitals' from 'data_generator' to 3 subscribers
2026-07-15 10:49:17 DEBUG   [BROKER] Routed message on topic 'robot_telemetry' from 'data_generator' to 3 subscribers
2026-07-15 10:49:18 DEBUG   [BROKER] Routed message on topic 'robot_telemetry' from 'data_generator' to 3 subscribers
2026-07-15 10:49:18 DEBUG   [BROKER] Routed message on topic 'patient_vitals' from 'data_generator' to 3 subscribers
2026-07-15 10:49:19 DEBUG   [BROKER] Routed message on topic 'robot_telemetry' from 'data_generator' to 3 subscribers
2026-07-15 10:49:19 DEBUG   [BROKER] Routed message on topic 'robot_telemetry' from 'data_generator' to 3 subscribers
2026-07-15 10:49:19 DEBUG   [BROKER] Routed message on topic 'patient_vitals' from 'data_generator' to 3 subscribers
2026-07-15 10:49:20 DEBUG   [BROKER] Routed message on topic 'robot_telemetry' from 'data_generator' to 3 subscribers
2026-07-15 10:49:20 DEBUG   [BROKER] Routed message on topic 'patient_vitals' from 'data_generator' to 3 subscribers
2026-07-15 10:49:20 DEBUG   [BROKER] Routed message on topic 'robot_telemetry' from 'data_generator' to 3 subscribers
2026-07-15 10:49:21 DEBUG   [BROKER] Routed message on topic 'robot_telemetry' from 'data_generator' to 3 subscribers
2026-07-15 10:49:21 DEBUG   [BROKER] Routed message on topic 'patient_vitals' from 'data_generator' to 3 subscribers
2026-07-15 10:49:22 DEBUG   [BROKER] Routed message on topic 'robot_telemetry' from 'data_generator' to 3 subscribers
2026-07-15 10:49:22 DEBUG   [BROKER] Routed message on topic 'patient_vitals' from 'data_generator' to 3 subscribers
2026-07-15 10:49:22 DEBUG   [BROKER] Routed message on topic 'robot_telemetry' from 'data_generator' to 3 subscribers
2026-07-15 10:49:23 DEBUG   [BROKER] Routed message on topic 'robot_telemetry' from 'data_generator' to 3 subscribers
2026-07-15 10:49:23 DEBUG   [BROKER] Routed message on topic 'patient_vitals' from 'data_generator' to 3 subscribers
2026-07-15 10:49:24 DEBUG   [BROKER] Routed message on topic 'robot_telemetry' from 'data_generator' to 3 subscribers
2026-07-15 10:49:24 DEBUG   [BROKER] Routed message on topic 'robot_telemetry' from 'data_generator' to 3 subscribers
2026-07-15 10:49:24 DEBUG   [BROKER] Routed message on topic 'patient_vitals' from 'data_generator' to 3 subscribers
2026-07-15 10:49:25 DEBUG   [BROKER] Routed message on topic 'robot_telemetry' from 'data_generator' to 3 subscribers
2026-07-15 10:49:25 DEBUG   [BROKER] Routed message on topic 'patient_vitals' from 'data_generator' to 3 subscribers
2026-07-15 10:49:25 DEBUG   [BROKER] Routed message on topic 'robot_telemetry' from 'data_generator' to 3 subscribers
2026-07-15 10:49:26 DEBUG   [BROKER] Routed message on topic 'robot_telemetry' from 'data_generator' to 3 subscribers
2026-07-15 10:49:26 DEBUG   [BROKER] Routed message on topic 'patient_vitals' from 'data_generator' to 3 subscribers
2026-07-15 10:49:27 DEBUG   [BROKER] Routed message on topic 'robot_telemetry' from 'data_generator' to 3 subscribers
2026-07-15 10:49:27 DEBUG   [BROKER] Routed message on topic 'robot_telemetry' from 'data_generator' to 3 subscribers
2026-07-15 10:49:27 DEBUG   [BROKER] Routed message on topic 'patient_vitals' from 'data_generator' to 3 subscribers
2026-07-15 10:49:28 DEBUG   [BROKER] Routed message on topic 'robot_telemetry' from 'data_generator' to 3 subscribers
2026-07-15 10:49:28 DEBUG   [BROKER] Routed message on topic 'patient_vitals' from 'data_generator' to 3 subscribers
2026-07-15 10:49:28 DEBUG   [BROKER] Routed message on topic 'robot_telemetry' from 'data_generator' to 3 subscribers
2026-07-15 10:49:29 DEBUG   [BROKER] Routed message on topic 'robot_telemetry' from 'data_generator' to 3 subscribers
2026-07-15 10:49:29 DEBUG   [BROKER] Routed message on topic 'patient_vitals' from 'data_generator' to 3 subscribers
2026-07-15 10:49:30 DEBUG   [BROKER] Routed message on topic 'robot_telemetry' from 'data_generator' to 3 subscribers
2026-07-15 10:49:30 DEBUG   [BROKER] Routed message on topic 'robot_telemetry' from 'data_generator' to 3 subscribers
2026-07-15 10:49:30 DEBUG   [BROKER] Routed message on topic 'patient_vitals' from 'data_generator' to 3 subscribers
2026-07-15 10:49:31 DEBUG   [BROKER] Routed message on topic 'robot_telemetry' from 'data_generator' to 3 subscribers
2026-07-15 10:49:31 DEBUG   [BROKER] Routed message on topic 'patient_vitals' from 'data_generator' to 3 subscribers
2026-07-15 10:49:31 DEBUG   [BROKER] Routed message on topic 'robot_telemetry' from 'data_generator' to 3 subscribers
2026-07-15 10:49:32 DEBUG   [BROKER] Routed message on topic 'robot_telemetry' from 'data_generator' to 3 subscribers
2026-07-15 10:49:32 DEBUG   [BROKER] Routed message on topic 'patient_vitals' from 'data_generator' to 3 subscribers
2026-07-15 10:49:33 DEBUG   [BROKER] Routed message on topic 'robot_telemetry' from 'data_generator' to 3 subscribers
2026-07-15 10:49:33 DEBUG   [BROKER] Routed message on topic 'patient_vitals' from 'data_generator' to 3 subscribers
2026-07-15 10:49:33 DEBUG   [BROKER] Routed message on topic 'robot_telemetry' from 'data_generator' to 3 subscribers
2026-07-15 10:49:34 DEBUG   [BROKER] Routed message on topic 'robot_telemetry' from 'data_generator' to 3 subscribers
2026-07-15 10:49:34 DEBUG   [BROKER] Routed message on topic 'patient_vitals' from 'data_generator' to 3 subscribers
2026-07-15 10:49:35 DEBUG   [BROKER] Routed message on topic 'robot_telemetry' from 'data_generator' to 3 subscribers
2026-07-15 10:49:35 DEBUG   [BROKER] Routed message on topic 'robot_telemetry' from 'data_generator' to 3 subscribers
2026-07-15 10:49:35 DEBUG   [BROKER] Routed message on topic 'patient_vitals' from 'data_generator' to 3 subscribers
2026-07-15 10:49:36 DEBUG   [BROKER] Routed message on topic 'robot_telemetry' from 'data_generator' to 3 subscribers
2026-07-15 10:49:36 DEBUG   [BROKER] Routed message on topic 'patient_vitals' from 'data_generator' to 3 subscribers
2026-07-15 10:49:36 DEBUG   [BROKER] Routed message on topic 'robot_telemetry' from 'data_generator' to 3 subscribers
2026-07-15 10:49:37 DEBUG   [BROKER] Routed message on topic 'robot_telemetry' from 'data_generator' to 3 subscribers
2026-07-15 10:49:37 DEBUG   [BROKER] Routed message on topic 'patient_vitals' from 'data_generator' to 3 subscribers
2026-07-15 10:49:38 DEBUG   [BROKER] Routed message on topic 'robot_telemetry' from 'data_generator' to 3 subscribers
2026-07-15 10:49:38 DEBUG   [BROKER] Routed message on topic 'robot_telemetry' from 'data_generator' to 3 subscribers
2026-07-15 10:49:38 DEBUG   [BROKER] Routed message on topic 'patient_vitals' from 'data_generator' to 3 subscribers
2026-07-15 10:49:39 DEBUG   [BROKER] Routed message on topic 'robot_telemetry' from 'data_generator' to 3 subscribers
2026-07-15 10:49:39 DEBUG   [BROKER] Routed message on topic 'patient_vitals' from 'data_generator' to 3 subscribers
2026-07-15 10:49:39 DEBUG   [BROKER] Routed message on topic 'robot_telemetry' from 'data_generator' to 3 subscribers
2026-07-15 10:49:40 DEBUG   [BROKER] Routed message on topic 'robot_telemetry' from 'data_generator' to 3 subscribers
2026-07-15 10:49:40 DEBUG   [BROKER] Routed message on topic 'patient_vitals' from 'data_generator' to 3 subscribers
2026-07-15 10:49:41 DEBUG   [BROKER] Routed message on topic 'robot_telemetry' from 'data_generator' to 3 subscribers
2026-07-15 10:49:41 DEBUG   [BROKER] Routed message on topic 'robot_telemetry' from 'data_generator' to 3 subscribers
2026-07-15 10:49:41 DEBUG   [BROKER] Routed message on topic 'patient_vitals' from 'data_generator' to 3 subscribers
2026-07-15 10:49:42 DEBUG   [BROKER] Routed message on topic 'robot_telemetry' from 'data_generator' to 3 subscribers
2026-07-15 10:49:42 DEBUG   [BROKER] Routed message on topic 'patient_vitals' from 'data_generator' to 3 subscribers
2026-07-15 10:49:42 DEBUG   [BROKER] Routed message on topic 'robot_telemetry' from 'data_generator' to 3 subscribers
2026-07-15 10:49:43 DEBUG   [BROKER] Routed message on topic 'robot_telemetry' from 'data_generator' to 3 subscribers
2026-07-15 10:49:43 DEBUG   [BROKER] Routed message on topic 'patient_vitals' from 'data_generator' to 3 subscribers
2026-07-15 10:49:44 DEBUG   [BROKER] Routed message on topic 'robot_telemetry' from 'data_generator' to 3 subscribers
2026-07-15 10:49:44 DEBUG   [BROKER] Routed message on topic 'robot_telemetry' from 'data_generator' to 3 subscribers
2026-07-15 10:49:44 DEBUG   [BROKER] Routed message on topic 'patient_vitals' from 'data_generator' to 3 subscribers
2026-07-15 10:49:45 DEBUG   [BROKER] Routed message on topic 'robot_telemetry' from 'data_generator' to 3 subscribers
2026-07-15 10:49:45 DEBUG   [BROKER] Routed message on topic 'patient_vitals' from 'data_generator' to 3 subscribers
2026-07-15 10:49:45 DEBUG   [BROKER] Routed message on topic 'robot_telemetry' from 'data_generator' to 3 subscribers
2026-07-15 10:49:46 DEBUG   [BROKER] Routed message on topic 'robot_telemetry' from 'data_generator' to 3 subscribers
2026-07-15 10:49:46 DEBUG   [BROKER] Routed message on topic 'patient_vitals' from 'data_generator' to 3 subscribers
2026-07-15 10:49:47 DEBUG   [BROKER] Routed message on topic 'robot_telemetry' from 'data_generator' to 3 subscribers
2026-07-15 10:49:47 DEBUG   [BROKER] Routed message on topic 'patient_vitals' from 'data_generator' to 3 subscribers
2026-07-15 10:49:47 DEBUG   [BROKER] Routed message on topic 'robot_telemetry' from 'data_generator' to 3 subscribers
2026-07-15 10:49:48 DEBUG   [BROKER] Routed message on topic 'robot_telemetry' from 'data_generator' to 3 subscribers
2026-07-15 10:49:48 DEBUG   [BROKER] Routed message on topic 'patient_vitals' from 'data_generator' to 3 subscribers
2026-07-15 10:49:49 DEBUG   [BROKER] Routed message on topic 'robot_telemetry' from 'data_generator' to 3 subscribers
2026-07-15 10:49:49 DEBUG   [BROKER] Routed message on topic 'robot_telemetry' from 'data_generator' to 3 subscribers
2026-07-15 10:49:49 DEBUG   [BROKER] Routed message on topic 'patient_vitals' from 'data_generator' to 3 subscribers
2026-07-15 10:49:50 DEBUG   [BROKER] Routed message on topic 'robot_telemetry' from 'data_generator' to 3 subscribers
2026-07-15 10:49:50 DEBUG   [BROKER] Routed message on topic 'patient_vitals' from 'data_generator' to 3 subscribers
2026-07-15 10:49:50 DEBUG   [BROKER] Routed message on topic 'robot_telemetry' from 'data_generator' to 3 subscribers
2026-07-15 10:49:51 DEBUG   [BROKER] Routed message on topic 'robot_telemetry' from 'data_generator' to 3 subscribers
2026-07-15 10:49:51 DEBUG   [BROKER] Routed message on topic 'patient_vitals' from 'data_generator' to 3 subscribers
2026-07-15 10:49:52 DEBUG   [BROKER] Routed message on topic 'robot_telemetry' from 'data_generator' to 3 subscribers
2026-07-15 10:49:52 DEBUG   [BROKER] Routed message on topic 'robot_telemetry' from 'data_generator' to 3 subscribers
2026-07-15 10:49:52 DEBUG   [BROKER] Routed message on topic 'patient_vitals' from 'data_generator' to 3 subscribers
2026-07-15 10:49:53 DEBUG   [BROKER] Routed message on topic 'alerts' from 'data_generator' to 3 subscribers
2026-07-15 10:49:53 DEBUG   [BROKER] Routed message on topic 'robot_telemetry' from 'data_generator' to 3 subscribers
2026-07-15 10:49:53 DEBUG   [BROKER] Routed message on topic 'patient_vitals' from 'data_generator' to 3 subscribers
2026-07-15 10:49:53 DEBUG   [BROKER] Routed message on topic 'robot_telemetry' from 'data_generator' to 3 subscribers
2026-07-15 10:49:54 DEBUG   [BROKER] Routed message on topic 'robot_telemetry' from 'data_generator' to 3 subscribers
2026-07-15 10:49:54 DEBUG   [BROKER] Routed message on topic 'patient_vitals' from 'data_generator' to 3 subscribers
2026-07-15 10:49:55 DEBUG   [BROKER] Routed message on topic 'robot_telemetry' from 'data_generator' to 3 subscribers
2026-07-15 10:49:55 DEBUG   [BROKER] Routed message on topic 'robot_telemetry' from 'data_generator' to 3 subscribers
2026-07-15 10:49:55 DEBUG   [BROKER] Routed message on topic 'patient_vitals' from 'data_generator' to 3 subscribers
2026-07-15 10:49:56 DEBUG   [BROKER] Routed message on topic 'robot_telemetry' from 'data_generator' to 3 subscribers
2026-07-15 10:49:56 DEBUG   [BROKER] Routed message on topic 'patient_vitals' from 'data_generator' to 3 subscribers
2026-07-15 10:49:56 DEBUG   [BROKER] Routed message on topic 'robot_telemetry' from 'data_generator' to 3 subscribers
2026-07-15 10:49:57 DEBUG   [BROKER] Routed message on topic 'robot_telemetry' from 'data_generator' to 3 subscribers
2026-07-15 10:49:57 DEBUG   [BROKER] Routed message on topic 'patient_vitals' from 'data_generator' to 3 subscribers
2026-07-15 10:49:58 DEBUG   [BROKER] Routed message on topic 'robot_telemetry' from 'data_generator' to 3 subscribers
2026-07-15 10:49:58 DEBUG   [BROKER] Routed message on topic 'robot_telemetry' from 'data_generator' to 3 subscribers
2026-07-15 10:49:58 DEBUG   [BROKER] Routed message on topic 'patient_vitals' from 'data_generator' to 3 subscribers
2026-07-15 10:49:59 DEBUG   [BROKER] Routed message on topic 'robot_telemetry' from 'data_generator' to 3 subscribers
2026-07-15 10:49:59 DEBUG   [BROKER] Routed message on topic 'patient_vitals' from 'data_generator' to 3 subscribers
2026-07-15 10:50:00 DEBUG   [BROKER] Routed message on topic 'robot_telemetry' from 'data_generator' to 3 subscribers
2026-07-15 10:50:00 DEBUG   [BROKER] Routed message on topic 'robot_telemetry' from 'data_generator' to 3 subscribers
2026-07-15 10:50:00 DEBUG   [BROKER] Routed message on topic 'patient_vitals' from 'data_generator' to 3 subscribers
2026-07-15 10:50:01 DEBUG   [BROKER] Routed message on topic 'robot_telemetry' from 'data_generator' to 3 subscribers
2026-07-15 10:50:01 DEBUG   [BROKER] Routed message on topic 'patient_vitals' from 'data_generator' to 3 subscribers
2026-07-15 10:50:01 DEBUG   [BROKER] Routed message on topic 'robot_telemetry' from 'data_generator' to 3 subscribers
2026-07-15 10:50:02 DEBUG   [BROKER] Routed message on topic 'robot_telemetry' from 'data_generator' to 3 subscribers
2026-07-15 10:50:02 DEBUG   [BROKER] Routed message on topic 'patient_vitals' from 'data_generator' to 3 subscribers
2026-07-15 10:50:03 DEBUG   [BROKER] Routed message on topic 'robot_telemetry' from 'data_generator' to 3 subscribers
2026-07-15 10:50:03 DEBUG   [BROKER] Routed message on topic 'robot_telemetry' from 'data_generator' to 3 subscribers
2026-07-15 10:50:03 DEBUG   [BROKER] Routed message on topic 'patient_vitals' from 'data_generator' to 3 subscribers
2026-07-15 10:50:04 DEBUG   [BROKER] Routed message on topic 'robot_telemetry' from 'data_generator' to 3 subscribers
2026-07-15 10:50:04 DEBUG   [BROKER] Routed message on topic 'patient_vitals' from 'data_generator' to 3 subscribers
2026-07-15 10:50:04 DEBUG   [BROKER] Routed message on topic 'robot_telemetry' from 'data_generator' to 3 subscribers
2026-07-15 10:50:05 DEBUG   [BROKER] Routed message on topic 'robot_telemetry' from 'data_generator' to 3 subscribers
2026-07-15 10:50:05 DEBUG   [BROKER] Routed message on topic 'patient_vitals' from 'data_generator' to 3 subscribers
2026-07-15 10:50:06 DEBUG   [BROKER] Routed message on topic 'robot_telemetry' from 'data_generator' to 3 subscribers
2026-07-15 10:50:06 DEBUG   [BROKER] Routed message on topic 'robot_telemetry' from 'data_generator' to 3 subscribers
2026-07-15 10:50:06 DEBUG   [BROKER] Routed message on topic 'patient_vitals' from 'data_generator' to 3 subscribers
2026-07-15 10:50:07 DEBUG   [BROKER] Routed message on topic 'robot_telemetry' from 'data_generator' to 3 subscribers
2026-07-15 10:50:07 DEBUG   [BROKER] Routed message on topic 'patient_vitals' from 'data_generator' to 3 subscribers
2026-07-15 10:50:07 DEBUG   [BROKER] Routed message on topic 'robot_telemetry' from 'data_generator' to 3 subscribers
2026-07-15 10:50:08 DEBUG   [BROKER] Routed message on topic 'robot_telemetry' from 'data_generator' to 3 subscribers
2026-07-15 10:50:08 DEBUG   [BROKER] Routed message on topic 'patient_vitals' from 'data_generator' to 3 subscribers
2026-07-15 10:50:09 DEBUG   [BROKER] Routed message on topic 'robot_telemetry' from 'data_generator' to 3 subscribers
2026-07-15 10:50:09 DEBUG   [BROKER] Routed message on topic 'robot_telemetry' from 'data_generator' to 3 subscribers
2026-07-15 10:50:09 DEBUG   [BROKER] Routed message on topic 'patient_vitals' from 'data_generator' to 3 subscribers
2026-07-15 10:50:10 DEBUG   [BROKER] Routed message on topic 'robot_telemetry' from 'data_generator' to 3 subscribers
2026-07-15 10:50:10 DEBUG   [BROKER] Routed message on topic 'patient_vitals' from 'data_generator' to 3 subscribers
2026-07-15 10:50:11 DEBUG   [BROKER] Routed message on topic 'robot_telemetry' from 'data_generator' to 3 subscribers
2026-07-15 10:50:11 DEBUG   [BROKER] Routed message on topic 'robot_telemetry' from 'data_generator' to 3 subscribers
2026-07-15 10:50:11 DEBUG   [BROKER] Routed message on topic 'patient_vitals' from 'data_generator' to 3 subscribers
2026-07-15 10:50:12 DEBUG   [BROKER] Routed message on topic 'robot_telemetry' from 'data_generator' to 3 subscribers
2026-07-15 10:50:12 DEBUG   [BROKER] Routed message on topic 'robot_telemetry' from 'data_generator' to 3 subscribers
2026-07-15 10:50:12 DEBUG   [BROKER] Routed message on topic 'patient_vitals' from 'data_generator' to 3 subscribers
2026-07-15 10:50:13 DEBUG   [BROKER] Routed message on topic 'robot_telemetry' from 'data_generator' to 3 subscribers
2026-07-15 10:50:13 DEBUG   [BROKER] Routed message on topic 'patient_vitals' from 'data_generator' to 3 subscribers
2026-07-15 10:50:14 DEBUG   [BROKER] Routed message on topic 'robot_telemetry' from 'data_generator' to 3 subscribers
2026-07-15 10:50:14 DEBUG   [BROKER] Routed message on topic 'robot_telemetry' from 'data_generator' to 3 subscribers
2026-07-15 10:50:14 DEBUG   [BROKER] Routed message on topic 'patient_vitals' from 'data_generator' to 3 subscribers
2026-07-15 10:50:15 DEBUG   [BROKER] Routed message on topic 'robot_telemetry' from 'data_generator' to 3 subscribers
2026-07-15 10:50:15 DEBUG   [BROKER] Routed message on topic 'patient_vitals' from 'data_generator' to 3 subscribers
2026-07-15 10:50:15 DEBUG   [BROKER] Routed message on topic 'robot_telemetry' from 'data_generator' to 3 subscribers
2026-07-15 10:50:16 DEBUG   [BROKER] Routed message on topic 'robot_telemetry' from 'data_generator' to 3 subscribers
2026-07-15 10:50:16 DEBUG   [BROKER] Routed message on topic 'patient_vitals' from 'data_generator' to 3 subscribers
2026-07-15 10:50:17 DEBUG   [BROKER] Routed message on topic 'robot_telemetry' from 'data_generator' to 3 subscribers
2026-07-15 10:50:17 DEBUG   [BROKER] Routed message on topic 'robot_telemetry' from 'data_generator' to 3 subscribers
2026-07-15 10:50:17 DEBUG   [BROKER] Routed message on topic 'patient_vitals' from 'data_generator' to 3 subscribers
2026-07-15 10:50:18 DEBUG   [BROKER] Routed message on topic 'robot_telemetry' from 'data_generator' to 3 subscribers
2026-07-15 10:50:18 DEBUG   [BROKER] Routed message on topic 'patient_vitals' from 'data_generator' to 3 subscribers
2026-07-15 10:50:19 DEBUG   [BROKER] Routed message on topic 'robot_telemetry' from 'data_generator' to 3 subscribers
2026-07-15 10:50:19 DEBUG   [BROKER] Routed message on topic 'robot_telemetry' from 'data_generator' to 3 subscribers
2026-07-15 10:50:19 DEBUG   [BROKER] Routed message on topic 'patient_vitals' from 'data_generator' to 3 subscribers
2026-07-15 10:50:20 DEBUG   [BROKER] Routed message on topic 'robot_telemetry' from 'data_generator' to 3 subscribers
2026-07-15 10:50:20 DEBUG   [BROKER] Routed message on topic 'robot_telemetry' from 'data_generator' to 3 subscribers
2026-07-15 10:50:20 DEBUG   [BROKER] Routed message on topic 'patient_vitals' from 'data_generator' to 3 subscribers
2026-07-15 10:50:21 DEBUG   [BROKER] Routed message on topic 'robot_telemetry' from 'data_generator' to 3 subscribers
2026-07-15 10:50:21 DEBUG   [BROKER] Routed message on topic 'patient_vitals' from 'data_generator' to 3 subscribers
2026-07-15 10:50:22 DEBUG   [BROKER] Routed message on topic 'robot_telemetry' from 'data_generator' to 3 subscribers
2026-07-15 10:50:22 DEBUG   [BROKER] Routed message on topic 'robot_telemetry' from 'data_generator' to 3 subscribers
2026-07-15 10:50:22 DEBUG   [BROKER] Routed message on topic 'patient_vitals' from 'data_generator' to 3 subscribers
2026-07-15 10:50:23 DEBUG   [BROKER] Routed message on topic 'robot_telemetry' from 'data_generator' to 3 subscribers
2026-07-15 10:50:23 DEBUG   [BROKER] Routed message on topic 'robot_telemetry' from 'data_generator' to 3 subscribers
2026-07-15 10:50:23 DEBUG   [BROKER] Routed message on topic 'patient_vitals' from 'data_generator' to 3 subscribers
2026-07-15 10:50:24 DEBUG   [BROKER] Routed message on topic 'robot_telemetry' from 'data_generator' to 3 subscribers
2026-07-15 10:50:24 DEBUG   [BROKER] Routed message on topic 'patient_vitals' from 'data_generator' to 3 subscribers
2026-07-15 10:50:25 DEBUG   [BROKER] Routed message on topic 'robot_telemetry' from 'data_generator' to 3 subscribers
2026-07-15 10:50:25 DEBUG   [BROKER] Routed message on topic 'robot_telemetry' from 'data_generator' to 3 subscribers
2026-07-15 10:50:25 DEBUG   [BROKER] Routed message on topic 'patient_vitals' from 'data_generator' to 3 subscribers
2026-07-15 10:50:26 DEBUG   [BROKER] Routed message on topic 'robot_telemetry' from 'data_generator' to 3 subscribers
2026-07-15 10:50:26 DEBUG   [BROKER] Routed message on topic 'robot_telemetry' from 'data_generator' to 3 subscribers
2026-07-15 10:50:26 DEBUG   [BROKER] Routed message on topic 'patient_vitals' from 'data_generator' to 3 subscribers
2026-07-15 10:50:27 DEBUG   [BROKER] Routed message on topic 'robot_telemetry' from 'data_generator' to 3 subscribers
2026-07-15 10:50:27 DEBUG   [BROKER] Routed message on topic 'patient_vitals' from 'data_generator' to 3 subscribers
2026-07-15 10:50:28 DEBUG   [BROKER] Routed message on topic 'robot_telemetry' from 'data_generator' to 3 subscribers
2026-07-15 10:50:28 DEBUG   [BROKER] Routed message on topic 'robot_telemetry' from 'data_generator' to 3 subscribers
2026-07-15 10:50:28 DEBUG   [BROKER] Routed message on topic 'patient_vitals' from 'data_generator' to 3 subscribers
2026-07-15 10:50:29 DEBUG   [BROKER] Routed message on topic 'robot_telemetry' from 'data_generator' to 3 subscribers
2026-07-15 10:50:30 DEBUG   [BROKER] Routed message on topic 'patient_vitals' from 'data_generator' to 3 subscribers
2026-07-15 10:50:30 DEBUG   [BROKER] Routed message on topic 'robot_telemetry' from 'data_generator' to 3 subscribers
2026-07-15 10:50:30 DEBUG   [BROKER] Routed message on topic 'robot_telemetry' from 'data_generator' to 3 subscribers
2026-07-15 10:50:31 DEBUG   [BROKER] Routed message on topic 'patient_vitals' from 'data_generator' to 3 subscribers
2026-07-15 10:50:31 DEBUG   [BROKER] Routed message on topic 'robot_telemetry' from 'data_generator' to 3 subscribers
2026-07-15 10:50:31 DEBUG   [BROKER] Routed message on topic 'robot_telemetry' from 'data_generator' to 3 subscribers
2026-07-15 10:50:32 DEBUG   [BROKER] Routed message on topic 'patient_vitals' from 'data_generator' to 3 subscribers
2026-07-15 10:50:32 DEBUG   [BROKER] Routed message on topic 'robot_telemetry' from 'data_generator' to 3 subscribers
2026-07-15 10:50:33 DEBUG   [BROKER] Routed message on topic 'patient_vitals' from 'data_generator' to 3 subscribers
2026-07-15 10:50:33 DEBUG   [BROKER] Routed message on topic 'robot_telemetry' from 'data_generator' to 3 subscribers
2026-07-15 10:50:33 DEBUG   [BROKER] Routed message on topic 'robot_telemetry' from 'data_generator' to 3 subscribers
2026-07-15 10:50:34 DEBUG   [BROKER] Routed message on topic 'patient_vitals' from 'data_generator' to 3 subscribers
2026-07-15 10:50:34 DEBUG   [BROKER] Routed message on topic 'robot_telemetry' from 'data_generator' to 3 subscribers
2026-07-15 10:50:34 DEBUG   [BROKER] Routed message on topic 'robot_telemetry' from 'data_generator' to 3 subscribers
2026-07-15 10:50:35 DEBUG   [BROKER] Routed message on topic 'patient_vitals' from 'data_generator' to 3 subscribers
2026-07-15 10:50:35 DEBUG   [BROKER] Routed message on topic 'robot_telemetry' from 'data_generator' to 3 subscribers
2026-07-15 10:50:36 DEBUG   [BROKER] Routed message on topic 'patient_vitals' from 'data_generator' to 3 subscribers
2026-07-15 10:50:36 DEBUG   [BROKER] Routed message on topic 'robot_telemetry' from 'data_generator' to 3 subscribers
2026-07-15 10:50:36 DEBUG   [BROKER] Routed message on topic 'robot_telemetry' from 'data_generator' to 3 subscribers
2026-07-15 10:50:37 DEBUG   [BROKER] Routed message on topic 'patient_vitals' from 'data_generator' to 3 subscribers
2026-07-15 10:50:37 DEBUG   [BROKER] Routed message on topic 'robot_telemetry' from 'data_generator' to 3 subscribers
2026-07-15 10:50:37 DEBUG   [BROKER] Routed message on topic 'robot_telemetry' from 'data_generator' to 3 subscribers
2026-07-15 10:50:38 DEBUG   [BROKER] Routed message on topic 'patient_vitals' from 'data_generator' to 3 subscribers
2026-07-15 10:50:38 DEBUG   [BROKER] Routed message on topic 'robot_telemetry' from 'data_generator' to 3 subscribers
2026-07-15 10:50:39 DEBUG   [BROKER] Routed message on topic 'patient_vitals' from 'data_generator' to 3 subscribers
2026-07-15 10:50:39 DEBUG   [BROKER] Routed message on topic 'robot_telemetry' from 'data_generator' to 3 subscribers
2026-07-15 10:50:39 DEBUG   [BROKER] Routed message on topic 'robot_telemetry' from 'data_generator' to 3 subscribers
2026-07-15 10:50:40 DEBUG   [BROKER] Routed message on topic 'patient_vitals' from 'data_generator' to 3 subscribers
2026-07-15 10:50:40 DEBUG   [BROKER] Routed message on topic 'robot_telemetry' from 'data_generator' to 3 subscribers
2026-07-15 10:50:41 DEBUG   [BROKER] Routed message on topic 'robot_telemetry' from 'data_generator' to 3 subscribers
2026-07-15 10:50:41 DEBUG   [BROKER] Routed message on topic 'patient_vitals' from 'data_generator' to 3 subscribers
2026-07-15 10:50:41 DEBUG   [BROKER] Routed message on topic 'robot_telemetry' from 'data_generator' to 3 subscribers
2026-07-15 10:50:42 DEBUG   [BROKER] Routed message on topic 'patient_vitals' from 'data_generator' to 3 subscribers
2026-07-15 10:50:42 DEBUG   [BROKER] Routed message on topic 'robot_telemetry' from 'data_generator' to 3 subscribers
2026-07-15 10:50:42 DEBUG   [BROKER] Routed message on topic 'robot_telemetry' from 'data_generator' to 3 subscribers
2026-07-15 10:50:43 DEBUG   [BROKER] Routed message on topic 'patient_vitals' from 'data_generator' to 3 subscribers
2026-07-15 10:50:43 DEBUG   [BROKER] Routed message on topic 'robot_telemetry' from 'data_generator' to 3 subscribers
2026-07-15 10:50:44 DEBUG   [BROKER] Routed message on topic 'patient_vitals' from 'data_generator' to 3 subscribers
2026-07-15 10:50:44 DEBUG   [BROKER] Routed message on topic 'robot_telemetry' from 'data_generator' to 3 subscribers
2026-07-15 10:50:44 DEBUG   [BROKER] Routed message on topic 'robot_telemetry' from 'data_generator' to 3 subscribers
2026-07-15 10:50:45 DEBUG   [BROKER] Routed message on topic 'patient_vitals' from 'data_generator' to 3 subscribers
2026-07-15 10:50:45 DEBUG   [BROKER] Routed message on topic 'robot_telemetry' from 'data_generator' to 3 subscribers
2026-07-15 10:50:45 DEBUG   [BROKER] Routed message on topic 'robot_telemetry' from 'data_generator' to 3 subscribers
2026-07-15 10:50:46 DEBUG   [BROKER] Routed message on topic 'patient_vitals' from 'data_generator' to 3 subscribers
2026-07-15 10:50:46 DEBUG   [BROKER] Routed message on topic 'robot_telemetry' from 'data_generator' to 3 subscribers
2026-07-15 10:50:47 DEBUG   [BROKER] Routed message on topic 'patient_vitals' from 'data_generator' to 3 subscribers
2026-07-15 10:50:47 DEBUG   [BROKER] Routed message on topic 'robot_telemetry' from 'data_generator' to 3 subscribers
2026-07-15 10:50:47 DEBUG   [BROKER] Routed message on topic 'robot_telemetry' from 'data_generator' to 3 subscribers
2026-07-15 10:50:48 DEBUG   [BROKER] Routed message on topic 'patient_vitals' from 'data_generator' to 3 subscribers
2026-07-15 10:50:48 DEBUG   [BROKER] Routed message on topic 'robot_telemetry' from 'data_generator' to 3 subscribers
2026-07-15 10:50:48 DEBUG   [BROKER] Routed message on topic 'robot_telemetry' from 'data_generator' to 3 subscribers
2026-07-15 10:50:49 DEBUG   [BROKER] Routed message on topic 'patient_vitals' from 'data_generator' to 3 subscribers
2026-07-15 10:50:49 DEBUG   [BROKER] Routed message on topic 'robot_telemetry' from 'data_generator' to 3 subscribers
2026-07-15 10:50:50 DEBUG   [BROKER] Routed message on topic 'patient_vitals' from 'data_generator' to 3 subscribers
2026-07-15 10:50:50 DEBUG   [BROKER] Routed message on topic 'robot_telemetry' from 'data_generator' to 3 subscribers
2026-07-15 10:50:50 DEBUG   [BROKER] Routed message on topic 'robot_telemetry' from 'data_generator' to 3 subscribers
2026-07-15 10:50:51 DEBUG   [BROKER] Routed message on topic 'patient_vitals' from 'data_generator' to 3 subscribers
2026-07-15 10:50:51 DEBUG   [BROKER] Routed message on topic 'robot_telemetry' from 'data_generator' to 3 subscribers
2026-07-15 10:50:52 DEBUG   [BROKER] Routed message on topic 'robot_telemetry' from 'data_generator' to 3 subscribers
2026-07-15 10:50:52 DEBUG   [BROKER] Routed message on topic 'patient_vitals' from 'data_generator' to 3 subscribers
2026-07-15 10:50:52 DEBUG   [BROKER] Routed message on topic 'robot_telemetry' from 'data_generator' to 3 subscribers
2026-07-15 10:50:53 DEBUG   [BROKER] Routed message on topic 'alerts' from 'data_generator' to 3 subscribers
2026-07-15 10:50:53 DEBUG   [BROKER] Routed message on topic 'patient_vitals' from 'data_generator' to 3 subscribers
2026-07-15 10:50:53 DEBUG   [BROKER] Routed message on topic 'robot_telemetry' from 'data_generator' to 3 subscribers
2026-07-15 10:50:53 DEBUG   [BROKER] Routed message on topic 'robot_telemetry' from 'data_generator' to 3 subscribers
2026-07-15 10:50:54 DEBUG   [BROKER] Routed message on topic 'patient_vitals' from 'data_generator' to 3 subscribers
2026-07-15 10:50:54 DEBUG   [BROKER] Routed message on topic 'robot_telemetry' from 'data_generator' to 3 subscribers
2026-07-15 10:50:55 DEBUG   [BROKER] Routed message on topic 'robot_telemetry' from 'data_generator' to 3 subscribers
2026-07-15 10:50:55 DEBUG   [BROKER] Routed message on topic 'patient_vitals' from 'data_generator' to 3 subscribers
2026-07-15 10:50:55 DEBUG   [BROKER] Routed message on topic 'robot_telemetry' from 'data_generator' to 3 subscribers
2026-07-15 10:50:56 DEBUG   [BROKER] Routed message on topic 'patient_vitals' from 'data_generator' to 3 subscribers
2026-07-15 10:50:56 DEBUG   [BROKER] Routed message on topic 'robot_telemetry' from 'data_generator' to 3 subscribers
2026-07-15 10:50:56 DEBUG   [BROKER] Routed message on topic 'robot_telemetry' from 'data_generator' to 3 subscribers
2026-07-15 10:50:57 DEBUG   [BROKER] Routed message on topic 'patient_vitals' from 'data_generator' to 3 subscribers
2026-07-15 10:50:57 DEBUG   [BROKER] Routed message on topic 'robot_telemetry' from 'data_generator' to 3 subscribers
2026-07-15 10:50:58 DEBUG   [BROKER] Routed message on topic 'robot_telemetry' from 'data_generator' to 3 subscribers
2026-07-15 10:50:58 DEBUG   [BROKER] Routed message on topic 'patient_vitals' from 'data_generator' to 3 subscribers
2026-07-15 10:50:58 DEBUG   [BROKER] Routed message on topic 'robot_telemetry' from 'data_generator' to 3 subscribers
2026-07-15 10:50:59 DEBUG   [BROKER] Routed message on topic 'patient_vitals' from 'data_generator' to 3 subscribers
2026-07-15 10:50:59 DEBUG   [BROKER] Routed message on topic 'robot_telemetry' from 'data_generator' to 3 subscribers
2026-07-15 10:50:59 DEBUG   [BROKER] Routed message on topic 'robot_telemetry' from 'data_generator' to 3 subscribers
2026-07-15 10:51:00 DEBUG   [BROKER] Routed message on topic 'patient_vitals' from 'data_generator' to 3 subscribers
2026-07-15 10:51:00 DEBUG   [BROKER] Routed message on topic 'robot_telemetry' from 'data_generator' to 3 subscribers
2026-07-15 10:51:01 DEBUG   [BROKER] Routed message on topic 'patient_vitals' from 'data_generator' to 3 subscribers
2026-07-15 10:51:01 DEBUG   [BROKER] Routed message on topic 'robot_telemetry' from 'data_generator' to 3 subscribers
2026-07-15 10:51:01 DEBUG   [BROKER] Routed message on topic 'robot_telemetry' from 'data_generator' to 3 subscribers
2026-07-15 10:51:02 DEBUG   [BROKER] Routed message on topic 'patient_vitals' from 'data_generator' to 3 subscribers
2026-07-15 10:51:02 DEBUG   [BROKER] Routed message on topic 'robot_telemetry' from 'data_generator' to 3 subscribers
2026-07-15 10:51:03 DEBUG   [BROKER] Routed message on topic 'robot_telemetry' from 'data_generator' to 3 subscribers
2026-07-15 10:51:03 DEBUG   [BROKER] Routed message on topic 'patient_vitals' from 'data_generator' to 3 subscribers
2026-07-15 10:51:03 DEBUG   [BROKER] Routed message on topic 'robot_telemetry' from 'data_generator' to 3 subscribers
2026-07-15 10:51:04 DEBUG   [BROKER] Routed message on topic 'patient_vitals' from 'data_generator' to 3 subscribers
2026-07-15 10:51:04 DEBUG   [BROKER] Routed message on topic 'robot_telemetry' from 'data_generator' to 3 subscribers
2026-07-15 10:51:04 DEBUG   [BROKER] Routed message on topic 'robot_telemetry' from 'data_generator' to 3 subscribers
2026-07-15 10:51:05 DEBUG   [BROKER] Routed message on topic 'patient_vitals' from 'data_generator' to 3 subscribers
2026-07-15 10:51:05 DEBUG   [BROKER] Routed message on topic 'robot_telemetry' from 'data_generator' to 3 subscribers
2026-07-15 10:51:06 DEBUG   [BROKER] Routed message on topic 'robot_telemetry' from 'data_generator' to 3 subscribers
2026-07-15 10:51:06 DEBUG   [BROKER] Routed message on topic 'patient_vitals' from 'data_generator' to 3 subscribers
2026-07-15 10:51:06 DEBUG   [BROKER] Routed message on topic 'robot_telemetry' from 'data_generator' to 3 subscribers
2026-07-15 10:51:07 DEBUG   [BROKER] Routed message on topic 'patient_vitals' from 'data_generator' to 3 subscribers
2026-07-15 10:51:07 DEBUG   [BROKER] Routed message on topic 'robot_telemetry' from 'data_generator' to 3 subscribers
2026-07-15 10:51:07 DEBUG   [BROKER] Routed message on topic 'robot_telemetry' from 'data_generator' to 3 subscribers
2026-07-15 10:51:08 DEBUG   [BROKER] Routed message on topic 'patient_vitals' from 'data_generator' to 3 subscribers
2026-07-15 10:51:08 DEBUG   [BROKER] Routed message on topic 'robot_telemetry' from 'data_generator' to 3 subscribers
2026-07-15 10:51:09 DEBUG   [BROKER] Routed message on topic 'robot_telemetry' from 'data_generator' to 3 subscribers
2026-07-15 10:51:09 DEBUG   [BROKER] Routed message on topic 'patient_vitals' from 'data_generator' to 3 subscribers
2026-07-15 10:51:09 DEBUG   [BROKER] Routed message on topic 'robot_telemetry' from 'data_generator' to 3 subscribers
2026-07-15 10:51:10 DEBUG   [BROKER] Routed message on topic 'patient_vitals' from 'data_generator' to 3 subscribers
2026-07-15 10:51:10 DEBUG   [BROKER] Routed message on topic 'robot_telemetry' from 'data_generator' to 3 subscribers
2026-07-15 10:51:10 DEBUG   [BROKER] Routed message on topic 'robot_telemetry' from 'data_generator' to 3 subscribers
2026-07-15 10:51:11 DEBUG   [BROKER] Routed message on topic 'patient_vitals' from 'data_generator' to 3 subscribers
2026-07-15 10:51:11 DEBUG   [BROKER] Routed message on topic 'robot_telemetry' from 'data_generator' to 3 subscribers
2026-07-15 10:51:12 DEBUG   [BROKER] Routed message on topic 'robot_telemetry' from 'data_generator' to 3 subscribers
2026-07-15 10:51:12 DEBUG   [BROKER] Routed message on topic 'patient_vitals' from 'data_generator' to 3 subscribers
2026-07-15 10:51:12 DEBUG   [BROKER] Routed message on topic 'robot_telemetry' from 'data_generator' to 3 subscribers
2026-07-15 10:51:13 DEBUG   [BROKER] Routed message on topic 'patient_vitals' from 'data_generator' to 3 subscribers
2026-07-15 10:51:13 DEBUG   [BROKER] Routed message on topic 'robot_telemetry' from 'data_generator' to 3 subscribers
2026-07-15 10:51:14 DEBUG   [BROKER] Routed message on topic 'robot_telemetry' from 'data_generator' to 3 subscribers
2026-07-15 10:51:14 DEBUG   [BROKER] Routed message on topic 'patient_vitals' from 'data_generator' to 3 subscribers
2026-07-15 10:51:14 DEBUG   [BROKER] Routed message on topic 'robot_telemetry' from 'data_generator' to 3 subscribers
2026-07-15 10:51:15 DEBUG   [BROKER] Routed message on topic 'robot_telemetry' from 'data_generator' to 3 subscribers
2026-07-15 10:51:15 DEBUG   [BROKER] Routed message on topic 'patient_vitals' from 'data_generator' to 3 subscribers
2026-07-15 10:51:15 DEBUG   [BROKER] Routed message on topic 'robot_telemetry' from 'data_generator' to 3 subscribers
2026-07-15 10:51:16 DEBUG   [BROKER] Routed message on topic 'patient_vitals' from 'data_generator' to 3 subscribers
2026-07-15 10:51:16 DEBUG   [BROKER] Routed message on topic 'robot_telemetry' from 'data_generator' to 3 subscribers
2026-07-15 10:51:17 DEBUG   [BROKER] Routed message on topic 'robot_telemetry' from 'data_generator' to 3 subscribers
2026-07-15 10:51:17 DEBUG   [BROKER] Routed message on topic 'patient_vitals' from 'data_generator' to 3 subscribers
2026-07-15 10:51:17 DEBUG   [BROKER] Routed message on topic 'robot_telemetry' from 'data_generator' to 3 subscribers
2026-07-15 10:51:18 DEBUG   [BROKER] Routed message on topic 'robot_telemetry' from 'data_generator' to 3 subscribers
2026-07-15 10:51:18 DEBUG   [BROKER] Routed message on topic 'patient_vitals' from 'data_generator' to 3 subscribers
2026-07-15 10:51:18 DEBUG   [BROKER] Routed message on topic 'robot_telemetry' from 'data_generator' to 3 subscribers
2026-07-15 10:51:19 DEBUG   [BROKER] Routed message on topic 'patient_vitals' from 'data_generator' to 3 subscribers
2026-07-15 10:51:19 DEBUG   [BROKER] Routed message on topic 'robot_telemetry' from 'data_generator' to 3 subscribers
2026-07-15 10:51:20 DEBUG   [BROKER] Routed message on topic 'robot_telemetry' from 'data_generator' to 3 subscribers
2026-07-15 10:51:20 DEBUG   [BROKER] Routed message on topic 'patient_vitals' from 'data_generator' to 3 subscribers
2026-07-15 10:51:20 DEBUG   [BROKER] Routed message on topic 'robot_telemetry' from 'data_generator' to 3 subscribers
2026-07-15 10:51:21 DEBUG   [BROKER] Routed message on topic 'patient_vitals' from 'data_generator' to 3 subscribers
2026-07-15 10:51:21 DEBUG   [BROKER] Routed message on topic 'robot_telemetry' from 'data_generator' to 3 subscribers
2026-07-15 10:51:21 DEBUG   [BROKER] Routed message on topic 'robot_telemetry' from 'data_generator' to 3 subscribers
2026-07-15 10:51:22 DEBUG   [BROKER] Routed message on topic 'patient_vitals' from 'data_generator' to 3 subscribers
2026-07-15 10:51:22 DEBUG   [BROKER] Routed message on topic 'robot_telemetry' from 'data_generator' to 3 subscribers
2026-07-15 10:51:23 DEBUG   [BROKER] Routed message on topic 'robot_telemetry' from 'data_generator' to 3 subscribers
2026-07-15 10:51:23 DEBUG   [BROKER] Routed message on topic 'patient_vitals' from 'data_generator' to 3 subscribers
2026-07-15 10:51:23 DEBUG   [BROKER] Routed message on topic 'robot_telemetry' from 'data_generator' to 3 subscribers
2026-07-15 10:51:24 DEBUG   [BROKER] Routed message on topic 'patient_vitals' from 'data_generator' to 3 subscribers
2026-07-15 10:51:24 DEBUG   [BROKER] Routed message on topic 'robot_telemetry' from 'data_generator' to 3 subscribers
2026-07-15 10:51:25 DEBUG   [BROKER] Routed message on topic 'robot_telemetry' from 'data_generator' to 3 subscribers
2026-07-15 10:51:25 DEBUG   [BROKER] Routed message on topic 'patient_vitals' from 'data_generator' to 3 subscribers
2026-07-15 10:51:25 DEBUG   [BROKER] Routed message on topic 'robot_telemetry' from 'data_generator' to 3 subscribers
2026-07-15 10:51:26 DEBUG   [BROKER] Routed message on topic 'robot_telemetry' from 'data_generator' to 3 subscribers
2026-07-15 10:51:26 DEBUG   [BROKER] Routed message on topic 'patient_vitals' from 'data_generator' to 3 subscribers
2026-07-15 10:51:26 DEBUG   [BROKER] Routed message on topic 'robot_telemetry' from 'data_generator' to 3 subscribers
2026-07-15 10:51:27 DEBUG   [BROKER] Routed message on topic 'patient_vitals' from 'data_generator' to 3 subscribers
2026-07-15 10:51:27 DEBUG   [BROKER] Routed message on topic 'robot_telemetry' from 'data_generator' to 3 subscribers
2026-07-15 10:51:28 DEBUG   [BROKER] Routed message on topic 'robot_telemetry' from 'data_generator' to 3 subscribers
2026-07-15 10:51:28 DEBUG   [BROKER] Routed message on topic 'patient_vitals' from 'data_generator' to 3 subscribers
2026-07-15 10:51:28 DEBUG   [BROKER] Routed message on topic 'robot_telemetry' from 'data_generator' to 3 subscribers
2026-07-15 10:51:29 DEBUG   [BROKER] Routed message on topic 'robot_telemetry' from 'data_generator' to 3 subscribers
2026-07-15 10:51:29 DEBUG   [BROKER] Routed message on topic 'patient_vitals' from 'data_generator' to 3 subscribers
2026-07-15 10:51:29 DEBUG   [BROKER] Routed message on topic 'robot_telemetry' from 'data_generator' to 3 subscribers
2026-07-15 10:51:30 DEBUG   [BROKER] Routed message on topic 'patient_vitals' from 'data_generator' to 3 subscribers
2026-07-15 10:51:30 DEBUG   [BROKER] Routed message on topic 'robot_telemetry' from 'data_generator' to 3 subscribers
2026-07-15 10:51:31 DEBUG   [BROKER] Routed message on topic 'robot_telemetry' from 'data_generator' to 3 subscribers
2026-07-15 10:51:31 DEBUG   [BROKER] Routed message on topic 'patient_vitals' from 'data_generator' to 3 subscribers
2026-07-15 10:51:31 DEBUG   [BROKER] Routed message on topic 'robot_telemetry' from 'data_generator' to 3 subscribers
2026-07-15 10:51:32 DEBUG   [BROKER] Routed message on topic 'robot_telemetry' from 'data_generator' to 3 subscribers
2026-07-15 10:51:32 DEBUG   [BROKER] Routed message on topic 'patient_vitals' from 'data_generator' to 3 subscribers
2026-07-15 10:51:32 DEBUG   [BROKER] Routed message on topic 'robot_telemetry' from 'data_generator' to 3 subscribers
2026-07-15 10:51:33 DEBUG   [BROKER] Routed message on topic 'patient_vitals' from 'data_generator' to 3 subscribers
2026-07-15 10:51:33 DEBUG   [BROKER] Routed message on topic 'robot_telemetry' from 'data_generator' to 3 subscribers
2026-07-15 10:51:34 DEBUG   [BROKER] Routed message on topic 'robot_telemetry' from 'data_generator' to 3 subscribers
2026-07-15 10:51:34 DEBUG   [BROKER] Routed message on topic 'patient_vitals' from 'data_generator' to 3 subscribers
2026-07-15 10:51:34 DEBUG   [BROKER] Routed message on topic 'robot_telemetry' from 'data_generator' to 3 subscribers
2026-07-15 10:51:35 DEBUG   [BROKER] Routed message on topic 'patient_vitals' from 'data_generator' to 3 subscribers
2026-07-15 10:51:35 DEBUG   [BROKER] Routed message on topic 'robot_telemetry' from 'data_generator' to 3 subscribers
2026-07-15 10:51:36 DEBUG   [BROKER] Routed message on topic 'robot_telemetry' from 'data_generator' to 3 subscribers
2026-07-15 10:51:36 DEBUG   [BROKER] Routed message on topic 'patient_vitals' from 'data_generator' to 3 subscribers
2026-07-15 10:51:36 DEBUG   [BROKER] Routed message on topic 'robot_telemetry' from 'data_generator' to 3 subscribers
2026-07-15 10:51:37 DEBUG   [BROKER] Routed message on topic 'robot_telemetry' from 'data_generator' to 3 subscribers
2026-07-15 10:51:37 DEBUG   [BROKER] Routed message on topic 'patient_vitals' from 'data_generator' to 3 subscribers
2026-07-15 10:51:37 DEBUG   [BROKER] Routed message on topic 'robot_telemetry' from 'data_generator' to 3 subscribers
2026-07-15 10:51:38 DEBUG   [BROKER] Routed message on topic 'patient_vitals' from 'data_generator' to 3 subscribers
2026-07-15 10:51:38 DEBUG   [BROKER] Routed message on topic 'robot_telemetry' from 'data_generator' to 3 subscribers
2026-07-15 10:51:39 DEBUG   [BROKER] Routed message on topic 'robot_telemetry' from 'data_generator' to 3 subscribers
2026-07-15 10:51:39 DEBUG   [BROKER] Routed message on topic 'patient_vitals' from 'data_generator' to 3 subscribers
2026-07-15 10:51:39 DEBUG   [BROKER] Routed message on topic 'robot_telemetry' from 'data_generator' to 3 subscribers
2026-07-15 10:51:40 DEBUG   [BROKER] Routed message on topic 'robot_telemetry' from 'data_generator' to 3 subscribers
2026-07-15 10:51:40 DEBUG   [BROKER] Routed message on topic 'patient_vitals' from 'data_generator' to 3 subscribers
2026-07-15 10:51:40 DEBUG   [BROKER] Routed message on topic 'robot_telemetry' from 'data_generator' to 3 subscribers
2026-07-15 10:51:41 DEBUG   [BROKER] Routed message on topic 'patient_vitals' from 'data_generator' to 3 subscribers
2026-07-15 10:51:41 DEBUG   [BROKER] Routed message on topic 'robot_telemetry' from 'data_generator' to 3 subscribers
2026-07-15 10:51:42 DEBUG   [BROKER] Routed message on topic 'robot_telemetry' from 'data_generator' to 3 subscribers
2026-07-15 10:51:42 DEBUG   [BROKER] Routed message on topic 'patient_vitals' from 'data_generator' to 3 subscribers
2026-07-15 10:51:42 DEBUG   [BROKER] Routed message on topic 'robot_telemetry' from 'data_generator' to 3 subscribers
2026-07-15 10:51:43 DEBUG   [BROKER] Routed message on topic 'robot_telemetry' from 'data_generator' to 3 subscribers
2026-07-15 10:51:43 DEBUG   [BROKER] Routed message on topic 'patient_vitals' from 'data_generator' to 3 subscribers
2026-07-15 10:51:44 DEBUG   [BROKER] Routed message on topic 'robot_telemetry' from 'data_generator' to 3 subscribers
2026-07-15 10:51:44 DEBUG   [BROKER] Routed message on topic 'patient_vitals' from 'data_generator' to 3 subscribers
2026-07-15 10:51:44 DEBUG   [BROKER] Routed message on topic 'robot_telemetry' from 'data_generator' to 3 subscribers
2026-07-15 10:51:45 DEBUG   [BROKER] Routed message on topic 'robot_telemetry' from 'data_generator' to 3 subscribers
2026-07-15 10:51:45 DEBUG   [BROKER] Routed message on topic 'patient_vitals' from 'data_generator' to 3 subscribers
2026-07-15 10:51:45 DEBUG   [BROKER] Routed message on topic 'robot_telemetry' from 'data_generator' to 3 subscribers
2026-07-15 10:51:46 DEBUG   [BROKER] Routed message on topic 'robot_telemetry' from 'data_generator' to 3 subscribers
2026-07-15 10:51:46 DEBUG   [BROKER] Routed message on topic 'patient_vitals' from 'data_generator' to 3 subscribers
2026-07-15 10:51:47 DEBUG   [BROKER] Routed message on topic 'robot_telemetry' from 'data_generator' to 3 subscribers
2026-07-15 10:51:47 DEBUG   [BROKER] Routed message on topic 'patient_vitals' from 'data_generator' to 3 subscribers
2026-07-15 10:51:47 DEBUG   [BROKER] Routed message on topic 'robot_telemetry' from 'data_generator' to 3 subscribers
2026-07-15 10:51:48 DEBUG   [BROKER] Routed message on topic 'robot_telemetry' from 'data_generator' to 3 subscribers
2026-07-15 10:51:48 DEBUG   [BROKER] Routed message on topic 'patient_vitals' from 'data_generator' to 3 subscribers
2026-07-15 10:51:48 DEBUG   [BROKER] Routed message on topic 'robot_telemetry' from 'data_generator' to 3 subscribers
2026-07-15 10:51:49 DEBUG   [BROKER] Routed message on topic 'robot_telemetry' from 'data_generator' to 3 subscribers
2026-07-15 10:51:49 DEBUG   [BROKER] Routed message on topic 'patient_vitals' from 'data_generator' to 3 subscribers
2026-07-15 10:51:50 DEBUG   [BROKER] Routed message on topic 'robot_telemetry' from 'data_generator' to 3 subscribers
2026-07-15 10:51:50 DEBUG   [BROKER] Routed message on topic 'patient_vitals' from 'data_generator' to 3 subscribers
2026-07-15 10:51:50 DEBUG   [BROKER] Routed message on topic 'robot_telemetry' from 'data_generator' to 3 subscribers
2026-07-15 10:51:51 DEBUG   [BROKER] Routed message on topic 'robot_telemetry' from 'data_generator' to 3 subscribers
2026-07-15 10:51:51 DEBUG   [BROKER] Routed message on topic 'patient_vitals' from 'data_generator' to 3 subscribers
2026-07-15 10:51:51 DEBUG   [BROKER] Routed message on topic 'robot_telemetry' from 'data_generator' to 3 subscribers
2026-07-15 10:51:52 DEBUG   [BROKER] Routed message on topic 'patient_vitals' from 'data_generator' to 3 subscribers
2026-07-15 10:51:52 DEBUG   [BROKER] Routed message on topic 'robot_telemetry' from 'data_generator' to 3 subscribers
2026-07-15 10:51:53 DEBUG   [BROKER] Routed message on topic 'alerts' from 'data_generator' to 3 subscribers
2026-07-15 10:51:53 DEBUG   [BROKER] Routed message on topic 'robot_telemetry' from 'data_generator' to 3 subscribers
2026-07-15 10:51:53 DEBUG   [BROKER] Routed message on topic 'patient_vitals' from 'data_generator' to 3 subscribers
2026-07-15 10:51:53 DEBUG   [BROKER] Routed message on topic 'robot_telemetry' from 'data_generator' to 3 subscribers
2026-07-15 10:51:54 DEBUG   [BROKER] Routed message on topic 'robot_telemetry' from 'data_generator' to 3 subscribers
2026-07-15 10:51:54 DEBUG   [BROKER] Routed message on topic 'patient_vitals' from 'data_generator' to 3 subscribers
2026-07-15 10:51:54 DEBUG   [BROKER] Routed message on topic 'robot_telemetry' from 'data_generator' to 3 subscribers
2026-07-15 10:51:55 DEBUG   [BROKER] Routed message on topic 'patient_vitals' from 'data_generator' to 3 subscribers
2026-07-15 10:51:55 DEBUG   [BROKER] Routed message on topic 'robot_telemetry' from 'data_generator' to 3 subscribers
2026-07-15 10:51:56 DEBUG   [BROKER] Routed message on topic 'robot_telemetry' from 'data_generator' to 3 subscribers
2026-07-15 10:51:56 DEBUG   [BROKER] Routed message on topic 'patient_vitals' from 'data_generator' to 3 subscribers
2026-07-15 10:51:56 DEBUG   [BROKER] Routed message on topic 'robot_telemetry' from 'data_generator' to 3 subscribers
2026-07-15 10:51:57 DEBUG   [BROKER] Routed message on topic 'robot_telemetry' from 'data_generator' to 3 subscribers
2026-07-15 10:51:57 DEBUG   [BROKER] Routed message on topic 'patient_vitals' from 'data_generator' to 3 subscribers
2026-07-15 10:51:58 DEBUG   [BROKER] Routed message on topic 'robot_telemetry' from 'data_generator' to 3 subscribers
2026-07-15 10:51:58 DEBUG   [BROKER] Routed message on topic 'patient_vitals' from 'data_generator' to 3 subscribers
2026-07-15 10:51:58 DEBUG   [BROKER] Routed message on topic 'robot_telemetry' from 'data_generator' to 3 subscribers
2026-07-15 10:51:59 DEBUG   [BROKER] Routed message on topic 'robot_telemetry' from 'data_generator' to 3 subscribers
2026-07-15 10:51:59 DEBUG   [BROKER] Routed message on topic 'patient_vitals' from 'data_generator' to 3 subscribers
2026-07-15 10:51:59 DEBUG   [BROKER] Routed message on topic 'robot_telemetry' from 'data_generator' to 3 subscribers
2026-07-15 10:52:00 DEBUG   [BROKER] Routed message on topic 'robot_telemetry' from 'data_generator' to 3 subscribers
2026-07-15 10:52:00 DEBUG   [BROKER] Routed message on topic 'patient_vitals' from 'data_generator' to 3 subscribers
2026-07-15 10:52:01 DEBUG   [BROKER] Routed message on topic 'robot_telemetry' from 'data_generator' to 3 subscribers
2026-07-15 10:52:01 DEBUG   [BROKER] Routed message on topic 'patient_vitals' from 'data_generator' to 3 subscribers
2026-07-15 10:52:01 DEBUG   [BROKER] Routed message on topic 'robot_telemetry' from 'data_generator' to 3 subscribers
2026-07-15 10:52:02 DEBUG   [BROKER] Routed message on topic 'robot_telemetry' from 'data_generator' to 3 subscribers
2026-07-15 10:52:02 DEBUG   [BROKER] Routed message on topic 'patient_vitals' from 'data_generator' to 3 subscribers
2026-07-15 10:52:02 DEBUG   [BROKER] Routed message on topic 'robot_telemetry' from 'data_generator' to 3 subscribers
2026-07-15 10:52:03 DEBUG   [BROKER] Routed message on topic 'robot_telemetry' from 'data_generator' to 3 subscribers
2026-07-15 10:52:03 DEBUG   [BROKER] Routed message on topic 'patient_vitals' from 'data_generator' to 3 subscribers
2026-07-15 10:52:04 DEBUG   [BROKER] Routed message on topic 'robot_telemetry' from 'data_generator' to 3 subscribers
2026-07-15 10:52:04 DEBUG   [BROKER] Routed message on topic 'patient_vitals' from 'data_generator' to 3 subscribers
2026-07-15 10:52:04 DEBUG   [BROKER] Routed message on topic 'robot_telemetry' from 'data_generator' to 3 subscribers
2026-07-15 10:52:05 DEBUG   [BROKER] Routed message on topic 'robot_telemetry' from 'data_generator' to 3 subscribers
2026-07-15 10:52:05 DEBUG   [BROKER] Routed message on topic 'patient_vitals' from 'data_generator' to 3 subscribers
2026-07-15 10:52:05 DEBUG   [BROKER] Routed message on topic 'robot_telemetry' from 'data_generator' to 3 subscribers
2026-07-15 10:52:06 DEBUG   [BROKER] Routed message on topic 'robot_telemetry' from 'data_generator' to 3 subscribers
2026-07-15 10:52:06 DEBUG   [BROKER] Routed message on topic 'patient_vitals' from 'data_generator' to 3 subscribers
2026-07-15 10:52:07 DEBUG   [BROKER] Routed message on topic 'robot_telemetry' from 'data_generator' to 3 subscribers
2026-07-15 10:52:07 DEBUG   [BROKER] Routed message on topic 'patient_vitals' from 'data_generator' to 3 subscribers
2026-07-15 10:52:07 DEBUG   [BROKER] Routed message on topic 'robot_telemetry' from 'data_generator' to 3 subscribers
2026-07-15 10:52:08 DEBUG   [BROKER] Routed message on topic 'robot_telemetry' from 'data_generator' to 3 subscribers
2026-07-15 10:52:08 DEBUG   [BROKER] Routed message on topic 'patient_vitals' from 'data_generator' to 3 subscribers
2026-07-15 10:52:09 DEBUG   [BROKER] Routed message on topic 'robot_telemetry' from 'data_generator' to 3 subscribers
2026-07-15 10:52:09 DEBUG   [BROKER] Routed message on topic 'patient_vitals' from 'data_generator' to 3 subscribers
2026-07-15 10:52:09 DEBUG   [BROKER] Routed message on topic 'robot_telemetry' from 'data_generator' to 3 subscribers
2026-07-15 10:52:10 DEBUG   [BROKER] Routed message on topic 'robot_telemetry' from 'data_generator' to 3 subscribers
2026-07-15 10:52:10 DEBUG   [BROKER] Routed message on topic 'patient_vitals' from 'data_generator' to 3 subscribers
2026-07-15 10:52:10 DEBUG   [BROKER] Routed message on topic 'robot_telemetry' from 'data_generator' to 3 subscribers
2026-07-15 10:52:11 DEBUG   [BROKER] Routed message on topic 'robot_telemetry' from 'data_generator' to 3 subscribers
2026-07-15 10:52:11 DEBUG   [BROKER] Routed message on topic 'patient_vitals' from 'data_generator' to 3 subscribers
2026-07-15 10:52:12 DEBUG   [BROKER] Routed message on topic 'robot_telemetry' from 'data_generator' to 3 subscribers
2026-07-15 10:52:12 DEBUG   [BROKER] Routed message on topic 'patient_vitals' from 'data_generator' to 3 subscribers
2026-07-15 10:52:12 DEBUG   [BROKER] Routed message on topic 'robot_telemetry' from 'data_generator' to 3 subscribers
2026-07-15 10:52:13 DEBUG   [BROKER] Routed message on topic 'robot_telemetry' from 'data_generator' to 3 subscribers
2026-07-15 10:52:13 DEBUG   [BROKER] Routed message on topic 'patient_vitals' from 'data_generator' to 3 subscribers
2026-07-15 10:52:13 DEBUG   [BROKER] Routed message on topic 'robot_telemetry' from 'data_generator' to 3 subscribers
2026-07-15 10:52:14 DEBUG   [BROKER] Routed message on topic 'robot_telemetry' from 'data_generator' to 3 subscribers
2026-07-15 10:52:14 DEBUG   [BROKER] Routed message on topic 'patient_vitals' from 'data_generator' to 3 subscribers
2026-07-15 10:52:15 DEBUG   [BROKER] Routed message on topic 'robot_telemetry' from 'data_generator' to 3 subscribers
2026-07-15 10:52:15 DEBUG   [BROKER] Routed message on topic 'patient_vitals' from 'data_generator' to 3 subscribers
2026-07-15 10:52:15 DEBUG   [BROKER] Routed message on topic 'robot_telemetry' from 'data_generator' to 3 subscribers
2026-07-15 10:52:16 DEBUG   [BROKER] Routed message on topic 'robot_telemetry' from 'data_generator' to 3 subscribers
2026-07-15 10:52:16 DEBUG   [BROKER] Routed message on topic 'patient_vitals' from 'data_generator' to 3 subscribers
2026-07-15 10:52:16 DEBUG   [BROKER] Routed message on topic 'robot_telemetry' from 'data_generator' to 3 subscribers
2026-07-15 10:52:17 DEBUG   [BROKER] Routed message on topic 'robot_telemetry' from 'data_generator' to 3 subscribers
2026-07-15 10:52:17 DEBUG   [BROKER] Routed message on topic 'patient_vitals' from 'data_generator' to 3 subscribers
2026-07-15 10:52:18 DEBUG   [BROKER] Routed message on topic 'robot_telemetry' from 'data_generator' to 3 subscribers
2026-07-15 10:52:18 DEBUG   [BROKER] Routed message on topic 'patient_vitals' from 'data_generator' to 3 subscribers
2026-07-15 10:52:18 DEBUG   [BROKER] Routed message on topic 'robot_telemetry' from 'data_generator' to 3 subscribers
2026-07-15 10:52:19 DEBUG   [BROKER] Routed message on topic 'robot_telemetry' from 'data_generator' to 3 subscribers
2026-07-15 10:52:19 DEBUG   [BROKER] Routed message on topic 'patient_vitals' from 'data_generator' to 3 subscribers
2026-07-15 10:52:20 DEBUG   [BROKER] Routed message on topic 'robot_telemetry' from 'data_generator' to 3 subscribers
2026-07-15 10:52:20 DEBUG   [BROKER] Routed message on topic 'robot_telemetry' from 'data_generator' to 3 subscribers
2026-07-15 10:52:20 DEBUG   [BROKER] Routed message on topic 'patient_vitals' from 'data_generator' to 3 subscribers
2026-07-15 10:52:21 DEBUG   [BROKER] Routed message on topic 'robot_telemetry' from 'data_generator' to 3 subscribers
2026-07-15 10:52:21 DEBUG   [BROKER] Routed message on topic 'patient_vitals' from 'data_generator' to 3 subscribers
2026-07-15 10:52:21 DEBUG   [BROKER] Routed message on topic 'robot_telemetry' from 'data_generator' to 3 subscribers
2026-07-15 10:52:22 DEBUG   [BROKER] Routed message on topic 'robot_telemetry' from 'data_generator' to 3 subscribers
2026-07-15 10:52:22 DEBUG   [BROKER] Routed message on topic 'patient_vitals' from 'data_generator' to 3 subscribers
2026-07-15 10:52:23 DEBUG   [BROKER] Routed message on topic 'robot_telemetry' from 'data_generator' to 3 subscribers
2026-07-15 10:52:23 DEBUG   [BROKER] Routed message on topic 'robot_telemetry' from 'data_generator' to 3 subscribers
2026-07-15 10:52:23 DEBUG   [BROKER] Routed message on topic 'patient_vitals' from 'data_generator' to 3 subscribers
2026-07-15 10:52:24 DEBUG   [BROKER] Routed message on topic 'robot_telemetry' from 'data_generator' to 3 subscribers
2026-07-15 10:52:24 DEBUG   [BROKER] Routed message on topic 'patient_vitals' from 'data_generator' to 3 subscribers
2026-07-15 10:52:24 DEBUG   [BROKER] Routed message on topic 'robot_telemetry' from 'data_generator' to 3 subscribers
2026-07-15 10:52:25 DEBUG   [BROKER] Routed message on topic 'robot_telemetry' from 'data_generator' to 3 subscribers
2026-07-15 10:52:25 DEBUG   [BROKER] Routed message on topic 'patient_vitals' from 'data_generator' to 3 subscribers
2026-07-15 10:52:26 DEBUG   [BROKER] Routed message on topic 'robot_telemetry' from 'data_generator' to 3 subscribers
2026-07-15 10:52:26 DEBUG   [BROKER] Routed message on topic 'patient_vitals' from 'data_generator' to 3 subscribers
2026-07-15 10:52:26 DEBUG   [BROKER] Routed message on topic 'robot_telemetry' from 'data_generator' to 3 subscribers
2026-07-15 10:52:27 DEBUG   [BROKER] Routed message on topic 'robot_telemetry' from 'data_generator' to 3 subscribers
2026-07-15 10:52:27 DEBUG   [BROKER] Routed message on topic 'patient_vitals' from 'data_generator' to 3 subscribers
2026-07-15 10:52:27 DEBUG   [BROKER] Routed message on topic 'robot_telemetry' from 'data_generator' to 3 subscribers
2026-07-15 10:52:28 DEBUG   [BROKER] Routed message on topic 'robot_telemetry' from 'data_generator' to 3 subscribers
2026-07-15 10:52:28 DEBUG   [BROKER] Routed message on topic 'patient_vitals' from 'data_generator' to 3 subscribers
2026-07-15 10:52:29 DEBUG   [BROKER] Routed message on topic 'robot_telemetry' from 'data_generator' to 3 subscribers
2026-07-15 10:52:29 DEBUG   [BROKER] Routed message on topic 'patient_vitals' from 'data_generator' to 3 subscribers
2026-07-15 10:52:29 DEBUG   [BROKER] Routed message on topic 'robot_telemetry' from 'data_generator' to 3 subscribers
2026-07-15 10:52:30 DEBUG   [BROKER] Routed message on topic 'robot_telemetry' from 'data_generator' to 3 subscribers
2026-07-15 10:52:30 DEBUG   [BROKER] Routed message on topic 'patient_vitals' from 'data_generator' to 3 subscribers
2026-07-15 10:52:30 DEBUG   [BROKER] Routed message on topic 'robot_telemetry' from 'data_generator' to 3 subscribers
2026-07-15 10:52:31 DEBUG   [BROKER] Routed message on topic 'robot_telemetry' from 'data_generator' to 3 subscribers
2026-07-15 10:52:31 DEBUG   [BROKER] Routed message on topic 'patient_vitals' from 'data_generator' to 3 subscribers
2026-07-15 10:52:32 DEBUG   [BROKER] Routed message on topic 'robot_telemetry' from 'data_generator' to 3 subscribers
2026-07-15 10:52:32 DEBUG   [BROKER] Routed message on topic 'patient_vitals' from 'data_generator' to 3 subscribers
2026-07-15 10:52:32 DEBUG   [BROKER] Routed message on topic 'robot_telemetry' from 'data_generator' to 3 subscribers
2026-07-15 10:52:33 DEBUG   [BROKER] Routed message on topic 'robot_telemetry' from 'data_generator' to 3 subscribers
2026-07-15 10:52:33 DEBUG   [BROKER] Routed message on topic 'patient_vitals' from 'data_generator' to 3 subscribers
2026-07-15 10:52:34 DEBUG   [BROKER] Routed message on topic 'robot_telemetry' from 'data_generator' to 3 subscribers
2026-07-15 10:52:34 DEBUG   [BROKER] Routed message on topic 'robot_telemetry' from 'data_generator' to 3 subscribers
2026-07-15 10:52:34 DEBUG   [BROKER] Routed message on topic 'patient_vitals' from 'data_generator' to 3 subscribers
2026-07-15 10:52:35 DEBUG   [BROKER] Routed message on topic 'robot_telemetry' from 'data_generator' to 3 subscribers
2026-07-15 10:52:35 DEBUG   [BROKER] Routed message on topic 'patient_vitals' from 'data_generator' to 3 subscribers
2026-07-15 10:52:35 DEBUG   [BROKER] Routed message on topic 'robot_telemetry' from 'data_generator' to 3 subscribers
2026-07-15 10:52:36 DEBUG   [BROKER] Routed message on topic 'robot_telemetry' from 'data_generator' to 3 subscribers
2026-07-15 10:52:36 DEBUG   [BROKER] Routed message on topic 'patient_vitals' from 'data_generator' to 3 subscribers
2026-07-15 10:52:37 DEBUG   [BROKER] Routed message on topic 'robot_telemetry' from 'data_generator' to 3 subscribers
2026-07-15 10:52:37 DEBUG   [BROKER] Routed message on topic 'patient_vitals' from 'data_generator' to 3 subscribers
2026-07-15 10:52:37 DEBUG   [BROKER] Routed message on topic 'robot_telemetry' from 'data_generator' to 3 subscribers
2026-07-15 10:52:38 DEBUG   [BROKER] Routed message on topic 'robot_telemetry' from 'data_generator' to 3 subscribers
2026-07-15 10:52:38 DEBUG   [BROKER] Routed message on topic 'patient_vitals' from 'data_generator' to 3 subscribers
2026-07-15 10:52:38 DEBUG   [BROKER] Routed message on topic 'robot_telemetry' from 'data_generator' to 3 subscribers
2026-07-15 10:52:39 DEBUG   [BROKER] Routed message on topic 'robot_telemetry' from 'data_generator' to 3 subscribers
2026-07-15 10:52:39 DEBUG   [BROKER] Routed message on topic 'patient_vitals' from 'data_generator' to 3 subscribers
2026-07-15 10:52:40 DEBUG   [BROKER] Routed message on topic 'robot_telemetry' from 'data_generator' to 3 subscribers
2026-07-15 10:52:40 DEBUG   [BROKER] Routed message on topic 'patient_vitals' from 'data_generator' to 3 subscribers
2026-07-15 10:52:40 DEBUG   [BROKER] Routed message on topic 'robot_telemetry' from 'data_generator' to 3 subscribers
2026-07-15 10:52:41 DEBUG   [BROKER] Routed message on topic 'robot_telemetry' from 'data_generator' to 3 subscribers
2026-07-15 10:52:41 DEBUG   [BROKER] Routed message on topic 'patient_vitals' from 'data_generator' to 3 subscribers
2026-07-15 10:52:41 DEBUG   [BROKER] Routed message on topic 'robot_telemetry' from 'data_generator' to 3 subscribers
2026-07-15 10:52:42 DEBUG   [BROKER] Routed message on topic 'robot_telemetry' from 'data_generator' to 3 subscribers
2026-07-15 10:52:42 DEBUG   [BROKER] Routed message on topic 'patient_vitals' from 'data_generator' to 3 subscribers
2026-07-15 10:52:43 DEBUG   [BROKER] Routed message on topic 'robot_telemetry' from 'data_generator' to 3 subscribers
2026-07-15 10:52:43 DEBUG   [BROKER] Routed message on topic 'patient_vitals' from 'data_generator' to 3 subscribers
2026-07-15 10:52:43 DEBUG   [BROKER] Routed message on topic 'robot_telemetry' from 'data_generator' to 3 subscribers
2026-07-15 10:52:44 INFO    [BROKER] Client disconnected: observer_screen (user=admin)
2026-07-15 10:52:44 DEBUG   [BROKER] Routed message on topic 'robot_telemetry' from 'data_generator' to 2 subscribers
2026-07-15 10:52:44 DEBUG   [BROKER] Routed message on topic 'patient_vitals' from 'data_generator' to 2 subscribers
2026-07-15 10:52:45 DEBUG   [BROKER] Routed message on topic 'robot_telemetry' from 'data_generator' to 2 subscribers
2026-07-15 10:52:45 DEBUG   [BROKER] Routed message on topic 'robot_telemetry' from 'data_generator' to 2 subscribers
2026-07-15 10:52:45 DEBUG   [BROKER] Routed message on topic 'patient_vitals' from 'data_generator' to 2 subscribers
2026-07-15 10:52:45 INFO    [BROKER] Client disconnected: robot_console (user=admin)
2026-07-15 10:52:46 DEBUG   [BROKER] Routed message on topic 'robot_telemetry' from 'data_generator' to 1 subscribers
2026-07-15 10:52:46 DEBUG   [BROKER] Routed message on topic 'patient_vitals' from 'data_generator' to 1 subscribers
2026-07-15 10:52:46 DEBUG   [BROKER] Routed message on topic 'robot_telemetry' from 'data_generator' to 1 subscribers
2026-07-15 10:52:46 INFO    [BROKER] Client disconnected: surgeon_console (user=admin)
2026-07-15 10:52:47 DEBUG   [BROKER] Routed message on topic 'robot_telemetry' from 'data_generator' to 0 subscribers
2026-07-15 10:52:47 DEBUG   [BROKER] Routed message on topic 'patient_vitals' from 'data_generator' to 0 subscribers
2026-07-15 10:52:48 DEBUG   [BROKER] Routed message on topic 'robot_telemetry' from 'data_generator' to 0 subscribers
2026-07-15 10:52:48 DEBUG   [BROKER] Routed message on topic 'robot_telemetry' from 'data_generator' to 0 subscribers
2026-07-15 10:52:48 DEBUG   [BROKER] Routed message on topic 'patient_vitals' from 'data_generator' to 0 subscribers
2026-07-15 10:52:49 DEBUG   [BROKER] Routed message on topic 'robot_telemetry' from 'data_generator' to 0 subscribers
2026-07-15 10:52:49 DEBUG   [BROKER] Routed message on topic 'patient_vitals' from 'data_generator' to 0 subscribers
2026-07-15 10:52:49 DEBUG   [BROKER] Routed message on topic 'robot_telemetry' from 'data_generator' to 0 subscribers
2026-07-15 10:52:50 DEBUG   [BROKER] Routed message on topic 'robot_telemetry' from 'data_generator' to 0 subscribers
2026-07-15 10:52:50 DEBUG   [BROKER] Routed message on topic 'patient_vitals' from 'data_generator' to 0 subscribers
2026-07-15 10:52:51 DEBUG   [BROKER] Routed message on topic 'robot_telemetry' from 'data_generator' to 0 subscribers
2026-07-15 10:52:51 DEBUG   [BROKER] Routed message on topic 'patient_vitals' from 'data_generator' to 0 subscribers
2026-07-15 10:52:51 DEBUG   [BROKER] Routed message on topic 'robot_telemetry' from 'data_generator' to 0 subscribers
2026-07-15 10:52:52 DEBUG   [BROKER] Routed message on topic 'robot_telemetry' from 'data_generator' to 0 subscribers
2026-07-15 10:52:52 DEBUG   [BROKER] Routed message on topic 'patient_vitals' from 'data_generator' to 0 subscribers
2026-07-15 10:52:52 DEBUG   [BROKER] Routed message on topic 'robot_telemetry' from 'data_generator' to 0 subscribers
2026-07-15 10:52:53 DEBUG   [BROKER] Routed message on topic 'alerts' from 'data_generator' to 0 subscribers
2026-07-15 10:52:53 DEBUG   [BROKER] Routed message on topic 'robot_telemetry' from 'data_generator' to 0 subscribers
2026-07-15 10:52:53 DEBUG   [BROKER] Routed message on topic 'patient_vitals' from 'data_generator' to 0 subscribers
2026-07-15 10:52:54 DEBUG   [BROKER] Routed message on topic 'robot_telemetry' from 'data_generator' to 0 subscribers
2026-07-15 10:52:54 DEBUG   [BROKER] Routed message on topic 'patient_vitals' from 'data_generator' to 0 subscribers
2026-07-15 10:52:54 DEBUG   [BROKER] Routed message on topic 'robot_telemetry' from 'data_generator' to 0 subscribers
2026-07-15 10:52:55 DEBUG   [BROKER] Routed message on topic 'robot_telemetry' from 'data_generator' to 0 subscribers
2026-07-15 10:52:55 DEBUG   [BROKER] Routed message on topic 'patient_vitals' from 'data_generator' to 0 subscribers
2026-07-15 10:52:56 DEBUG   [BROKER] Routed message on topic 'robot_telemetry' from 'data_generator' to 0 subscribers
2026-07-15 10:52:56 DEBUG   [BROKER] Routed message on topic 'robot_telemetry' from 'data_generator' to 0 subscribers
2026-07-15 10:52:56 DEBUG   [BROKER] Routed message on topic 'patient_vitals' from 'data_generator' to 0 subscribers
2026-07-15 10:52:57 DEBUG   [BROKER] Routed message on topic 'robot_telemetry' from 'data_generator' to 0 subscribers
2026-07-15 10:52:57 DEBUG   [BROKER] Routed message on topic 'patient_vitals' from 'data_generator' to 0 subscribers
2026-07-15 10:52:57 DEBUG   [BROKER] Routed message on topic 'robot_telemetry' from 'data_generator' to 0 subscribers
2026-07-15 10:52:58 DEBUG   [BROKER] Routed message on topic 'robot_telemetry' from 'data_generator' to 0 subscribers
2026-07-15 10:52:58 DEBUG   [BROKER] Routed message on topic 'patient_vitals' from 'data_generator' to 0 subscribers
2026-07-15 10:52:59 DEBUG   [BROKER] Routed message on topic 'robot_telemetry' from 'data_generator' to 0 subscribers
2026-07-15 10:52:59 DEBUG   [BROKER] Routed message on topic 'robot_telemetry' from 'data_generator' to 0 subscribers
2026-07-15 10:52:59 DEBUG   [BROKER] Routed message on topic 'patient_vitals' from 'data_generator' to 0 subscribers
2026-07-15 10:53:00 DEBUG   [BROKER] Routed message on topic 'robot_telemetry' from 'data_generator' to 0 subscribers
2026-07-15 10:53:00 DEBUG   [BROKER] Routed message on topic 'patient_vitals' from 'data_generator' to 0 subscribers
2026-07-15 10:53:00 DEBUG   [BROKER] Routed message on topic 'robot_telemetry' from 'data_generator' to 0 subscribers
2026-07-15 10:53:01 DEBUG   [BROKER] Routed message on topic 'robot_telemetry' from 'data_generator' to 0 subscribers
2026-07-15 10:53:01 DEBUG   [BROKER] Routed message on topic 'patient_vitals' from 'data_generator' to 0 subscribers
2026-07-15 10:53:02 DEBUG   [BROKER] Routed message on topic 'robot_telemetry' from 'data_generator' to 0 subscribers
2026-07-15 10:53:02 DEBUG   [BROKER] Routed message on topic 'robot_telemetry' from 'data_generator' to 0 subscribers
2026-07-15 10:53:02 INFO    [BROKER] Client disconnected: data_generator (user=aether_datagen)
